663200,1972-12-07 14:40:22,-0.5401802062988281,16.880271911621094,-43.64640426635742,-10.571891784667969,-6.967926025390625,-29.351667404174805,-10.986763000488281,-14.898338317871094,-11.780485153198242,-30.84764862060547,30.26538848876953,-53.758365631103516,-1.3311309814453125,-3.6043853759765625,-40.09553527832031,12.039558410644531,-11.609909057617188,-15.289651870727539,11.924736022949219,-10.129364013671875,-3.433704376220703,-35.12273406982422,21.920921325683594,-50.64016342163086,26.89502716064453,-15.976470947265625,-32.61216735839844,18.865234375,-11.34857177734375,15.036334991455078,5.541511535644531,-3.3783798217773438,16.379405975341797,-36.533851623535156,12.456703186035156,-44.26139831542969,25.888534545898438,-12.495376586914062,-30.468870162963867,20.677154541015625,-8.246818542480469,13.378515243530273,7.437408447265625,-2.46746826171875,15.666706085205078,-38.67407989501953,6.1694488525390625,-37.705101013183594,18.81273651123047,-5.088020324707031,-26.817405700683594,16.990707397460938,-1.1129989624023438,6.806812286376953,9.451499938964844,0.42629241943359375,13.101238250732422
663206,1972-12-07 14:41:30,2.385143280029297,20.066757202148438,-42.21232223510742,-3.9920082092285156,-1.7864227294921875,-31.66559410095215,-4.758937835693359,-7.6428985595703125,-20.009687423706055,-26.470783233642578,33.14808654785156,-54.3878173828125,5.4842376708984375,1.9589385986328125,-39.85601043701172,15.927131652832031,-7.607147216796875,-14.211686134338379,13.744834899902344,-7.8478851318359375,-2.4665451049804688,-29.823822021484375,23.94873046875,-53.06182861328125,33.80006790161133,-7.456390380859375,-29.053422927856445,17.5926570892334,-10.673599243164062,16.951433181762695,3.0683631896972656,-4.7682037353515625,16.681007385253906,-30.714317321777344,13.574325561523438,-48.18019485473633,31.811809539794922,-4.4181976318359375,-26.8922119140625,19.321788787841797,-7.1947021484375,15.793804168701172,5.065347671508789,-3.60430908203125,16.376819610595703,-32.8389778137207,6.192863464355469,-42.87972640991211,23.760356903076172,1.3542861938476562,-23.077943801879883,15.367095947265625,0.105499267578125,10.004838943481445,6.643486022949219,-0.27588653564453125,14.728984832763672
663218,1972-12-07 14:43:16,0.8490056991577148,20.64886474609375,-41.98984909057617,-0.8083782196044922,4.303619384765625,-31.66484832763672,-0.5610189437866211,2.9083099365234375,-21.74111557006836,-29.083702087402344,28.03692626953125,-55.90708541870117,23.360185623168945,-1.540374755859375,-32.777198791503906,20.130659103393555,-9.064590454101562,5.109220504760742,9.18840217590332,-6.2701416015625,11.52614688873291,-30.62224578857422,18.338088989257812,-54.81379318237305,36.467166900634766,-0.2528533935546875,-26.68755531311035,17.373249053955078,-7.32220458984375,18.850305557250977,1.8403739929199219,-4.2012481689453125,17.010852813720703,-29.740062713623047,7.9234466552734375,-50.01710510253906,33.23036575317383,2.45001220703125,-25.38588523864746,18.771337509155273,-3.5156707763671875,17.601600646972656,3.6337924003601074,-2.7523345947265625,16.91358184814453,-30.68450164794922,0.1922607421875,-44.875892639160156,24.56047821044922,6.410064697265625,-21.32309341430664,13.878198623657227,2.7480621337890625,11.666162490844727,4.710324287414551,0.5092086791992188,15.4501953125
663223,1972-12-07 14:43:59,1.1512088775634766,20.113189697265625,-42.24189758300781,-1.8968334197998047,4.7645263671875,-31.552154541015625,-1.2638530731201172,3.4054718017578125,-21.639190673828125,-28.200145721435547,31.821640014648438,-54.31085205078125,23.197463989257812,-6.0070037841796875,-32.376060485839844,18.065349578857422,-11.866348266601562,6.807895660400391,7.262660980224609,-6.9552001953125,12.468852043151855,-30.947721481323242,22.409317016601562,-53.09068298339844,34.596370697021484,-5.0277252197265625,-28.634891510009766,17.1214542388916,-9.620193481445312,18.030147552490234,2.04302978515625,-4.4214935302734375,16.931718826293945,-31.18685531616211,11.954818725585938,-48.3055419921875,31.527050018310547,-1.80755615234375,-27.522367477416992,19.108287811279297,-6.03363037109375,16.522958755493164,4.066762924194336,-3.24859619140625,16.72593879699707,-32.85829544067383,4.4013214111328125,-43.08575439453125,23.820650100708008,3.1639862060546875,-22.837383270263672,14.636682510375977,0.7896728515625,11.018145561218262,5.289158821105957,-0.23480224609375,15.268421173095703
663229,1972-12-07 14:45:09,1.01007080078125,14.985214233398438,-44.324562072753906,-1.067708969116211,3.15301513671875,-31.79238510131836,-0.6598701477050781,2.466522216796875,-21.792888641357422,-28.440473556518555,24.051910400390625,-58.05323791503906,24.297748565673828,-9.1031494140625,-30.808565139770508,18.176939010620117,-10.235549926757812,8.851381301879883,7.008147239685059,-5.029327392578125,13.497597694396973,-30.858915328979492,14.75128173828125,-55.75559616088867,35.23674392700195,-7.043121337890625,-27.40273666381836,17.132699966430664,-6.75091552734375,19.278858184814453,1.8888282775878906,-2.299163818359375,17.365276336669922,-30.792308807373047,4.93572998046875,-49.763797760009766,32.039546966552734,-3.834747314453125,-26.71076774597168,18.722728729248047,-3.26641845703125,17.70111083984375,3.47342586517334,-1.0325164794921875,17.13821029663086,-32.27116394042969,-2.0052947998046875,-43.703224182128906,24.181568145751953,1.3902740478515625,-22.63402557373047,14.161051750183105,2.5927276611328125,11.35772705078125,4.611844062805176,1.6896209716796875,15.39581298828125
663235,1972-12-07 14:46:01,0.48427772521972656,11.604248046875,-45.335975646972656,-0.4516944885253906,3.1678314208984375,-31.80562973022461,-0.2505226135253906,2.541107177734375,-21.792865753173828,-29.765806198120117,12.9185791015625,-60.86575698852539,25.284116744995117,-11.727264404296875,-29.079208374023438,18.763574600219727,-7.351043701171875,10.363636016845703,7.158758163452148,-2.373870849609375,14.131889343261719,-31.482784271240234,3.9039306640625,-57.20273971557617,35.821983337402344,-8.297103881835938,-26.269512176513672,17.50092887878418,-2.5021820068359375,19.955825805664062,1.960693359375,0.4420166015625,17.503341674804688,-30.71004295349121,-4.8796539306640625,-49.82012939453125,32.68924331665039,-5.264274597167969,-25.659374237060547,18.430950164794922,0.90496826171875,18.276226043701172,3.067647933959961,1.8194198608398438,17.150169372558594,-31.698562622070312,-10.937454223632812,-42.79011535644531,24.20466423034668,-0.11100006103515625,-22.651758193969727,13.687003135681152,5.313789367675781,10.985681533813477,4.087662696838379,4.24566650390625,15.047268867492676
663241,1972-12-07 14:46:54,0.28568458557128906,10.850540161132812,-45.52392578125,-0.5919418334960938,3.0190582275390625,-31.817792892456055,-0.37394142150878906,2.255462646484375,-21.82251739501953,-30.31037712097168,9.510345458984375,-61.22391128540039,26.307973861694336,-14.31634521484375,-26.932296752929688,17.89655113220215,-6.452850341796875,12.312128067016602,6.171464920043945,-1.099365234375,14.741026878356934,-32.103981018066406,0.7670440673828125,-56.985137939453125,35.285335540771484,-10.414443969726562,-26.241731643676758,17.83140754699707,-1.5561981201171875,19.758480072021484,2.2852325439453125,1.470428466796875,17.407533645629883,-31.361068725585938,-7.5484466552734375,-49.07613754272461,32.002464294433594,-7.355766296386719,-26.0084171295166,18.83254623413086,1.72589111328125,17.80156898498535,3.3770952224731445,2.8263397216796875,16.95452880859375,-32.34693145751953,-13.140975952148438,-41.6702766418457,23.82670783996582,-1.9199371337890625,-22.96915626525879,13.875287055969238,5.812278747558594,10.485673904418945,4.24685525894165,5.123954772949219,14.726313591003418
663246,1972-12-07 14:47:46,0.2974662780761719,9.272384643554688,-45.87132263183594,-0.6246738433837891,1.7979583740234375,-31.90947151184082,-0.47725677490234375,0.96502685546875,-21.91551971435547,-29.719858169555664,8.007583618164062,-61.726348876953125,26.707561492919922,-15.34832763671875,-25.952848434448242,17.547119140625,-6.1237945556640625,12.96580696105957,5.812173843383789,-0.6274261474609375,14.91369915008545,-31.617704391479492,-0.5985107421875,-57.25838088989258,35.30211639404297,-11.414031982421875,-25.799701690673828,17.79380989074707,-1.1985931396484375,19.817218780517578,2.2709426879882812,1.9060516357421875,17.367107391357422,-31.006628036499023,-8.692642211914062,-49.11201858520508,32.131019592285156,-8.337181091308594,-25.549789428710938,18.71417236328125,2.082061767578125,17.888099670410156,3.2668209075927734,3.2792434692382812,16.894481658935547,-32.098567962646484,-14.066001892089844,-41.56020736694336,23.892826080322266,-2.8113632202148438,-22.8080997467041,13.85365104675293,6.016754150390625,10.398590087890625,4.146659851074219,5.522743225097656,14.61025333404541
663251,1972-12-07 14:48:47,0.5076217651367188,8.429046630859375,-46.031917572021484,-0.495086669921875,1.311492919921875,-31.935436248779297,-0.48928260803222656,0.101959228515625,-21.936256408691406,-28.70000457763672,8.237533569335938,-62.17705535888672,27.29657554626465,-15.79986572265625,-25.053482055664062,16.948486328125,-6.1076202392578125,13.746280670166016,5.1838836669921875,-0.485198974609375,15.148774147033691,-30.762405395507812,-0.3386688232421875,-57.72451400756836,35.56960678100586,-11.85931396484375,-25.225055694580078,17.413366317749023,-1.3466949462890625,20.14297866821289,1.9575881958007812,1.926177978515625,17.402997970581055,-30.365520477294922,-8.425003051757812,-49.557212829589844,32.44097137451172,-8.744941711425781,-25.01624298095703,18.422893524169922,1.928436279296875,18.204875946044922,3.0055198669433594,3.286651611328125,16.941482543945312,-31.631454467773438,-13.772468566894531,-42.01417922973633,24.147544860839844,-3.1505508422851562,-22.49333953857422,13.775871276855469,5.884834289550781,10.575896263122559,3.985671043395996,5.509605407714844,14.659936904907227
663255,1972-12-07 14:49:39,0.5400714874267578,8.994491577148438,-45.924407958984375,-0.9108695983886719,1.6105194091796875,-31.912593841552734,-0.92523193359375,0.025909423828125,-21.92241668701172,-28.22403335571289,12.489166259765625,-61.68434143066406,26.58069610595703,-17.82879638671875,-24.454378128051758,15.428451538085938,-7.292266845703125,14.909736633300781,4.015205383300781,-0.6783905029296875,15.49229907989502,-31.012489318847656,4.007354736328125,-57.45194625854492,34.37360763549805,-14.274673461914062,-25.62874984741211,17.076915740966797,-3.3114471435546875,20.20375633239746,1.956284523010254,1.35858154296875,17.456626892089844,-31.285959243774414,-4.308746337890625,-49.51350021362305,31.354955673217773,-10.877372741699219,-25.55880355834961,18.636716842651367,-0.21697998046875,18.087703704833984,3.378197193145752,2.536895751953125,17.000028610229492,-32.976463317871094,-9.733108520507812,-42.10986328125,23.614736557006836,-4.650947570800781,-22.796781539916992,14.307600021362305,4.344459533691406,10.614791870117188,4.5355987548828125,4.7226409912109375,14.774303436279297
663258,1972-12-07 14:50:22,0.48276329040527344,8.856674194335938,-45.951820373535156,-1.011404037475586,1.49749755859375,-31.915071487426758,-1.0420074462890625,-0.17236328125,-21.916515350341797,-28.086503982543945,13.013641357421875,-61.638675689697266,26.575742721557617,-18.166351318359375,-24.210098266601562,15.08688735961914,-7.3461761474609375,15.22938346862793,3.7146310806274414,-0.5983428955078125,15.570384979248047,-30.975759506225586,4.5532684326171875,-57.431087493896484,34.23762893676758,-14.61651611328125,-25.618080139160156,16.941497802734375,-3.5396728515625,20.27892303466797,1.8753337860107422,1.31414794921875,17.468910217285156,-31.347333908081055,-3.7828521728515625,-49.51765441894531,31.186962127685547,-11.178688049316406,-25.634220123291016,18.644405364990234,-0.49069976806640625,18.074420928955078,3.4071297645568848,2.4510345458984375,17.006851196289062,-33.1011848449707,-9.208786010742188,-42.12992858886719,23.517412185668945,-4.8775177001953125,-22.849977493286133,14.363094329833984,4.138236999511719,10.622243881225586,4.580597877502441,4.622245788574219,14.792159080505371
663260,1972-12-07 14:50:56,0.42333412170410156,8.814239501953125,-45.960567474365234,-1.0765113830566406,1.4488525390625,-31.915184020996094,-1.1037883758544922,-0.2483062744140625,-21.912761688232422,-28.084148406982422,13.186233520507812,-61.603057861328125,26.557865142822266,-18.279617309570312,-24.144380569458008,14.980752944946289,-7.359771728515625,15.327278137207031,3.623080253601074,-0.5680389404296875,15.5930757522583,-31.003578186035156,4.73321533203125,-57.401519775390625,34.171878814697266,-14.727249145507812,-25.642440795898438,16.916465759277344,-3.62567138671875,20.284629821777344,1.8688459396362305,1.2919921875,17.47125816345215,-31.401874542236328,-3.6092376708984375,-49.49604797363281,31.089014053344727,-11.278839111328125,-25.709217071533203,18.666015625,-0.5789794921875,18.049488067626953,3.4257993698120117,2.4263381958007812,17.00663948059082,-33.17131042480469,-9.035507202148438,-42.11228561401367,23.45767593383789,-4.953865051269531,-22.89491081237793,14.388334274291992,4.063575744628906,10.616909980773926,4.599459171295166,4.583503723144531,14.798358917236328
663263,1972-12-07 14:51:49,0.34859275817871094,8.804916381835938,-45.96297836303711,-1.1767940521240234,1.42572021484375,-31.912689208984375,-1.2040424346923828,-0.330413818359375,-21.906394958496094,-28.119962692260742,13.513946533203125,-61.51564025878906,26.408090591430664,-18.509811401367188,-24.133275985717773,14.86811637878418,-7.4510650634765625,15.392705917358398,3.5591354370117188,-0.56158447265625,15.60802936553955,-31.102767944335938,5.0811004638671875,-57.318058013916016,34.01499938964844,-14.994125366210938,-25.696300506591797,16.880634307861328,-3.7970428466796875,20.283124923706055,1.8779926300048828,1.256072998046875,17.472896575927734,-31.554428100585938,-3.268157958984375,-49.42266845703125,30.753772735595703,-11.520721435546875,-26.003490447998047,18.796092987060547,-0.7807540893554688,17.90633201599121,3.527249813079834,2.3785476684570312,16.992645263671875,-33.352970123291016,-8.688697814941406,-42.04173278808594,23.329811096191406,-5.133445739746094,-22.985822677612305,14.446596145629883,3.91107177734375,10.59504222869873,4.655097961425781,4.512367248535156,14.802825927734375
663266,1972-12-07 14:52:42,0.04834938049316406,8.899795532226562,-45.94599914550781,-1.4928398132324219,1.5591888427734375,-31.89322280883789,-1.4745903015136719,-0.29132080078125,-21.890403747558594,-28.500423431396484,14.3785400390625,-61.143409729003906,25.69683265686035,-19.118698120117188,-24.424654006958008,14.803757667541504,-7.8204803466796875,15.270998001098633,3.6654462814331055,-0.65216064453125,15.579878807067871,-31.642913818359375,6.01129150390625,-56.93109893798828,33.34356689453125,-15.769378662109375,-26.108945846557617,16.99532699584961,-4.2753448486328125,20.091257095336914,2.097599983215332,1.1592254638671875,17.45459747314453,-32.2093391418457,-2.345611572265625,-49.05119705200195,29.978450775146484,-12.212142944335938,-26.586820602416992,19.07671356201172,-1.324249267578125,17.574546813964844,3.838193893432617,2.2396087646484375,16.944068908691406,-34.05510711669922,-7.7397003173828125,-41.66254425048828,22.864290237426758,-5.6635589599609375,-23.32656478881836,14.675066947937012,3.5012359619140625,10.423016548156738,4.933278560638428,4.341217041015625,14.763860702514648
663269,1972-12-07 14:53:36,-0.5260715484619141,8.826492309570312,-45.9571533203125,-1.9465599060058594,1.6428375244140625,-31.864545822143555,-1.8963088989257812,-0.461669921875,-21.85497283935547,-29.350921630859375,14.980270385742188,-60.5941276550293,24.91073226928711,-19.586624145507812,-24.864337921142578,14.896142959594727,-8.084365844726562,15.042020797729492,3.8956689834594727,-0.7086944580078125,15.521434783935547,-32.57170867919922,6.66876220703125,-56.330909729003906,32.563968658447266,-16.363815307617188,-26.71997833251953,17.28118133544922,-4.6290283203125,19.766420364379883,2.450068473815918,1.0890045166015625,17.41315269470215,-33.14930725097656,-1.6849212646484375,-48.448402404785156,29.209299087524414,-12.742584228515625,-27.187240600585938,19.392126083374023,-1.7063980102539062,17.192235946655273,4.205720901489258,2.1479339599609375,16.868532180786133,-34.959190368652344,-7.051734924316406,-41.031070709228516,22.27826690673828,-6.072174072265625,-23.786293029785156,14.935108184814453,3.1942520141601562,10.148635864257812,5.279025077819824,4.217369079589844,14.679941177368164
663273,1972-12-07 14:54:58,-1.257720947265625,6.05731201171875,-46.389339447021484,-2.5469608306884766,-0.2174224853515625,-31.863819122314453,-2.630253791809082,-2.4899139404296875,-21.64096450805664,-30.42777442932129,13.428482055664062,-60.426483154296875,24.16938018798828,-21.034271240234375,-24.409345626831055,14.865734100341797,-7.6537628173828125,15.295236587524414,3.9887027740478516,-0.064544677734375,15.513849258422852,-33.709617614746094,5.3376007080078125,-55.800819396972656,31.651567459106445,-17.9410400390625,-26.803747177124023,17.625320434570312,-4.281494140625,19.53958511352539,2.8669891357421875,1.6436767578125,17.305644989013672,-34.268001556396484,-2.7212371826171875,-47.61577224731445,28.308584213256836,-14.269363403320312,-27.380874633789062,19.753427505493164,-1.491119384765625,16.796369552612305,4.633806228637695,2.6550445556640625,16.683155059814453,-36.01142883300781,-7.787345886230469,-39.97443389892578,21.570621490478516,-7.3530731201171875,-24.0753173828125,15.226336479187012,3.2298431396484375,9.694448471069336,5.683751583099365,4.6097259521484375,14.408345222473145
663277,1972-12-07 14:56:09,-0.2708549499511719,-6.140777587890625,-46.394622802734375,-1.8883132934570312,-9.03076171875,-30.605831146240234,-2.387296676635742,-9.233200073242188,-19.761024475097656,-28.931835174560547,-1.662811279296875,-62.59166717529297,26.3776912689209,-24.871170043945312,-17.55158042907715,13.760364532470703,-2.574737548828125,17.819583892822266,2.5286664962768555,4.1489715576171875,15.263855934143066,-32.0540885925293,-8.66302490234375,-56.35643005371094,33.153228759765625,-22.024497985839844,-21.399259567260742,17.180191040039062,0.8928756713867188,20.367185592651367,2.3003196716308594,5.5341644287109375,16.567686080932617,-32.57328796386719,-14.72247314453125,-46.5960578918457,29.658462524414062,-18.737075805664062,-22.89105796813965,19.262996673583984,3.1354522705078125,17.136079788208008,3.9968104362487793,6.4923553466796875,15.770980834960938,-34.371551513671875,-18.039596557617188,-38.06035614013672,22.60181427001953,-11.548210144042969,-21.32550621032715,14.764996528625488,5.956031799316406,9.098134994506836,5.0214948654174805,7.92510986328125,13.157975196838379
663283,1972-12-07 14:57:24,-1.1507759094238281,-26.774063110351562,-38.3675537109375,-3.9065933227539062,-22.167373657226562,-22.697650909423828,-4.984785079956055,-17.559524536132812,-12.176376342773438,-25.753387451171875,-23.08074951171875,-59.67893600463867,21.539609909057617,-33.969871520996094,-2.123455047607422,11.865739822387695,3.283050537109375,19.024728775024414,2.385028839111328,9.933647155761719,12.338062286376953,-30.546781539916992,-26.137298583984375,-51.59743881225586,28.680604934692383,-34.35167694091797,-6.287193298339844,16.14573097229004,6.346183776855469,20.244007110595703,2.740107536315918,11.48675537109375,13.074889183044434,-32.76207733154297,-27.305633544921875,-40.37340545654297,26.141185760498047,-31.39672088623047,-9.251322746276855,18.666873931884766,6.8205718994140625,16.720256805419922,4.508184432983398,11.79925537109375,12.136839866638184,-35.59984588623047,-26.335479736328125,-31.53592300415039,20.693405151367188,-23.11797332763672,-11.675740242004395,15.211352348327637,6.6571197509765625,7.781588077545166,5.902217388153076,11.76666259765625,9.37360954284668
663299,1972-12-07 14:59:49,-26.755687713623047,-35.50013732910156,-14.632746696472168,-21.903400421142578,-22.939430236816406,-3.9825596809387207,-16.510427474975586,-14.433319091796875,0.7308042049407959,-40.95766830444336,-33.24516296386719,-44.43829345703125,3.439718246459961,-36.60753631591797,16.446046829223633,14.568090438842773,5.981330871582031,16.294443130493164,8.236797332763672,12.216537475585938,6.285306930541992,-45.51270294189453,-29.653091430664062,-36.43964385986328,7.892740249633789,-42.636573791503906,12.726806640625,19.85093116760254,5.748039245605469,16.842777252197266,9.57874870300293,13.16552734375,6.732254981994629,-46.52860641479492,-24.358245849609375,-26.281692504882812,8.319591522216797,-39.87548065185547,9.768985748291016,21.699527740478516,4.9549560546875,13.383503913879395,10.72191047668457,12.725883483886719,5.47191047668457,-47.43890380859375,-18.251266479492188,-19.283737182617188,6.4430694580078125,-32.40460205078125,2.7219505310058594,17.286867141723633,2.0515289306640625,5.7628984451293945,11.392683029174805,10.870193481445312,3.633237838745117
663311,1972-12-07 15:01:33,-37.638084411621094,-27.499374389648438,-4.171669960021973,-27.40532684326172,-16.383583068847656,1.5373775959014893,-19.170574188232422,-10.398399353027344,2.4106903076171875,-55.23381042480469,-24.750106811523438,-33.07856369018555,-4.757165908813477,-32.92051696777344,22.716175079345703,18.069725036621094,3.573974609375,13.199480056762695,12.295004844665527,9.847358703613281,2.907885789871216,-57.247459411621094,-18.771636962890625,-25.473783493041992,-2.6063480377197266,-40.50605773925781,19.86480712890625,23.020875930786133,1.8251953125,13.322400093078613,13.909440994262695,10.345359802246094,3.1476612091064453,-55.09020233154297,-11.9976806640625,-16.43435287475586,-1.9733161926269531,-38.532318115234375,16.311643600463867,24.078899383544922,0.212799072265625,9.731428146362305,14.556523323059082,9.599380493164062,1.6758747100830078,-53.08019256591797,-4.959136962890625,-10.645237922668457,-2.8032779693603516,-32.035400390625,8.053267478942871,17.874523162841797,-2.017852783203125,3.5616283416748047,14.157604217529297,7.785430908203125,0.3231372833251953
663317,1972-12-07 15:02:26,-42.624176025390625,-18.987449645996094,-3.5916342735290527,-30.349679946899414,-9.944389343261719,1.357706069946289,-20.96437644958496,-6.2799530029296875,1.583092212677002,-57.677398681640625,-16.596969604492188,-33.99105453491211,-12.45295524597168,-28.39837646484375,25.707420349121094,17.930761337280273,1.52264404296875,13.772576332092285,13.913501739501953,7.538490295410156,2.4857850074768066,-58.72483825683594,-9.498626708984375,-27.19796371459961,-11.271190643310547,-36.535614013671875,24.088430404663086,22.233123779296875,-1.3812637329101562,14.647828102111816,15.654577255249023,7.41741943359375,3.212906837463379,-55.59532928466797,-2.3129730224609375,-18.78225326538086,-10.315725326538086,-35.203399658203125,20.223974227905273,23.070587158203125,-3.75048828125,11.32348346710205,16.242923736572266,6.293304443359375,1.846822738647461,-52.4095344543457,4.7858123779296875,-13.629293441772461,-9.734914779663086,-29.66943359375,11.1326904296875,16.987728118896484,-4.89630126953125,4.868133544921875,15.346327781677246,5.0529937744140625,0.3352336883544922
663322,1972-12-07 15:03:13,-44.43457794189453,-13.515159606933594,-5.757816791534424,-31.241220474243164,-6.767333984375,-0.16322720050811768,-21.379840850830078,-4.908721923828125,-0.5059255957603455,-58.473350524902344,-7.0583343505859375,-35.89680480957031,-15.644661903381348,-29.50334930419922,22.521373748779297,17.757720947265625,-1.7357940673828125,13.970142364501953,14.55398941040039,5.7891693115234375,3.3556370735168457,-58.91850280761719,-0.6330413818359375,-28.403671264648438,-15.234880447387695,-37.5150146484375,20.066537857055664,21.30905532836914,-5.826866149902344,14.92481803894043,16.318214416503906,4.775428771972656,4.617120742797852,-55.22659683227539,5.287506103515625,-19.262096405029297,-13.960391998291016,-35.91374206542969,16.43207550048828,21.958328247070312,-8.029647827148438,11.309114456176758,16.872507095336914,3.55084228515625,3.091766357421875,-51.432945251464844,11.45465087890625,-13.373994827270508,-12.801729202270508,-29.53900146484375,7.908447265625,16.385047912597656,-6.9504547119140625,4.41325569152832,15.738216400146484,3.55279541015625,0.9171371459960938
663326,1972-12-07 15:04:00,-44.913604736328125,-8.149429321289062,-10.324666976928711,-31.533733367919922,-3.7403335571289062,-3.670252799987793,-21.19631576538086,-3.58251953125,-4.396681785583496,-56.08747482299805,2.1979522705078125,-40.08612823486328,-20.040611267089844,-29.80408477783203,18.234739303588867,16.101428985595703,-5.229469299316406,15.063570022583008,14.706670761108398,3.5941848754882812,5.23345947265625,-56.48847961425781,7.891754150390625,-32.02080535888672,-19.945777893066406,-37.606101989746094,15.168741226196289,18.81421661376953,-10.15594482421875,15.92672348022461,16.180130004882812,1.7523422241210938,6.748284816741943,-52.948123931884766,12.520416259765625,-22.106529235839844,-18.347747802734375,-35.77030944824219,11.770658493041992,19.628398895263672,-12.033248901367188,12.019416809082031,16.7954044342041,0.635894775390625,4.935487747192383,-49.04579544067383,17.693603515625,-15.390490531921387,-15.985625267028809,-28.761428833007812,4.027434349060059,15.34602165222168,-8.8607177734375,4.716230392456055,15.880965232849121,1.957733154296875,2.262126922607422
663330,1972-12-07 15:04:50,-44.62041473388672,-4.193641662597656,-13.478708267211914,-31.187713623046875,-1.978118896484375,-6.726873397827148,-19.214014053344727,-3.3129653930664062,-10.064545631408691,-55.195499420166016,10.390060424804688,-40.03794479370117,-21.652254104614258,-31.232269287109375,13.34695816040039,15.335183143615723,-8.344558715820312,14.446969985961914,14.69170093536377,1.8672943115234375,6.104141712188721,-55.518394470214844,14.860183715820312,-31.232078552246094,-21.825992584228516,-38.49546813964844,9.157984733581543,17.452001571655273,-13.824028015136719,14.66637134552002,15.929616928100586,-0.6702346801757812,7.496983528137207,-51.981056213378906,17.841033935546875,-20.703392028808594,-20.11220359802246,-36.23234558105469,6.117099761962891,18.25783920288086,-15.228660583496094,10.453641891479492,16.56830596923828,-1.6562347412109375,5.440325736999512,-48.000518798828125,21.81060791015625,-13.254030227661133,-17.185985565185547,-28.345062255859375,-0.4239654541015625,14.914363861083984,-10.054275512695312,3.5677413940429688,15.898664474487305,0.988311767578125,2.722261428833008
663334,1972-12-07 15:05:39,-43.36334228515625,1.496124267578125,-17.539264678955078,-29.887948989868164,1.2320404052734375,-11.270751953125,-16.01080894470215,-1.52215576171875,-14.92602252960205,-52.262847900390625,18.047012329101562,-41.2363166809082,-24.98478889465332,-29.952850341796875,10.050012588500977,13.299128532409668,-11.211387634277344,14.524206161499023,14.31401538848877,-0.50732421875,7.172516345977783,-52.58855056762695,21.902603149414062,-32.14467239379883,-25.23129653930664,-37.06634521484375,5.622413635253906,15.90916633605957,-15.928176879882812,14.281810760498047,15.581206321716309,-2.2206649780273438,7.918417453765869,-49.277225494384766,23.813507080078125,-21.2987060546875,-23.701583862304688,-34.446502685546875,2.5250964164733887,15.828775405883789,-17.999588012695312,10.000211715698242,15.922750473022461,-4.0732574462890625,6.060001373291016,-45.30290985107422,26.882080078125,-13.432079315185547,-19.524559020996094,-26.604782104492188,-3.155458450317383,13.840402603149414,-11.541107177734375,3.3914318084716797,15.789621353149414,-0.585174560546875,3.391223907470703
663341,1972-12-07 15:07:04,-40.07726287841797,10.77349853515625,-21.633041381835938,-26.238351821899414,6.523017883300781,-17.053924560546875,-11.533624649047852,0.8216018676757812,-18.648042678833008,-47.21779251098633,27.58515167236328,-42.03656768798828,-30.019426345825195,-25.238800048828125,9.178937911987305,10.624696731567383,-13.601730346679688,14.684122085571289,13.727911949157715,-3.2615814208984375,7.582871913909912,-47.063289642333984,31.330055236816406,-32.894287109375,-31.4598388671875,-32.11157989501953,4.611749649047852,13.069221496582031,-18.304420471191406,14.31510066986084,15.020591735839844,-4.5588531494140625,8.000337600708008,-43.719627380371094,32.49073791503906,-21.952430725097656,-29.85418701171875,-29.356430053710938,1.2767314910888672,11.427423477172852,-21.053184509277344,10.035781860351562,14.49002456665039,-7.4368743896484375,6.448339462280273,-39.447147369384766,34.7066650390625,-13.956756591796875,-23.871408462524414,-22.655868530273438,-3.980875015258789,11.509361267089844,-13.837265014648438,3.510019302368164,15.358760833740234,-3.3853683471679688,3.7152023315429688
663345,1972-12-07 15:07:54,-38.275184631347656,15.230850219726562,-22.20980453491211,-24.251251220703125,8.920059204101562,-18.818782806396484,-9.660490036010742,1.686859130859375,-19.62851333618164,-44.945709228515625,32.496604919433594,-41.004730224609375,-31.870304107666016,-22.828689575195312,9.249354362487793,9.8712158203125,-14.578514099121094,14.266759872436523,13.604886054992676,-4.382720947265625,7.231339931488037,-44.37272644042969,36.03546905517578,-31.797250747680664,-33.984745025634766,-29.442169189453125,4.509945869445801,12.208288192749023,-19.235984802246094,13.84604263305664,14.943632125854492,-5.462303161621094,7.566886901855469,-40.8381233215332,36.681480407714844,-20.872934341430664,-32.472991943359375,-26.443435668945312,0.9759883880615234,9.311111450195312,-22.298316955566406,9.519851684570312,13.692641258239746,-8.998100280761719,6.19635009765625,-36.31117630004883,38.352333068847656,-12.884803771972656,-25.83405303955078,-20.358566284179688,-4.136524200439453,10.27369499206543,-14.862289428710938,3.133575439453125,15.03480339050293,-4.791236877441406,3.4862136840820312
663348,1972-12-07 15:08:32,-37.86062240600586,16.520523071289062,-21.997480392456055,-23.398426055908203,9.395271301269531,-19.64891242980957,-8.73033332824707,1.7940444946289062,-20.05023193359375,-45.068328857421875,34.221214294433594,-39.437137603759766,-31.955705642700195,-22.579116821289062,9.562021255493164,10.465816497802734,-14.761207580566406,13.641407012939453,13.939395904541016,-4.354789733886719,6.581978797912598,-44.25212097167969,37.55089569091797,-30.1701717376709,-34.42279052734375,-28.91790008544922,4.579328536987305,12.68321418762207,-19.39073944091797,13.187639236450195,15.260080337524414,-5.3726043701171875,6.976509094238281,-40.49955749511719,37.89543151855469,-19.3050479888916,-33.14356231689453,-25.59954833984375,0.9328670501708984,8.742269515991211,-22.7939453125,8.86271858215332,13.494062423706055,-9.557815551757812,5.779912948608398,-35.79048156738281,39.30809783935547,-11.372570037841797,-26.298887252807617,-19.769744873046875,-4.062713623046875,10.048971176147461,-15.1124267578125,2.6245880126953125,15.006110191345215,-5.1374969482421875,3.094806671142578
663352,1972-12-07 15:09:52,-36.48221206665039,18.754859924316406,-22.528806686401367,-21.645740509033203,10.548446655273438,-21.024494171142578,-6.991003036499023,2.3573989868164062,-20.664405822753906,-43.2520637512207,37.723487854003906,-38.25873565673828,-32.738189697265625,-22.012527465820312,8.128684997558594,10.586198806762695,-15.406547546386719,12.809568405151367,14.099061012268066,-4.533447265625,6.103913307189941,-42.460201263427734,40.55571746826172,-28.825759887695312,-35.30598068237305,-28.068138122558594,2.7948408126831055,12.684337615966797,-19.931884765625,12.353371620178223,15.350632667541504,-5.506874084472656,6.66627311706543,-38.861961364746094,40.22447967529297,-17.90814208984375,-34.283203125,-24.050918579101562,-0.9580879211425781,7.431877136230469,-23.632522583007812,7.798107147216797,12.91319465637207,-10.479721069335938,5.5021820068359375,-34.226600646972656,41.07172393798828,-9.852657318115234,-26.90359878540039,-18.600784301757812,-5.402580261230469,9.489532470703125,-15.563262939453125,1.9972496032714844,14.77614974975586,-5.798088073730469,3.0335617065429688
663360,1972-12-07 15:11:49,-35.274234771728516,19.475387573242188,-23.80507469177246,-20.012012481689453,10.874641418457031,-22.42986297607422,-5.4279022216796875,2.6564712524414062,-21.093366622924805,-42.213279724121094,39.46345520019531,-37.659095764160156,-33.008731842041016,-22.177734375,6.402130603790283,10.994527816772461,-15.619163513183594,12.193292617797852,14.325948715209961,-4.1826171875,5.819480895996094,-41.64198684692383,41.892417907714844,-28.09857749938965,-35.41668701171875,-28.057159423828125,0.7733926773071289,13.25070571899414,-19.875900268554688,11.838309288024902,15.587935447692871,-4.936607360839844,6.561473846435547,-38.309532165527344,41.08772277832031,-17.121389389038086,-34.51382064819336,-23.558303833007812,-2.916421890258789,7.2657623291015625,-23.931678771972656,7.001617431640625,12.886573791503906,-10.579208374023438,5.372676849365234,-33.867919921875,41.577293395996094,-8.928245544433594,-26.810829162597656,-18.262916564941406,-6.8282928466796875,9.416955947875977,-15.65576171875,1.572784423828125,14.692529678344727,-5.94921875,3.145050048828125
663365,1972-12-07 15:13:11,-35.22695541381836,19.12720489501953,-24.154821395874023,-19.787155151367188,10.796783447265625,-22.665729522705078,-4.998407363891602,2.8172607421875,-21.178482055664062,-42.97395706176758,39.467140197753906,-36.78472900390625,-32.560489654541016,-22.986312866210938,5.818885326385498,11.465471267700195,-15.595359802246094,11.783132553100586,14.48126220703125,-3.8762283325195312,5.644585609436035,-42.46430587768555,41.679969787597656,-27.168426513671875,-34.86665344238281,-28.748214721679688,0.022024154663085938,13.822551727294922,-19.744338989257812,11.396349906921387,15.759790420532227,-4.562736511230469,6.42005729675293,-39.12902069091797,40.68402862548828,-16.20779037475586,-34.112815856933594,-24.04449462890625,-3.588970184326172,7.965801239013672,-23.84947967529297,6.502899169921875,13.271595001220703,-10.204063415527344,5.156646728515625,-34.708221435546875,41.07060241699219,-7.997901916503906,-26.41779327392578,-18.647628784179688,-7.303871154785156,9.746274948120117,-15.484642028808594,1.2212448120117188,14.812984466552734,-5.704826354980469,3.0307464599609375
663370,1972-12-07 15:14:39,-34.90058135986328,19.335113525390625,-24.461116790771484,-19.488128662109375,11.079048156738281,-22.78826141357422,-4.628671646118164,3.120574951171875,-21.219953536987305,-42.537254333496094,39.86505889892578,-36.8631591796875,-32.56867218017578,-23.195091247558594,4.866745948791504,11.383438110351562,-15.731163024902344,11.681711196899414,14.429309844970703,-3.8656997680664062,5.783146858215332,-42.20216369628906,41.92188262939453,-27.204648971557617,-34.72344970703125,-28.902061462402344,-1.0472440719604492,13.840362548828125,-19.778457641601562,11.315274238586426,15.718745231628418,-4.4678497314453125,6.585292816162109,-39.04884719848633,40.76154327392578,-16.20639419555664,-34.008365631103516,-24.01696014404297,-4.617298126220703,8.232975006103516,-23.805160522460938,6.330230712890625,13.427589416503906,-9.952713012695312,5.243312835693359,-34.770259857177734,41.033790588378906,-7.916954040527344,-26.19514274597168,-18.651077270507812,-8.05804443359375,9.809263229370117,-15.451194763183594,1.1377525329589844,14.791193008422852,-5.67315673828125,3.19232177734375
