197494,1970-06-12 03:55:56,8.185432434082031,15.903900146484375,-44.19512939453125,-9.654176712036133,2.355010986328125,-31.012332916259766,-13.773011207580566,-3.4936370849609375,-17.25603485107422,-6.5976972579956055,44.20954895019531,-54.2180061340332,8.547006607055664,-23.408843994140625,-32.600589752197266,2.7049310207366943,-20.74432373046875,9.762569427490234,-0.2335219383239746,-8.155242919921875,14.133049011230469,-15.031825065612793,39.36723327636719,-51.62139892578125,15.283610343933105,-24.8841552734375,-35.58973693847656,8.852286338806152,-22.404373168945312,12.544447898864746,1.9801194667816162,-8.158645629882812,15.864147186279297,-21.822301864624023,31.906158447265625,-45.66498947143555,12.185359954833984,-16.174392700195312,-37.5636100769043,13.225181579589844,-21.09637451171875,8.95030689239502,4.393642425537109,-7.8931121826171875,15.390193939208984,-27.49384880065918,27.560775756835938,-39.392578125,9.841808319091797,-7.494903564453125,-31.425180435180664,12.490787506103516,-13.2589111328125,4.142999649047852,6.216367721557617,-7.5502166748046875,13.243515014648438
197501,1970-06-12 03:56:57,9.668497085571289,13.208343505859375,-44.779510498046875,-9.324895858764648,-1.0938873291015625,-31.18274688720703,-13.067011833190918,-5.6778717041015625,-17.224605560302734,-6.727666854858398,40.181488037109375,-57.25201416015625,10.967291831970215,-23.5592041015625,-31.75699234008789,4.012190818786621,-20.684844970703125,9.43350887298584,0.13463973999023438,-8.497695922851562,13.931131362915039,-14.983808517456055,35.03570556640625,-54.667076110839844,17.2753963470459,-24.224044799804688,-35.13112258911133,10.457108497619629,-22.06292724609375,11.897795677185059,2.6286959648132324,-8.372390747070312,15.657225608825684,-21.597917556762695,27.591796875,-48.4946403503418,13.456001281738281,-16.236846923828125,-37.100128173828125,14.414921760559082,-20.064498901367188,9.470834732055664,4.572216987609863,-7.0553436279296875,15.741039276123047,-27.28131103515625,23.337005615234375,-42.171058654785156,10.656356811523438,-7.9842987060546875,-31.03658676147461,13.171327590942383,-12.386581420898438,4.698052406311035,6.331418991088867,-6.6219940185546875,13.678529739379883
197511,1970-06-12 03:58:23,11.40882682800293,11.226516723632812,-44.91044998168945,-8.628335952758789,-3.4386749267578125,-31.21283721923828,-12.261759757995605,-6.9809112548828125,-17.337478637695312,-6.802543640136719,36.72380065917969,-59.520538330078125,12.285200119018555,-23.8525390625,-31.047624588012695,4.886852264404297,-20.593231201171875,9.218912124633789,0.4980602264404297,-8.714187622070312,13.788419723510742,-14.936907768249512,31.44464111328125,-56.821014404296875,18.325000762939453,-24.531784057617188,-34.377681732177734,11.543838500976562,-21.579055786132812,11.779886245727539,3.2223968505859375,-8.27838134765625,15.596158027648926,-21.432884216308594,24.125823974609375,-50.37938690185547,12.930204391479492,-15.478286743164062,-37.60786056518555,15.4406156539917,-19.561508178710938,8.888490676879883,5.012999057769775,-6.609710693359375,15.80015754699707,-27.10897445678711,20.029953002929688,-43.945289611816406,10.257301330566406,-7.6115875244140625,-31.263851165771484,13.527853012084961,-12.111038208007812,4.393522262573242,6.464761734008789,-6.31732177734375,13.760010719299316
197523,1970-06-12 04:00:08,11.76756477355957,10.912017822265625,-44.89540100097656,-7.819997787475586,-5.054046630859375,-31.2060604095459,-12.738184928894043,-9.496536254882812,-15.723428726196289,-6.85211706161499,36.06190490722656,-59.91822814941406,15.235499382019043,-21.739852905273438,-31.290300369262695,6.5616607666015625,-20.764358520507812,7.66401481628418,1.1432209014892578,-9.8765869140625,12.940312385559082,-14.679252624511719,30.185882568359375,-57.565921783447266,20.827302932739258,-21.64373779296875,-34.888553619384766,13.548820495605469,-21.362319946289062,9.887468338012695,4.249283790588379,-9.303253173828125,14.749534606933594,-20.889854431152344,22.4024658203125,-51.39310073852539,12.27749252319336,-10.78961181640625,-39.420379638671875,17.504047393798828,-19.050201416015625,5.546987533569336,6.264461040496826,-7.584228515625,14.889566421508789,-26.526277542114258,17.894638061523438,-45.20423889160156,8.973403930664062,-3.8227691650390625,-32.33328628540039,14.640016555786133,-11.432937622070312,1.985128402709961,7.578830718994141,-7.037025451660156,12.809422492980957
197541,1970-06-12 04:02:44,10.931123733520508,8.832992553710938,-45.55912399291992,-6.542840957641602,-5.5800628662109375,-31.409683227539062,-13.918087005615234,-11.601707458496094,-13.09042739868164,-6.114223957061768,34.78309631347656,-60.748329162597656,16.28353500366211,-20.873580932617188,-31.35226058959961,7.591184616088867,-20.918350219726562,6.143909454345703,1.9030170440673828,-10.885116577148438,12.008262634277344,-13.858546257019043,28.761886596679688,-58.49101257324219,21.887374877929688,-21.070541381835938,-34.5892219543457,14.332874298095703,-21.23675537109375,9.013908386230469,4.838098526000977,-9.798683166503906,14.238475799560547,-20.043506622314453,20.943374633789062,-52.336788177490234,10.393962860107422,-8.485443115234375,-40.51026153564453,18.424671173095703,-18.626815795898438,3.6937294006347656,6.926678657531738,-7.62860107421875,14.570140838623047,-25.73337173461914,16.41326904296875,-46.21343994140625,7.0576629638671875,-2.540924072265625,-32.928863525390625,15.191438674926758,-10.856727600097656,0.5783214569091797,8.396653175354004,-6.908653259277344,12.361492156982422
197547,1970-06-12 04:03:53,10.062994003295898,7.88995361328125,-45.930702209472656,-5.868349075317383,-5.4419403076171875,-31.566781997680664,-13.86596393585205,-11.968284606933594,-12.81277847290039,-6.398150444030762,34.271697998046875,-61.00918197631836,16.57769775390625,-20.65057373046875,-31.34577178955078,7.934526443481445,-20.857589721679688,5.912342071533203,2.1348876953125,-11.001289367675781,11.862518310546875,-14.072751998901367,28.171173095703125,-58.72687911987305,22.14516258239746,-20.843414306640625,-34.562744140625,14.676267623901367,-21.093666076660156,8.794635772705078,5.084676742553711,-9.850189208984375,14.116497039794922,-20.175243377685547,20.320571899414062,-52.53133010864258,10.266002655029297,-8.550567626953125,-40.52919387817383,18.702457427978516,-18.30120849609375,3.918506622314453,6.949589729309082,-7.265983581542969,14.74354362487793,-25.823307037353516,15.763938903808594,-46.38899612426758,6.829097747802734,-2.602508544921875,-32.97222137451172,15.357690811157227,-10.615036010742188,0.6672019958496094,8.424860000610352,-6.596290588378906,12.51201057434082
197553,1970-06-12 04:04:45,9.310379028320312,7.1737213134765625,-46.2060546875,-5.371118545532227,-5.1179656982421875,-31.709169387817383,-13.99372386932373,-12.157379150390625,-12.49183464050293,-6.4409379959106445,34.113739013671875,-61.09315872192383,16.598295211791992,-20.448684692382812,-31.46700668334961,8.060667037963867,-20.896026611328125,5.597572326660156,2.2606353759765625,-11.170143127441406,11.68002700805664,-14.104028701782227,28.002883911132812,-58.79982376098633,22.101070404052734,-20.674453735351562,-34.69220733642578,14.795370101928711,-21.111175537109375,8.549652099609375,5.205812454223633,-9.944610595703125,14.005708694458008,-20.193187713623047,20.154464721679688,-52.58839797973633,9.882055282592773,-8.517807006835938,-40.63139724731445,18.802324295043945,-18.155364990234375,4.114162445068359,6.85875129699707,-6.944389343261719,14.939752578735352,-25.834657669067383,15.600822448730469,-46.43779754638672,6.504726409912109,-2.44415283203125,-33.049835205078125,15.385068893432617,-10.575393676757812,0.6660728454589844,8.341415405273438,-6.479759216308594,12.628276824951172
197560,1970-06-12 04:05:46,8.427314758300781,6.31866455078125,-46.49945831298828,-4.7489776611328125,-4.8185577392578125,-31.855026245117188,-14.090763092041016,-12.509994506835938,-12.025901794433594,-6.649659633636475,33.75944519042969,-61.267356872558594,16.662282943725586,-20.31048583984375,-31.522640228271484,8.392053604125977,-20.802276611328125,5.457984924316406,2.520275115966797,-11.188240051269531,11.609352111816406,-14.264892578125,27.597015380859375,-58.95270538330078,22.182817459106445,-20.449539184570312,-34.77324676513672,15.065099716186523,-21.008628845214844,8.328365325927734,5.411861419677734,-9.979118347167969,13.90268325805664,-20.296554565429688,19.729293823242188,-52.709693908691406,9.532785415649414,-8.488082885742188,-40.72096633911133,19.007272720336914,-17.879234313964844,4.373466491699219,6.771186828613281,-6.521240234375,15.168645858764648,-25.9075870513916,15.159568786621094,-46.543190002441406,6.194915771484375,-2.2642822265625,-33.12208938598633,15.463022232055664,-10.455795288085938,0.7443771362304688,8.211249351501465,-6.26776123046875,12.81913948059082
197567,1970-06-12 04:06:46,8.207925796508789,5.7106781005859375,-46.61719512939453,-4.278377532958984,-4.5758056640625,-31.957338333129883,-14.296692848205566,-12.587539672851562,-11.69744873046875,-6.102495193481445,33.4891357421875,-61.47230911254883,16.53885269165039,-20.7208251953125,-31.319934844970703,8.305957794189453,-20.79144287109375,5.628330230712891,2.4973678588867188,-11.111686706542969,11.687557220458984,-13.777989387512207,27.401229858398438,-59.15947723388672,22.2888126373291,-21.025360107421875,-34.35960006713867,14.847558975219727,-21.073631286621094,8.551830291748047,5.302064895629883,-9.974433898925781,13.948272705078125,-19.901290893554688,19.61590576171875,-52.902374267578125,9.06605339050293,-8.514328002929688,-40.82194900512695,18.916072845458984,-17.928550720214844,4.5629119873046875,6.567920207977295,-6.2501678466796875,15.370786666870117,-25.57670021057129,15.124618530273438,-46.73716354370117,5.876194000244141,-2.14898681640625,-33.18778610229492,15.36895751953125,-10.585556030273438,0.8508682250976562,7.928829193115234,-6.174858093261719,13.040117263793945
197574,1970-06-12 04:07:47,7.918218612670898,5.375694274902344,-46.70705032348633,-3.902090072631836,-4.3190460205078125,-32.04112243652344,-14.3958740234375,-12.696319580078125,-11.455745697021484,-5.964909076690674,33.33131408691406,-61.571502685546875,16.483325958251953,-21.058151245117188,-31.123592376708984,8.394269943237305,-20.709732055664062,5.796104431152344,2.603748321533203,-11.0167236328125,11.754049301147461,-13.649949073791504,27.256500244140625,-59.25593185424805,22.445510864257812,-21.338150024414062,-34.06349563598633,14.79171371459961,-21.046539306640625,8.713760375976562,5.278247833251953,-9.946174621582031,13.977457046508789,-19.791213989257812,19.493377685546875,-52.988895416259766,8.742744445800781,-8.50238037109375,-40.894893646240234,18.919233322143555,-17.831459045410156,4.916553497314453,6.316720008850098,-5.868568420410156,15.624414443969727,-25.48143768310547,15.023590087890625,-46.82170486450195,5.5912017822265625,-2.136566162109375,-33.23778533935547,15.377214431762695,-10.559280395507812,1.0128555297851562,7.72808837890625,-5.9529266357421875,13.261940002441406
197580,1970-06-12 04:08:39,7.558876037597656,5.238037109375,-46.78216552734375,-3.6488285064697266,-4.0377655029296875,-32.107574462890625,-14.502218246459961,-12.834495544433594,-11.163936614990234,-6.049129486083984,33.30070495605469,-61.57984161376953,16.329692840576172,-21.31396484375,-31.030315399169922,8.633577346801758,-20.566070556640625,5.9539031982421875,2.838449478149414,-10.869308471679688,11.836673736572266,-13.722065925598145,27.212432861328125,-59.2595329284668,22.54943084716797,-21.44049072265625,-33.93033981323242,14.810218811035156,-20.999252319335938,8.796058654785156,5.29200553894043,-9.918060302734375,13.992227554321289,-19.846660614013672,19.43994140625,-52.987789154052734,8.609626770019531,-8.520706176757812,-40.91931915283203,18.962966918945312,-17.721923828125,5.139087677001953,6.196364402770996,-5.636383056640625,15.757524490356445,-25.526344299316406,14.961593627929688,-46.817100524902344,5.504364013671875,-2.0873870849609375,-33.255401611328125,15.387151718139648,-10.529212951660156,1.1636772155761719,7.5660400390625,-5.8177642822265625,13.414485931396484
197588,1970-06-12 04:09:49,7.365802764892578,5.034172058105469,-46.83531951904297,-3.207021713256836,-3.6956100463867188,-32.19582748413086,-14.556635856628418,-12.910179138183594,-11.004707336425781,-5.823635101318359,33.206787109375,-61.652259826660156,16.265100479125977,-21.937713623046875,-30.626911163330078,8.785289764404297,-20.36663818359375,6.4007568359375,2.99334716796875,-10.599853515625,12.041112899780273,-13.509661674499512,27.129608154296875,-59.34625244140625,22.91242790222168,-22.019577026367188,-33.310630798339844,14.665775299072266,-20.916168212890625,9.225547790527344,5.184246063232422,-9.8153076171875,14.104570388793945,-19.661392211914062,19.373092651367188,-53.08125305175781,8.520759582519531,-8.55474853515625,-40.930816650390625,18.939167022705078,-17.653419494628906,5.453022003173828,5.9756245613098145,-5.369285583496094,15.935054779052734,-25.364730834960938,14.910171508789062,-46.921226501464844,5.417858123779297,-2.155303955078125,-33.26527404785156,15.385576248168945,-10.49896240234375,1.4278717041015625,7.3148651123046875,-5.583869934082031,13.651113510131836
197595,1970-06-12 04:10:49,7.171422958374023,4.830299377441406,-46.886924743652344,-2.8447265625,-3.4228897094726562,-32.25996398925781,-14.682987213134766,-13.049934387207031,-10.666831970214844,-5.526399612426758,33.0906982421875,-61.74197006225586,16.302059173583984,-22.503814697265625,-30.193466186523438,8.842893600463867,-20.198516845703125,6.839164733886719,3.04693603515625,-10.359893798828125,12.234968185424805,-13.230003356933594,27.028472900390625,-59.455291748046875,23.189613342285156,-22.426742553710938,-32.843910217285156,14.537967681884766,-20.86603546142578,9.536125183105469,5.08198356628418,-9.746620178222656,14.189167022705078,-19.417795181274414,19.2928466796875,-53.20001983642578,8.134923934936523,-8.280502319335938,-41.065494537353516,18.968307495117188,-17.668502807617188,5.300769805908203,5.951266288757324,-5.3114776611328125,15.963520050048828,-25.152318954467773,14.849960327148438,-47.054473876953125,5.348968505859375,-2.15386962890625,-33.276512145996094,15.380630493164062,-10.498031616210938,1.4867362976074219,7.224252700805664,-5.508209228515625,13.729879379272461
197601,1970-06-12 04:11:41,6.9669952392578125,5.213157653808594,-46.87674331665039,-3.0070343017578125,-3.2613067626953125,-32.26198196411133,-15.053696632385254,-13.401542663574219,-9.667301177978516,-5.348951816558838,33.25001525878906,-61.671966552734375,16.35271453857422,-22.616455078125,-30.081707000732422,8.910598754882812,-20.140899658203125,6.92071533203125,3.103311538696289,-10.316513061523438,12.257425308227539,-13.057774543762207,27.179824829101562,-59.42436599731445,23.34014129638672,-22.429550170898438,-32.73519515991211,14.509896278381348,-20.872215270996094,9.565299987792969,5.050987243652344,-9.778274536132812,14.178449630737305,-19.262317657470703,19.426284790039062,-53.207984924316406,8.001787185668945,-7.9866943359375,-41.149757385253906,18.987295150756836,-17.676773071289062,5.204341888427734,5.909313201904297,-5.323524475097656,15.975086212158203,-25.014162063598633,14.96588134765625,-47.09138488769531,5.124534606933594,-1.9774627685546875,-33.322750091552734,15.420038223266602,-10.459671020507812,1.3418731689453125,7.28046989440918,-5.518165588378906,13.696146011352539
197608,1970-06-12 04:12:42,7.353874206542969,6.5267791748046875,-46.65261459350586,-4.13170051574707,-3.7617416381835938,-32.082584381103516,-15.538549423217773,-13.964065551757812,-7.951751708984375,-5.245837688446045,33.44993591308594,-61.5726318359375,16.417810440063477,-22.594390869140625,-30.062816619873047,9.01845932006836,-20.095199584960938,6.913875579833984,3.1844215393066406,-10.310089111328125,12.242015838623047,-12.949098587036133,27.35748291015625,-59.366600036621094,23.551311492919922,-22.412506103515625,-32.595314025878906,14.496416091918945,-20.8603515625,9.611503601074219,5.023080825805664,-9.808311462402344,14.167612075805664,-19.155595779418945,19.571014404296875,-53.19347381591797,8.17930793762207,-7.96343994140625,-41.119354248046875,18.99677848815918,-17.602333068847656,5.417655944824219,5.775698661804199,-5.224220275878906,16.056528091430664,-24.915414810180664,15.078842163085938,-47.10769271850586,5.154788970947266,-1.9141082763671875,-33.32178497314453,15.454967498779297,-10.404281616210938,1.3703498840332031,7.256978988647461,-5.487831115722656,13.72077751159668
197620,1970-06-12 04:14:26,7.581197738647461,7.807487487792969,-46.418888092041016,-5.413919448852539,-4.523628234863281,-31.79214096069336,-15.4506254196167,-14.256416320800781,-7.596366882324219,-5.370448589324951,33.603546142578125,-61.47817611694336,16.544269561767578,-22.591781616210938,-29.995380401611328,9.360176086425781,-19.89801025390625,7.029014587402344,3.4240341186523438,-10.163589477539062,12.299720764160156,-13.027138710021973,27.4384765625,-59.31211853027344,23.899303436279297,-22.230178833007812,-32.46662902832031,14.623458862304688,-20.751670837402344,9.654216766357422,5.061557769775391,-9.8023681640625,14.158031463623047,-19.183019638061523,19.579345703125,-53.180519104003906,8.623022079467773,-8.190963745117188,-40.98377990722656,19.09153938293457,-17.315467834472656,5.979827880859375,5.552491188049316,-4.91314697265625,16.23250389099121,-24.92014503479004,15.018501281738281,-47.12446975708008,5.180877685546875,-2.3897171020507812,-33.28700256347656,15.631956100463867,-10.058494567871094,1.8577728271484375,7.083013534545898,-4.9246063232421875,14.022090911865234
197636,1970-06-12 04:16:45,7.87152099609375,8.523155212402344,-46.244346618652344,-6.323461532592773,-5.308876037597656,-31.50148582458496,-15.185359001159668,-14.262199401855469,-8.103485107421875,-5.2457380294799805,33.21728515625,-61.69846725463867,16.572322845458984,-22.968795776367188,-29.692035675048828,9.538774490356445,-19.659759521484375,7.446926116943359,3.5310306549072266,-9.842071533203125,12.528806686401367,-12.89414119720459,27.045883178710938,-59.52112579345703,24.109394073486328,-22.439605712890625,-32.16582489013672,14.627412796020508,-20.64598846435547,9.872367858886719,5.033134460449219,-9.698379516601562,14.239542007446289,-19.050987243652344,19.20831298828125,-53.36297607421875,8.492258071899414,-8.361572265625,-40.97663116455078,19.1755428314209,-17.171615600585938,6.124126434326172,5.512284755706787,-4.6841278076171875,16.313705444335938,-24.797176361083984,14.669540405273438,-47.298927307128906,5.041873931884766,-2.6018447875976562,-33.292442321777344,15.684122085571289,-9.944816589355469,2.022815704345703,6.976160049438477,-4.655952453613281,14.166688919067383
197649,1970-06-12 04:18:37,8.395565032958984,9.004829406738281,-46.06052780151367,-7.0324554443359375,-6.043632507324219,-31.217510223388672,-14.967247009277344,-14.101524353027344,-8.763587951660156,-4.7268452644348145,33.02516174316406,-61.84336853027344,16.650592803955078,-23.26593017578125,-29.415613174438477,9.48427963256836,-19.553009033203125,7.789703369140625,3.4454822540283203,-9.639213562011719,12.709037780761719,-12.408370971679688,26.88397216796875,-59.697471618652344,24.278791427612305,-22.652984619140625,-31.88764190673828,14.490781784057617,-20.651817321777344,10.059894561767578,4.904945373535156,-9.663047790527344,14.308130264282227,-18.630416870117188,19.085548400878906,-53.555171966552734,8.141986846923828,-8.205795288085938,-41.0790901184082,19.201351165771484,-17.201950073242188,5.955829620361328,5.52244758605957,-4.641975402832031,16.32231330871582,-24.431262969970703,14.5843505859375,-47.515201568603516,4.9132232666015625,-2.766265869140625,-33.29841995239258,15.698204040527344,-9.906227111816406,2.101390838623047,6.906198501586914,-4.489295959472656,14.254484176635742
197656,1970-06-12 04:19:38,8.430259704589844,9.022186279296875,-46.05079650878906,-7.398532867431641,-6.381523132324219,-31.065284729003906,-14.917183876037598,-14.020042419433594,-8.977087020874023,-4.694643497467041,32.65977478027344,-62.03955078125,16.50127601623535,-23.552749633789062,-29.271146774291992,9.449390411376953,-19.4971923828125,7.969944000244141,3.4423770904541016,-9.509368896484375,12.807321548461914,-12.395135879516602,26.559585571289062,-59.84524154663086,24.16032600402832,-22.949310302734375,-31.7655029296875,14.427915573120117,-20.6395263671875,10.174812316894531,4.889362335205078,-9.591224670410156,14.361688613891602,-18.63652801513672,18.821609497070312,-53.64637756347656,8.034431457519531,-8.493240356445312,-41.04182434082031,19.154033660888672,-17.22673797607422,6.0360107421875,5.531188011169434,-4.549957275390625,16.34524917602539,-24.445045471191406,14.378639221191406,-47.570777893066406,4.818500518798828,-3.007598876953125,-33.29133987426758,15.674163818359375,-9.936080932617188,2.1395492553710938,6.915580749511719,-4.402320861816406,14.277048110961914
197663,1970-06-12 04:20:39,8.505613327026367,9.13995361328125,-46.01369857788086,-7.80418586730957,-6.7481842041015625,-30.88803482055664,-14.775704383850098,-13.875503540039062,-9.424488067626953,-4.695127964019775,32.318267822265625,-62.218101501464844,16.379419326782227,-23.80035400390625,-29.139019012451172,9.437681198120117,-19.43811798095703,8.126533508300781,3.453287124633789,-9.391136169433594,12.891349792480469,-12.407875061035156,26.2498779296875,-59.97909927368164,24.06739044189453,-23.200393676757812,-31.653465270996094,14.3876371383667,-20.61579132080078,10.279430389404297,4.883695602416992,-9.520835876464844,14.410367965698242,-18.660324096679688,18.562850952148438,-53.72819900512695,7.968915939331055,-8.77923583984375,-40.994388580322266,19.121238708496094,-17.228012084960938,6.135532379150391,5.536691665649414,-4.452568054199219,16.37018585205078,-24.471864700317383,14.168983459472656,-47.61986541748047,4.761074066162109,-3.2089920043945312,-33.28079605102539,15.65286636352539,-9.961463928222656,2.177135467529297,6.921152114868164,-4.334281921386719,14.295148849487305
197666,1970-06-12 04:21:05,8.556632995605469,9.199798583984375,-45.9923095703125,-7.950109481811523,-6.880241394042969,-30.82161521911621,-14.714631080627441,-13.809715270996094,-9.614755630493164,-4.656956195831299,32.23382568359375,-62.26475524902344,16.347230911254883,-23.875228881835938,-29.095802307128906,9.430570602416992,-19.418472290039062,8.181591033935547,3.4512290954589844,-9.350936889648438,12.921087265014648,-12.375844955444336,26.1761474609375,-60.01792526245117,24.050527572631836,-23.273025512695312,-31.612934112548828,14.365610122680664,-20.614479064941406,10.312801361083984,4.872608184814453,-9.504676818847656,14.424783706665039,-18.63644790649414,18.504165649414062,-53.75672912597656,7.965782165527344,-8.8564453125,-40.978389739990234,19.10500144958496,-17.233192443847656,6.171440124511719,5.528806686401367,-4.427154541015625,16.379741668701172,-24.452919006347656,14.12469482421875,-47.642757415771484,4.756065368652344,-3.2642745971679688,-33.27613830566406,15.644065856933594,-9.97137451171875,2.1949539184570312,6.914243698120117,-4.315620422363281,14.30413818359375
197673,1970-06-12 04:22:23,8.709213256835938,9.230316162109375,-45.95753860473633,-8.2293701171875,-7.202919006347656,-30.674245834350586,-14.594952583312988,-13.685279846191406,-9.968564987182617,-4.540517330169678,31.97760009765625,-62.40531921386719,16.280439376831055,-24.086944580078125,-28.958433151245117,9.415569305419922,-19.358963012695312,8.338390350341797,3.4461746215820312,-9.238899230957031,13.002777099609375,-12.27485466003418,25.947357177734375,-60.13788986206055,24.023027420043945,-23.471664428710938,-31.486732482910156,14.309337615966797,-20.601913452148438,10.415637969970703,4.840383529663086,-9.453407287597656,14.469259262084961,-18.55734634399414,18.316665649414062,-53.848228454589844,7.984701156616211,-9.079559326171875,-40.925846099853516,19.061710357666016,-17.239646911621094,6.286197662353516,5.500174522399902,-4.3518218994140625,16.409542083740234,-24.388029098510742,13.976791381835938,-47.719573974609375,4.754314422607422,-3.432464599609375,-33.259456634521484,15.624298095703125,-9.989524841308594,2.2524566650390625,6.895441055297852,-4.254341125488281,14.331546783447266
197683,1970-06-12 04:23:50,8.920490264892578,9.139572143554688,-45.93514633178711,-8.610790252685547,-7.7040557861328125,-30.44693374633789,-14.451322555541992,-13.538528442382812,-10.370124816894531,-4.454126358032227,31.5240478515625,-62.64185333251953,16.143795013427734,-24.406173706054688,-28.76700782775879,9.42503547668457,-19.265609741210938,8.541435241699219,3.476106643676758,-9.0772705078125,13.108213424682617,-12.206398963928223,25.534530639648438,-60.32823181152344,23.951383590698242,-23.789154052734375,-31.302509307861328,14.246252059936523,-20.565528869628906,10.57281494140625,4.813474655151367,-9.359001159667969,14.539440155029297,-18.510997772216797,17.970230102539062,-53.980743408203125,7.949956893920898,-9.41796875,-40.85607147216797,19.011655807495117,-17.246788024902344,6.416858673095703,5.490139007568359,-4.2413177490234375,16.441804885864258,-24.353790283203125,13.694068908691406,-47.81892395019531,4.664478302001953,-3.7482757568359375,-33.23807907104492,15.615392684936523,-9.989753723144531,2.3124160766601562,6.914209365844727,-4.12286376953125,14.360898971557617
197689,1970-06-12 04:24:42,8.96898078918457,9.087715148925781,-45.93599319458008,-8.82935905456543,-7.943107604980469,-30.32265281677246,-14.410892486572266,-13.482170104980469,-10.499017715454102,-4.522906303405762,31.30218505859375,-62.74809646606445,16.022294998168945,-24.553680419921875,-28.709354400634766,9.457780838012695,-19.21856689453125,8.610946655273438,3.526010513305664,-9.001922607421875,13.146791458129883,-12.27912712097168,25.331619262695312,-60.39897155761719,23.866455078125,-23.940109252929688,-31.25223731994629,14.23620891571045,-20.545501708984375,10.625186920166016,4.826343536376953,-9.312232971191406,14.565176010131836,-18.582630157470703,17.798988342285156,-54.012855529785156,7.886007308959961,-9.613739013671875,-40.82285690307617,18.999923706054688,-17.238327026367188,6.474086761474609,5.509108543395996,-4.17462158203125,16.452526092529297,-24.420228958129883,13.553176879882812,-47.8251838684082,4.583740234375,-3.8960189819335938,-33.232322692871094,15.612186431884766,-9.992591857910156,2.3217849731445312,6.941242218017578,-4.064483642578125,14.364498138427734
197695,1970-06-12 04:25:34,9.084333419799805,9.195770263671875,-45.89179992675781,-9.073631286621094,-8.143081665039062,-30.19723892211914,-14.365055084228516,-13.400794982910156,-10.664709091186523,-4.627992153167725,31.238601684570312,-62.772117614746094,15.894165992736816,-24.62066650390625,-28.72320556640625,9.515684127807617,-19.189437866210938,8.61212158203125,3.6002025604248047,-8.965736389160156,13.151411056518555,-12.384477615356445,25.27740478515625,-60.400177001953125,23.781818389892578,-23.999191284179688,-31.27145004272461,14.239617347717285,-20.5458984375,10.61983871459961,4.848634719848633,-9.300460815429688,14.565290451049805,-18.681095123291016,17.75720977783203,-53.992637634277344,7.86114501953125,-9.7467041015625,-40.796112060546875,18.993806838989258,-17.229835510253906,6.514522552490234,5.530414581298828,-4.141334533691406,16.45378875732422,-24.509328842163086,13.523208618164062,-47.78807067871094,4.5052337646484375,-3.9591598510742188,-33.235595703125,15.613090515136719,-9.995109558105469,2.3047752380371094,6.973175048828125,-4.041473388671875,14.355524063110352
197703,1970-06-12 04:26:43,9.25137710571289,9.431266784667969,-45.810569763183594,-9.282560348510742,-8.263687133789062,-30.1008243560791,-14.334168434143066,-13.323379516601562,-10.802362442016602,-4.734643936157227,31.305923461914062,-62.73060607910156,15.742534637451172,-24.642578125,-28.787858963012695,9.629161834716797,-19.150291442871094,8.573013305664062,3.723907470703125,-8.935623168945312,13.137447357177734,-12.489354133605957,25.345932006835938,-60.34983825683594,23.712839126586914,-23.983139038085938,-31.33606719970703,14.24928092956543,-20.562835693359375,10.573993682861328,4.87205696105957,-9.317474365234375,14.546590805053711,-18.77712631225586,17.82209014892578,-53.937923431396484,7.877767562866211,-9.798309326171875,-40.78054428100586,18.988750457763672,-17.233322143554688,6.520023345947266,5.554701805114746,-4.155853271484375,16.44194221496582,-24.595354080200195,13.584403991699219,-47.726478576660156,4.441692352294922,-4.034271240234375,-33.23511505126953,15.631111145019531,-9.968673706054688,2.2971572875976562,7.016452789306641,-4.002616882324219,14.345319747924805
197709,1970-06-12 04:27:35,9.358169555664062,9.552490234375,-45.76373291015625,-9.36529541015625,-8.32977294921875,-30.05694580078125,-14.328262329101562,-13.314163208007812,-10.821550369262695,-4.80700159072876,31.319107055664062,-62.7185173034668,15.680289268493652,-24.656936645507812,-28.80951690673828,9.70231819152832,-19.11688995361328,8.5650634765625,3.79443359375,-8.907791137695312,13.136173248291016,-12.55696964263916,25.355331420898438,-60.33186340332031,23.695220947265625,-23.9691162109375,-31.360126495361328,14.267119407653809,-20.55890655517578,10.557579040527344,4.889463424682617,-9.318695068359375,14.539966583251953,-18.835538864135742,17.827285766601562,-53.91583251953125,7.963136672973633,-9.886260986328125,-40.742713928222656,18.987300872802734,-17.212051391601562,6.580165863037109,5.554471015930176,-4.1447601318359375,16.444822311401367,-24.6461238861084,13.585670471191406,-47.69991683959961,4.415443420410156,-4.126182556152344,-33.22732925415039,15.655208587646484,-9.928756713867188,2.305919647216797,7.053594589233398,-3.9528884887695312,14.340890884399414
197716,1970-06-12 04:28:36,9.428895950317383,9.670394897460938,-45.72443771362305,-9.41535758972168,-8.359062194824219,-30.033164978027344,-14.3244047164917,-13.315025329589844,-10.825593948364258,-4.846735000610352,31.343276977539062,-62.70338439941406,15.636655807495117,-24.66119384765625,-28.82957649230957,9.767467498779297,-19.08448028564453,8.563316345214844,3.852367401123047,-8.878890991210938,13.138875961303711,-12.592920303344727,25.374801635742188,-60.31618118286133,23.696317672729492,-23.9482421875,-31.375232696533203,14.280305862426758,-20.555992126464844,10.545402526855469,4.899410247802734,-9.322235107421875,14.534355163574219,-18.865367889404297,17.841079711914062,-53.900840759277344,8.089574813842773,-9.97442626953125,-40.69629669189453,18.975341796875,-17.186012268066406,6.6819305419921875,5.5231451988220215,-4.119659423828125,16.461669921875,-24.671470642089844,13.594070434570312,-47.68442153930664,4.417209625244141,-4.19915771484375,-33.217952728271484,15.674209594726562,-9.893241882324219,2.3293380737304688,7.069927215576172,-3.9085922241210938,14.344991683959961
197722,1970-06-12 04:29:28,9.491865158081055,9.786643981933594,-45.68666076660156,-9.433650970458984,-8.382026672363281,-30.021020889282227,-14.281768798828125,-13.305709838867188,-10.89317512512207,-4.8687214851379395,31.384902954101562,-62.68086242675781,15.642763137817383,-24.639816284179688,-28.84454917907715,9.833639144897461,-19.04930877685547,8.565879821777344,3.898801803588867,-8.852188110351562,13.143198013305664,-12.60761833190918,25.404129028320312,-60.30076217651367,23.740407943725586,-23.894973754882812,-31.382522583007812,14.304012298583984,-20.54436492919922,10.53592300415039,4.90709114074707,-9.326560974121094,14.528980255126953,-18.87196922302246,17.857032775878906,-53.89324951171875,8.139875411987305,-9.952880859375,-40.69153594970703,18.993755340576172,-17.16260528564453,6.689792633056641,5.521242618560791,-4.123191833496094,16.461423873901367,-24.67435073852539,13.597419738769531,-47.681976318359375,4.456829071044922,-4.219085693359375,-33.21012878417969,15.69186019897461,-9.859428405761719,2.3537635803222656,7.069881439208984,-3.8855056762695312,14.351282119750977
197730,1970-06-12 04:30:38,9.52642822265625,9.866630554199219,-45.662254333496094,-9.418498992919922,-8.396156311035156,-30.021831512451172,-14.231575965881348,-13.308761596679688,-10.954959869384766,-4.881210803985596,31.429962158203125,-62.657310485839844,15.684197425842285,-24.60205078125,-28.854278564453125,9.899208068847656,-19.01483154296875,8.566967010498047,3.9375972747802734,-8.831550598144531,13.145513534545898,-12.61025619506836,25.4320068359375,-60.288455963134766,23.813495635986328,-23.824600219726562,-31.38064956665039,14.335193634033203,-20.52503204345703,10.53122329711914,4.91375732421875,-9.329360961914062,14.524930953979492,-18.864837646484375,17.867095947265625,-53.89241027832031,8.195880889892578,-9.903472900390625,-40.69234848022461,19.02153968811035,-17.1322021484375,6.688762664794922,5.517941951751709,-4.129554748535156,16.460935592651367,-24.663719177246094,13.590744018554688,-47.68938064575195,4.502506256103516,-4.230995178222656,-33.20245361328125,15.715810775756836,-9.81494140625,2.379749298095703,7.0679473876953125,-3.8575515747070312,14.35977554321289
197739,1970-06-12 04:31:55,9.581384658813477,9.859870910644531,-45.652217864990234,-9.416301727294922,-8.454154968261719,-30.006242752075195,-14.166243553161621,-13.281097412109375,-11.072576522827148,-4.805342674255371,31.3876953125,-62.68435287475586,15.725850105285645,-24.626144409179688,-28.811019897460938,9.910940170288086,-18.991546630859375,8.604969024658203,3.9356651306152344,-8.805793762207031,13.163362503051758,-12.534961700439453,25.387588500976562,-60.3228759765625,23.87225341796875,-23.836654663085938,-31.326801300048828,14.328940391540527,-20.510971069335938,10.567089080810547,4.896909713745117,-9.3175048828125,14.538225173950195,-18.795209884643555,17.823760986328125,-53.93107223510742,8.252511978149414,-9.9178466796875,-40.677398681640625,19.021461486816406,-17.12163543701172,6.715980529785156,5.501072883605957,-4.122016906738281,16.46847152709961,-24.601041793823242,13.548606872558594,-47.73372268676758,4.541355133056641,-4.300025939941406,-33.188289642333984,15.727720260620117,-9.786575317382812,2.4175376892089844,7.061853408813477,-3.816162109375,14.37382698059082
197747,1970-06-12 04:33:05,9.650543212890625,9.885971069335938,-45.63199996948242,-9.451208114624023,-8.48602294921875,-29.986265182495117,-14.12042236328125,-13.216285705566406,-11.207826614379883,-4.6843976974487305,31.384368896484375,-62.69517517089844,15.717425346374512,-24.670013427734375,-28.778064727783203,9.888185501098633,-18.98778533935547,8.639396667480469,3.918149948120117,-8.788734436035156,13.179971694946289,-12.425165176391602,25.395233154296875,-60.34237289428711,23.880035400390625,-23.877029418945312,-31.29010009765625,14.287073135375977,-20.52850341796875,10.589702606201172,4.865877151489258,-9.321708679199219,14.54594612121582,-18.703712463378906,17.84101104736328,-53.95717239379883,8.272062301635742,-9.91973876953125,-40.672969818115234,18.99215316772461,-17.149986267089844,6.7265777587890625,5.479752540588379,-4.1316680908203125,16.47315788269043,-24.523099899291992,13.574790954589844,-47.76637649536133,4.557334899902344,-4.3279571533203125,-33.18246841430664,15.717403411865234,-9.798934936523438,2.4345741271972656,7.048118591308594,-3.8110580444335938,14.381917953491211
197760,1970-06-12 04:34:57,9.734346389770508,9.978233337402344,-45.59410095214844,-9.566194534301758,-8.533950805664062,-29.936155319213867,-14.06839656829834,-13.105506896972656,-11.40165901184082,-4.653511047363281,31.428878784179688,-62.6751708984375,15.653633117675781,-24.688827514648438,-28.796688079833984,9.867185592651367,-19.002471923828125,8.631103515625,3.9158496856689453,-8.793777465820312,13.177291870117188,-12.404058456420898,25.4522705078125,-60.322669982910156,23.826702117919922,-23.905685424804688,-31.308868408203125,14.253674507141113,-20.559600830078125,10.574363708496094,4.8547821044921875,-9.338523864746094,14.538871765136719,-18.693565368652344,17.905662536621094,-53.93927001953125,8.408926010131836,-10.0377197265625,-40.61592102050781,18.92836570739746,-17.161170959472656,6.876209259033203,5.408207893371582,-4.099586486816406,16.504785537719727,-24.518081665039062,13.646316528320312,-47.74856948852539,4.5667572021484375,-4.4787139892578125,-33.161163330078125,15.723091125488281,-9.774581909179688,2.4949874877929688,7.051715850830078,-3.7412567138671875,14.398473739624023
197766,1970-06-12 04:35:49,9.765357971191406,10.025619506835938,-45.57707214355469,-9.621255874633789,-8.54083251953125,-29.916542053222656,-14.072397232055664,-13.069580078125,-11.437906265258789,-4.739988327026367,31.47271728515625,-62.64668655395508,15.585039138793945,-24.668548583984375,-28.85123062133789,9.888338088989258,-19.01593017578125,8.577079772949219,3.9516372680664062,-8.816207885742188,13.151601791381836,-12.48927116394043,25.497756958007812,-60.28586959838867,23.767953872680664,-23.896240234375,-31.360698699951172,14.261564254760742,-20.57232666015625,10.538925170898438,4.873880386352539,-9.350128173828125,14.525012969970703,-18.77176284790039,17.949478149414062,-53.89753341674805,8.617403030395508,-10.283065795898438,-40.510711669921875,18.89022445678711,-17.10857391357422,7.108226776123047,5.346169948577881,-4.018714904785156,16.54483985900879,-24.588211059570312,13.688407897949219,-47.700435638427734,4.676349639892578,-4.682647705078125,-33.11769104003906,15.733619689941406,-9.725028991699219,2.619159698486328,7.038042068481445,-3.6493148803710938,14.428730010986328
197773,1970-06-12 04:36:50,9.801887512207031,10.039985656738281,-45.56606674194336,-9.657089233398438,-8.587364196777344,-29.89167022705078,-14.056684494018555,-13.058403015136719,-11.46994400024414,-4.872143268585205,31.377593994140625,-62.68424987792969,15.527632713317871,-24.7052001953125,-28.850818634033203,9.926799774169922,-18.99688720703125,8.574844360351562,3.9959678649902344,-8.796852111816406,13.151166915893555,-12.614545822143555,25.403121948242188,-60.29973602294922,23.71837615966797,-23.935348510742188,-31.368406295776367,14.289413452148438,-20.550758361816406,10.543258666992188,4.905206680297852,-9.326469421386719,14.529678344726562,-18.881839752197266,17.861907958984375,-53.8881721496582,8.585538864135742,-10.386245727539062,-40.49114990234375,18.908262252807617,-17.08172607421875,7.1248016357421875,5.379525184631348,-3.9868316650390625,16.5417423248291,-24.684751510620117,13.6077880859375,-47.67362976074219,4.769748687744141,-4.857276916503906,-33.07919692993164,15.738807678222656,-9.691665649414062,2.7100448608398438,7.03668212890625,-3.583465576171875,14.44588851928711
197780,1970-06-12 04:37:51,9.826631546020508,10.0311279296875,-45.562686920166016,-9.662904739379883,-8.620506286621094,-29.8802433013916,-14.063905715942383,-13.0804443359375,-11.435934066772461,-4.940885543823242,31.263534545898438,-62.73583984375,15.494577407836914,-24.763687133789062,-28.81842613220215,9.951513290405273,-18.970474243164062,8.604637145996094,4.022163391113281,-8.762863159179688,13.165863037109375,-12.679712295532227,25.291839599609375,-60.33283615112305,23.69283103942871,-23.988815307617188,-31.34686279296875,14.303672790527344,-20.52862548828125,10.567012786865234,4.921440124511719,-9.299148559570312,14.541690826416016,-18.939109802246094,17.760955810546875,-53.90144348144531,8.551849365234375,-10.464828491210938,-40.47804260253906,18.9191837310791,-17.063491821289062,7.139499664306641,5.3980488777160645,-3.9552383422851562,16.543292999267578,-24.73497200012207,13.516914367675781,-47.673458099365234,4.761692047119141,-4.904945373535156,-33.07332229614258,15.737447738647461,-9.691627502441406,2.718097686767578,7.04340934753418,-3.5676422119140625,14.44651985168457
197787,1970-06-12 04:38:52,9.796724319458008,10.029609680175781,-45.569461822509766,-9.680206298828125,-8.630599975585938,-29.871726989746094,-14.082419395446777,-13.103446960449219,-11.386714935302734,-5.014335632324219,31.204864501953125,-62.75921630859375,15.461457252502441,-24.79339599609375,-28.810678482055664,9.9742431640625,-18.954063415527344,8.614459991455078,4.046947479248047,-8.743301391601562,13.171270370483398,-12.74936580657959,25.233810424804688,-60.34245681762695,23.665132522583008,-24.014266967773438,-31.348289489746094,14.318849563598633,-20.515762329101562,10.571468353271484,4.938783645629883,-9.28466796875,14.545064926147461,-19.00033950805664,17.707550048828125,-53.8974609375,8.520910263061523,-10.510910034179688,-40.472625732421875,18.928735733032227,-17.049972534179688,7.146480560302734,5.412614345550537,-3.9342422485351562,16.54353904724121,-24.788671493530273,13.468048095703125,-47.65938949584961,4.741336822509766,-4.913246154785156,-33.07501220703125,15.735940933227539,-9.695762634277344,2.7120437622070312,7.049690246582031,-3.5662384033203125,14.443807601928711
197793,1970-06-12 04:40:01,9.697046279907227,10.006568908691406,-45.59584045410156,-9.703878402709961,-8.643547058105469,-29.860305786132812,-14.096593856811523,-13.137924194335938,-11.32929801940918,-5.180972099304199,31.153350830078125,-62.771278381347656,15.42918872833252,-24.796371459960938,-28.825410842895508,10.024538040161133,-18.93157958984375,8.605537414550781,4.093166351318359,-8.726448059082031,13.168167114257812,-12.903348922729492,25.1739501953125,-60.33472442626953,23.634124755859375,-24.00714111328125,-31.377138137817383,14.366498947143555,-20.48932647705078,10.558055877685547,4.979986190795898,-9.267715454101562,14.541828155517578,-19.131561279296875,17.644187927246094,-53.87181854248047,8.452716827392578,-10.533477783203125,-40.481056213378906,18.968093872070312,-17.020355224609375,7.112640380859375,5.459164619445801,-3.9201126098632812,16.531591415405273,-24.901832580566406,13.401626586914062,-47.619102478027344,4.7100982666015625,-4.903999328613281,-33.08085250854492,15.744401931762695,-9.688056945800781,2.6903915405273438,7.0716705322265625,-3.568695068359375,14.432453155517578
197799,1970-06-12 04:40:53,9.581701278686523,9.986518859863281,-45.62461471557617,-9.690242767333984,-8.635604858398438,-29.86703109741211,-14.096366882324219,-13.181808471679688,-11.278497695922852,-5.353846549987793,31.099685668945312,-62.78337097167969,15.421745300292969,-24.784561157226562,-28.83954620361328,10.08845329284668,-18.903892517089844,8.591686248779297,4.145273208618164,-8.711265563964844,13.161914825439453,-13.059710502624512,25.106170654296875,-60.32932662963867,23.62939453125,-23.981307983398438,-31.400440216064453,14.426530838012695,-20.45245361328125,10.547687530517578,5.024145126342773,-9.247459411621094,14.53953742980957,-19.261241912841797,17.568099975585938,-53.85047149658203,8.39554214477539,-10.542739868164062,-40.490543365478516,19.01919937133789,-16.9774169921875,7.078701019287109,5.505017280578613,-3.9025421142578125,16.520544052124023,-25.011940002441406,13.318016052246094,-47.58484649658203,4.690010070800781,-4.89752197265625,-33.08466339111328,15.760810852050781,-9.665641784667969,2.6749038696289062,7.093288421630859,-3.5614242553710938,14.423637390136719
197806,1970-06-12 04:41:54,9.515005111694336,9.937614440917969,-45.64924240112305,-9.638162612915039,-8.612548828125,-29.890527725219727,-14.080878257751465,-13.201057434082031,-11.27532958984375,-5.451807975769043,31.041717529296875,-62.80363464355469,15.428313255310059,-24.808013916015625,-28.81586456298828,10.127311706542969,-18.871482849121094,8.617183685302734,4.173000335693359,-8.680335998535156,13.173582077026367,-13.147470474243164,25.039947509765625,-60.337791442871094,23.633773803710938,-23.97650146484375,-31.400819778442383,14.462986946105957,-20.42449951171875,10.551948547363281,5.049467086791992,-9.228889465332031,14.542560577392578,-19.333118438720703,17.498855590820312,-53.847259521484375,8.374002456665039,-10.569198608398438,-40.48810577392578,19.049219131469727,-16.944908142089844,7.075893402099609,5.5269012451171875,-3.8811111450195312,16.518281936645508,-25.07250213623047,13.246192932128906,-47.573020935058594,4.680141448974609,-4.892402648925781,-33.08681869506836,15.769285202026367,-9.654365539550781,2.6656761169433594,7.103931427001953,-3.55828857421875,14.419170379638672
197812,1970-06-12 04:42:46,9.478874206542969,9.872474670410156,-45.6708869934082,-9.603626251220703,-8.604393005371094,-29.90399169921875,-14.0686616897583,-13.201622009277344,-11.289905548095703,-5.481026649475098,31.015579223632812,-62.814002990722656,15.432065963745117,-24.858474731445312,-28.770322799682617,10.146306991577148,-18.828895568847656,8.68770980834961,4.179340362548828,-8.622734069824219,13.209358215332031,-13.173334121704102,25.01116943359375,-60.34408187866211,23.637985229492188,-23.978424072265625,-31.39617919921875,14.474695205688477,-20.41368865966797,10.556800842285156,5.057104110717773,-9.221015930175781,14.544904708862305,-19.35396385192871,17.469680786132812,-53.849239349365234,8.361419677734375,-10.578842163085938,-40.488189697265625,19.061038970947266,-16.93291473388672,7.072750091552734,5.535749912261963,-3.8722152709960938,16.517406463623047,-25.08989906311035,13.21673583984375,-47.572044372558594,4.6858367919921875,-4.859809875488281,-33.09081268310547,15.764602661132812,-9.663825988769531,2.6590614318847656,7.097391128540039,-3.57525634765625,14.418193817138672
197819,1970-06-12 04:43:46,9.475074768066406,9.788223266601562,-45.68980407714844,-9.58389663696289,-8.619453430175781,-29.90598487854004,-14.064558029174805,-13.197708129882812,-11.29958724975586,-5.483711242675781,31.003341674804688,-62.81980895996094,15.410009384155273,-24.846435546875,-28.79254150390625,10.174089431762695,-18.8372802734375,8.636898040771484,4.214197158813477,-8.647796630859375,13.18187141418457,-13.17568588256836,24.999053955078125,-60.348594665527344,23.63918685913086,-23.984405517578125,-31.390701293945312,14.475629806518555,-20.410812377929688,10.561080932617188,5.057748794555664,-9.217918395996094,14.546642303466797,-19.3558349609375,17.458511352539062,-53.852195739746094,8.328607559204102,-10.567108154296875,-40.498016357421875,19.069976806640625,-16.93463134765625,7.0445098876953125,5.551448822021484,-3.8775100708007812,16.510892868041992,-25.09144401550293,13.206474304199219,-47.574073791503906,4.6943817138671875,-4.81695556640625,-33.09587097167969,15.75499153137207,-9.682586669921875,2.647754669189453,7.089689254760742,-3.6032028198242188,14.415027618408203
197826,1970-06-12 04:44:47,9.608463287353516,9.74481201171875,-45.671226501464844,-9.461071014404297,-8.571205139160156,-29.958913803100586,-14.154521942138672,-13.284324645996094,-11.083694458007812,-5.4653449058532715,30.998138427734375,-62.823978424072266,15.413710594177246,-24.835250854492188,-28.800216674804688,10.18011474609375,-18.851295471191406,8.59912109375,4.226222991943359,-8.676162719726562,13.159358978271484,-13.157990455627441,24.99395751953125,-60.35456085205078,23.649429321289062,-23.987777709960938,-31.380413055419922,14.472484588623047,-20.409622192382812,10.567693710327148,5.053447723388672,-9.216590881347656,14.548978805541992,-19.339990615844727,17.453880310058594,-53.8593864440918,8.338006973266602,-10.568023681640625,-40.495845794677734,19.069055557250977,-16.935073852539062,7.0459136962890625,5.549797534942627,-3.8790969848632812,16.511077880859375,-25.077423095703125,13.202308654785156,-47.58262634277344,4.708732604980469,-4.796440124511719,-33.09680938720703,15.749683380126953,-9.691925048828125,2.645160675048828,7.083671569824219,-3.6180953979492188,14.414253234863281
197833,1970-06-12 04:45:48,9.59478759765625,9.647224426269531,-45.6948127746582,-9.356103897094727,-8.51519775390625,-30.007810592651367,-14.18986701965332,-13.327529907226562,-10.986200332641602,-5.456938743591309,30.987319946289062,-62.83004379272461,15.428935050964355,-24.837158203125,-28.79041290283203,10.185811996459961,-18.850784301757812,8.593486785888672,4.230915069580078,-8.6822509765625,13.153841018676758,-13.148606300354004,24.981414794921875,-60.3618049621582,23.665010452270508,-23.986968994140625,-31.369285583496094,14.475011825561523,-20.40393829345703,10.575204849243164,5.05198860168457,-9.212974548339844,14.551774978637695,-19.330291748046875,17.44060516357422,-53.86717224121094,8.355443954467773,-10.5787353515625,-40.48944854736328,19.07331085205078,-16.928245544433594,7.050834655761719,5.551663398742676,-3.8778762817382812,16.5107364654541,-25.068246841430664,13.188392639160156,-47.59131622314453,4.736347198486328,-4.785072326660156,-33.09451675415039,15.746343612670898,-9.696014404296875,2.6500473022460938,7.077022552490234,-3.6286773681640625,14.414861679077148
197839,1970-06-12 04:46:40,9.545804977416992,9.5941162109375,-45.71624755859375,-9.306026458740234,-8.492401123046875,-30.029834747314453,-14.195647239685059,-13.356803894042969,-10.943103790283203,-5.460696220397949,30.95587158203125,-62.84521484375,15.44994068145752,-24.841232299804688,-28.77562713623047,10.194644927978516,-18.841567993164062,8.603233337402344,4.23316764831543,-8.67486572265625,13.157979965209961,-13.149463653564453,24.946670532226562,-60.37598419189453,23.686279296875,-23.988311767578125,-31.35220718383789,14.484192848205566,-20.390716552734375,10.588109970092773,5.053974151611328,-9.203453063964844,14.557107925415039,-19.328266143798828,17.405235290527344,-53.87933349609375,8.360761642456055,-10.585739135742188,-40.48652267456055,19.084701538085938,-16.91692352294922,7.047191619873047,5.559082508087158,-3.8743972778320312,16.509056091308594,-25.065181732177734,13.152557373046875,-47.602848052978516,4.749744415283203,-4.753974914550781,-33.09708023071289,15.743593215942383,-9.703140258789062,2.6403160095214844,7.0745086669921875,-3.6474685668945312,14.411352157592773
197847,1970-06-12 04:47:49,9.500852584838867,9.540557861328125,-45.73681640625,-9.216094970703125,-8.482162475585938,-30.06044578552246,-14.155725479125977,-13.393997192382812,-10.949348449707031,-5.456864833831787,30.838973999023438,-62.902992248535156,15.523883819580078,-24.87237548828125,-28.708843231201172,10.20889663696289,-18.806915283203125,8.661968231201172,4.224855422973633,-8.637176513671875,13.185420989990234,-13.137951850891113,24.821456909179688,-60.4300651550293,23.75307846069336,-24.004409790039062,-31.289276123046875,14.508058547973633,-20.348678588867188,10.63621711730957,5.056327819824219,-9.17010498046875,14.577323913574219,-19.31005859375,17.28112030029297,-53.92579650878906,8.330720901489258,-10.586090087890625,-40.492618560791016,19.121376037597656,-16.882354736328125,7.0306549072265625,5.573517322540283,-3.8481979370117188,16.510318756103516,-25.045448303222656,13.029869079589844,-47.64695358276367,4.7622833251953125,-4.656837463378906,-33.10908508300781,15.735700607299805,-9.72412109375,2.609996795654297,7.059518814086914,-3.693328857421875,14.407020568847656
197854,1970-06-12 04:48:50,9.488626480102539,9.483871459960938,-45.75114059448242,-9.146844863891602,-8.46722412109375,-30.085796356201172,-14.126500129699707,-13.399765014648438,-10.979991912841797,-5.4274163246154785,30.74627685546875,-62.95090866088867,15.553509712219238,-24.904449462890625,-28.664974212646484,10.20726203918457,-18.795387268066406,8.688873291015625,4.218114852905273,-8.623397827148438,13.196592330932617,-13.1079683303833,24.7296142578125,-60.47421646118164,23.78207778930664,-24.0419921875,-31.238361358642578,14.508223533630371,-20.328048706054688,10.675361633300781,5.05015754699707,-9.147216796875,14.593833923339844,-19.281585693359375,17.196495056152344,-53.96302795410156,8.193658828735352,-10.511032104492188,-40.54011535644531,19.150197982788086,-16.89178466796875,6.928794860839844,5.610663890838623,-3.8571548461914062,16.495641708374023,-25.01950454711914,12.9522705078125,-47.68172836303711,4.733066558837891,-4.5954437255859375,-33.121849060058594,15.726764678955078,-9.745597839355469,2.583637237548828,7.046670913696289,-3.7169189453125,14.40723991394043
197860,1970-06-12 04:49:42,9.485527038574219,9.424652099609375,-45.76401901245117,-9.116128921508789,-8.478965759277344,-30.091814041137695,-14.119363784790039,-13.410850524902344,-10.975637435913086,-5.390178680419922,30.69342041015625,-62.979888916015625,15.580551147460938,-24.9200439453125,-28.636722564697266,10.194639205932617,-18.796653747558594,8.700939178466797,4.204294204711914,-8.624420166015625,13.200332641601562,-13.071870803833008,24.678314208984375,-60.50297927856445,23.80359649658203,-24.067092895507812,-31.202613830566406,14.502769470214844,-20.31805419921875,10.701765060424805,5.04161262512207,-9.134651184082031,14.604652404785156,-19.249046325683594,17.15020751953125,-53.98936462402344,8.120233535766602,-10.464263916015625,-40.566978454589844,19.16443634033203,-16.903671264648438,6.860107421875,5.636364459991455,-3.8727569580078125,16.483219146728516,-24.9906005859375,12.910835266113281,-47.70811462402344,4.685024261474609,-4.5147247314453125,-33.139774322509766,15.720226287841797,-9.772903442382812,2.5194625854492188,7.063627243041992,-3.76470947265625,14.386518478393555
197868,1970-06-12 04:50:51,9.43813705444336,9.337417602539062,-45.791690826416016,-9.09805679321289,-8.484085083007812,-30.095840454101562,-14.131342887878418,-13.426994323730469,-10.940423965454102,-5.375505447387695,30.668914794921875,-62.993080139160156,15.609907150268555,-24.902999877929688,-28.63556480407715,10.161203384399414,-18.82488250732422,8.679000854492188,4.1768646240234375,-8.658668518066406,13.186613082885742,-13.058015823364258,24.655166625976562,-60.515411376953125,23.809415817260742,-24.081436157226562,-31.187105178833008,14.499330520629883,-20.314430236816406,10.713306427001953,5.038049697875977,-9.12908935546875,14.609357833862305,-19.23693084716797,17.129928588867188,-54.0001220703125,8.126970291137695,-10.483169555664062,-40.56074523925781,19.161949157714844,-16.899147033691406,6.878192901611328,5.628358840942383,-3.8602447509765625,16.4888858795166,-24.980005264282227,12.893310546875,-47.71840286254883,4.687255859375,-4.4431304931640625,-33.149131774902344,15.707267761230469,-9.805030822753906,2.4750633239746094,7.073707580566406,-3.8223724365234375,14.366344451904297
197874,1970-06-12 04:51:43,9.367084503173828,9.265525817871094,-45.82087326049805,-9.131502151489258,-8.500526428222656,-30.081069946289062,-14.156744956970215,-13.432830810546875,-10.900352478027344,-5.460771560668945,30.612533569335938,-63.0131721496582,15.571349143981934,-24.904388427734375,-28.655349731445312,10.14447021484375,-18.850784301757812,8.642250061035156,4.1779937744140625,-8.687522888183594,13.16726303100586,-13.141931533813477,24.604324340820312,-60.51793670654297,23.751094818115234,-24.121078491210938,-31.200937271118164,14.507354736328125,-20.310440063476562,10.710000991821289,5.05693244934082,-9.117561340332031,14.610036849975586,-19.313838958740234,17.087745666503906,-53.986026763916016,8.126274108886719,-10.581298828125,-40.535396575927734,19.154754638671875,-16.88684844970703,6.928218841552734,5.6295881271362305,-3.8264694213867188,16.496339797973633,-25.048898696899414,12.859405517578125,-47.69143295288086,4.701446533203125,-4.490867614746094,-33.140689849853516,15.697227478027344,-9.813453674316406,2.5052032470703125,7.063116073608398,-3.8091278076171875,14.375072479248047
197882,1970-06-12 04:52:53,9.287275314331055,9.153480529785156,-45.859622955322266,-9.187723159790039,-8.556655883789062,-30.048017501831055,-14.188338279724121,-13.448966979980469,-10.839210510253906,-5.5507612228393555,30.463180541992188,-63.07765197753906,15.505400657653809,-24.973403930664062,-28.63103485107422,10.134801864624023,-18.849655151367188,8.65606689453125,4.187042236328125,-8.673309326171875,13.173755645751953,-13.232271194458008,24.467422485351562,-60.553749084472656,23.674793243408203,-24.21746826171875,-31.184253692626953,14.510080337524414,-20.296066284179688,10.733545303344727,5.076082229614258,-9.085983276367188,14.62306022644043,-19.398393630981445,16.971878051757812,-53.99226379394531,8.049409866333008,-10.692138671875,-40.521644592285156,19.152545928955078,-16.884132385253906,6.940975189208984,5.654053688049316,-3.7883224487304688,16.496774673461914,-25.125410079956055,12.763626098632812,-47.676910400390625,4.665565490722656,-4.5679168701171875,-33.135231018066406,15.687263488769531,-9.827056884765625,2.5142860412597656,7.072004318237305,-3.7871170043945312,14.376518249511719
197889,1970-06-12 04:53:53,9.272893905639648,9.040641784667969,-45.884910583496094,-9.210653305053711,-8.655250549316406,-30.012739181518555,-14.181914329528809,-13.478813171386719,-10.81049919128418,-5.585027694702148,30.295989990234375,-63.15510177612305,15.506416320800781,-25.041275024414062,-28.571136474609375,10.145242691040039,-18.822830200195312,8.702072143554688,4.194658279418945,-8.637046813964844,13.195140838623047,-13.263154983520508,24.303619384765625,-60.6129264831543,23.674787521362305,-24.289535522460938,-31.128158569335938,14.522134780883789,-20.261749267578125,10.781959533691406,5.084833145141602,-9.045578002929688,14.64505386352539,-19.42388916015625,16.822662353515625,-54.02978515625,7.918806076049805,-10.7088623046875,-40.5429573059082,19.187623977661133,-16.880516052246094,6.8523101806640625,5.718283176422119,-3.7853775024414062,16.475299835205078,-25.146987915039062,12.628501892089844,-47.70151138305664,4.644763946533203,-4.606773376464844,-33.132774353027344,15.686487197875977,-9.829048156738281,2.511341094970703,7.079629898071289,-3.77288818359375,14.376502990722656
197895,1970-06-12 04:54:45,9.314516067504883,9.018348693847656,-45.88086700439453,-9.272745132446289,-8.770309448242188,-29.960168838500977,-14.14513874053955,-13.474334716796875,-10.8641357421875,-5.548586845397949,30.264846801757812,-63.173240661621094,15.547933578491211,-25.043045043945312,-28.547000885009766,10.149312973022461,-18.812103271484375,8.72052001953125,4.187725067138672,-8.62750244140625,13.203590393066406,-13.225072860717773,24.268585205078125,-60.63528060913086,23.718557357788086,-24.288223266601562,-31.095848083496094,14.52560043334961,-20.24750518798828,10.80401611328125,5.077655792236328,-9.035850524902344,14.653545379638672,-19.386795043945312,16.786483764648438,-54.054351806640625,7.930662155151367,-10.696502685546875,-40.54390335083008,19.198055267333984,-16.871475219726562,6.845325469970703,5.718615531921387,-3.7850875854492188,16.47525405883789,-25.11278533935547,12.59136962890625,-47.72933578491211,4.653209686279297,-4.599884033203125,-33.132545471191406,15.691896438598633,-9.821128845214844,2.508502960205078,7.079425811767578,-3.77099609375,14.377103805541992
197902,1970-06-12 04:55:46,9.333436965942383,9.0018310546875,-45.88026809692383,-9.41309928894043,-8.941879272460938,-29.865537643432617,-14.0949068069458,-13.449966430664062,-10.959197998046875,-5.494882583618164,30.2725830078125,-63.174232482910156,15.593053817749023,-25.031402587890625,-28.532608032226562,10.148483276367188,-18.805938720703125,8.73476791381836,4.175344467163086,-8.622909545898438,13.210508346557617,-13.170987129211426,24.271820068359375,-60.645755767822266,23.76609230041504,-24.27099609375,-31.072986602783203,14.52425765991211,-20.241546630859375,10.817001342773438,5.06622314453125,-9.03558349609375,14.657665252685547,-19.336002349853516,16.78534698486328,-54.07289123535156,7.97239875793457,-10.672866821289062,-40.54194641113281,19.199668884277344,-16.866409301757812,6.853290557861328,5.704492568969727,-3.7898178100585938,16.47905731201172,-25.06675148010254,12.586128234863281,-47.75490951538086,4.658542633056641,-4.604698181152344,-33.131126403808594,15.70254135131836,-9.803741455078125,2.509918212890625,7.08197021484375,-3.7582778930664062,14.379180908203125
197908,1970-06-12 04:56:38,9.33077621459961,9.017242431640625,-45.877777099609375,-9.47445297241211,-8.992500305175781,-29.830917358398438,-14.079122543334961,-13.434295654296875,-10.998634338378906,-5.4174628257751465,30.299331665039062,-63.16809844970703,15.622220039367676,-25.035797119140625,-28.512802124023438,10.123559951782227,-18.806411743164062,8.762622833251953,4.146089553833008,-8.615715026855469,13.224401473999023,-13.098382949829102,24.300338745117188,-60.650062561035156,23.790388107299805,-24.267852783203125,-31.05685043334961,14.505475997924805,-20.25092315673828,10.824642181396484,5.0475006103515625,-9.043121337890625,14.659482955932617,-19.27301025390625,16.813499450683594,-54.086631774902344,8.012214660644531,-10.660400390625,-40.537376403808594,19.185489654541016,-16.874908447265625,6.8720550537109375,5.682137489318848,-3.7950057983398438,16.485586166381836,-25.01191520690918,12.613876342773438,-47.776336669921875,4.67388916015625,-4.605621337890625,-33.12883758544922,15.701436996459961,-9.8031005859375,2.519317626953125,7.072254180908203,-3.7555465698242188,14.384672164916992
197915,1970-06-12 04:57:39,9.352956771850586,9.032928466796875,-45.87017822265625,-9.477081298828125,-8.97552490234375,-29.835195541381836,-14.092055320739746,-13.423782348632812,-10.99492073059082,-5.331535339355469,30.3138427734375,-63.16844940185547,15.616311073303223,-25.061447143554688,-28.493499755859375,10.092233657836914,-18.80854034423828,8.794116973876953,4.118946075439453,-8.60302734375,13.24113655090332,-13.021541595458984,24.323623657226562,-60.65727615356445,23.786605834960938,-24.292556762695312,-31.040435791015625,14.472799301147461,-20.269371032714844,10.833850860595703,5.025138854980469,-9.050926208496094,14.662343978881836,-19.210224151611328,16.843246459960938,-54.09971618652344,8.05622673034668,-10.6898193359375,-40.520904541015625,19.15430450439453,-16.887657165527344,6.927513122558594,5.644010066986084,-3.7819366455078125,16.501676559448242,-24.95909309387207,12.649604797363281,-47.79451370239258,4.685260772705078,-4.630516052246094,-33.12376022338867,15.69294548034668,-9.811332702636719,2.5401077270507812,7.05622673034668,-3.74615478515625,14.394990921020508
197919,1970-06-12 04:58:31,9.368513107299805,9.023963928222656,-45.86876678466797,-9.470115661621094,-8.974006652832031,-29.837862014770508,-14.099579811096191,-13.425819396972656,-10.982772827148438,-5.300310134887695,30.30133056640625,-63.17707824707031,15.613840103149414,-25.077438354492188,-28.48078155517578,10.081932067871094,-18.80718231201172,8.808837890625,4.110198974609375,-8.595649719238281,13.248640060424805,-12.993539810180664,24.31488037109375,-60.66678237915039,23.78588104248047,-24.309951782226562,-31.027366638183594,14.461127281188965,-20.272796630859375,10.843029022216797,5.017034530639648,-9.049568176269531,14.665958404541016,-19.187255859375,16.838607788085938,-54.109310150146484,8.071569442749023,-10.71539306640625,-40.5110969543457,19.144664764404297,-16.888931274414062,6.9510040283203125,5.6329665184021,-3.7724761962890625,16.507617950439453,-24.939729690551758,12.648811340332031,-47.80482864379883,4.691246032714844,-4.644706726074219,-33.12092590332031,15.689119338989258,-9.815177917480469,2.548847198486328,7.0503997802734375,-3.7419586181640625,14.398937225341797
197926,1970-06-12 04:59:32,9.364583969116211,8.99505615234375,-45.87525177001953,-9.466360092163086,-8.988548278808594,-29.834678649902344,-14.118754386901855,-13.452041625976562,-10.925909042358398,-5.264411926269531,30.208206176757812,-63.224647521972656,15.606968879699707,-25.139495849609375,-28.429784774780273,10.069181442260742,-18.7879638671875,8.864261627197266,4.097555160522461,-8.558494567871094,13.276582717895508,-12.96174430847168,24.229888916015625,-60.70757293701172,23.781875610351562,-24.37091064453125,-30.982582092285156,14.446412086486816,-20.26428985595703,10.878486633300781,5.007535934448242,-9.030021667480469,14.68124008178711,-19.16161346435547,16.767066955566406,-54.140602111816406,8.063730239868164,-10.777145385742188,-40.49626922607422,19.13613510131836,-16.88775634765625,6.977317810058594,5.627998352050781,-3.7477951049804688,16.514930725097656,-24.918317794799805,12.590080261230469,-47.83148956298828,4.692340850830078,-4.689735412597656,-33.11442947387695,15.682136535644531,-9.821525573730469,2.5672874450683594,7.040641784667969,-3.7244491577148438,14.408246994018555
197933,1970-06-12 05:00:32,9.380943298339844,9.031639099121094,-45.864715576171875,-9.46574592590332,-8.976142883300781,-29.838603973388672,-14.114069938659668,-13.444496154785156,-10.941232681274414,-5.232295036315918,30.195632934570312,-63.23331832885742,15.602683067321777,-25.160919189453125,-28.413177490234375,10.061298370361328,-18.78136444091797,8.88714599609375,4.089868545532227,-8.543663024902344,13.288505554199219,-12.932905197143555,24.22113037109375,-60.71721649169922,23.7814998626709,-24.388595581054688,-30.968944549560547,14.434465408325195,-20.267715454101562,10.88796615600586,4.999198913574219,-9.028656005859375,14.68492317199707,-19.137922286987305,16.762435913085938,-54.150413513183594,8.078121185302734,-10.796707153320312,-40.488189697265625,19.125253677368164,-16.89098358154297,6.999290466308594,5.615244388580322,-3.7397918701171875,16.521089553833008,-24.898317337036133,12.589340209960938,-47.84210205078125,4.691383361816406,-4.699363708496094,-33.113197326660156,15.678337097167969,-9.825592041015625,2.574939727783203,7.032806396484375,-3.7190628051757812,14.41346549987793
197939,1970-06-12 05:01:24,9.40073013305664,9.067909240722656,-45.8535041809082,-9.495845794677734,-8.996253967285156,-29.822980880737305,-14.08834171295166,-13.418479919433594,-11.006135940551758,-5.21968936920166,30.197723388671875,-63.233360290527344,15.601814270019531,-25.163223266601562,-28.4116153717041,10.058843612670898,-18.78154754638672,8.889541625976562,4.087820053100586,-8.542587280273438,13.289827346801758,-12.921449661254883,24.224212646484375,-60.71842575073242,23.78260612487793,-24.391555786132812,-30.965763092041016,14.430160522460938,-20.26983642578125,10.88970947265625,4.995969772338867,-9.029617309570312,14.685432434082031,-19.128360748291016,16.76622772216797,-54.152618408203125,8.104312896728516,-10.81427001953125,-40.478271484375,19.118480682373047,-16.89019012451172,7.019695281982422,5.606510639190674,-3.7364273071289062,16.524812698364258,-24.89017105102539,12.593765258789062,-47.845176696777344,4.702674865722656,-4.7105712890625,-33.11000061035156,15.677055358886719,-9.824478149414062,2.58697509765625,7.026098251342773,-3.7130813598632812,14.418277740478516
197948,1970-06-12 05:02:43,9.430950164794922,9.083793640136719,-45.84415817260742,-9.557012557983398,-9.0712890625,-29.78068733215332,-14.054909706115723,-13.398063659667969,-11.073539733886719,-5.179553985595703,30.198822021484375,-63.23614501953125,15.638466835021973,-25.164108276367188,-28.390666961669922,10.040828704833984,-18.781044006347656,8.910972595214844,4.064035415649414,-8.538864135742188,13.299510955810547,-12.882217407226562,24.22412109375,-60.726802825927734,23.808290481567383,-24.3878173828125,-30.94898223876953,14.425298690795898,-20.26795196533203,10.899635314941406,4.986900329589844,-9.029281616210938,14.688720703125,-19.092666625976562,16.765029907226562,-54.165584564208984,8.134967803955078,-10.811294555664062,-40.47291564941406,19.116147994995117,-16.888671875,7.0297088623046875,5.5973358154296875,-3.738616943359375,16.527427673339844,-24.85831069946289,12.591552734375,-47.8623161315918,4.711162567138672,-4.725105285644531,-33.10672378540039,15.682170867919922,-9.814125061035156,2.5952720642089844,7.024595260620117,-3.7008285522460938,14.422159194946289
197968,1970-06-12 05:05:36,9.505956649780273,9.02996826171875,-45.839298248291016,-9.565277099609375,-9.2301025390625,-29.72918701171875,-14.003662109375,-13.451461791992188,-11.073738098144531,-5.07647180557251,30.112197875976562,-63.285797119140625,15.800612449645996,-25.160491943359375,-28.30396270751953,10.02336311340332,-18.755508422851562,8.984111785888672,4.00977897644043,-8.513229370117188,13.33237075805664,-12.772451400756836,24.123153686523438,-60.79014587402344,23.947248458862305,-24.372055053710938,-30.854034423828125,14.440999984741211,-20.22234344482422,10.963382720947266,4.967372894287109,-9.000541687011719,14.71295166015625,-18.983844757080078,16.65790557861328,-54.236839294433594,8.235795974731445,-10.814300537109375,-40.45171356201172,19.14035415649414,-16.843467712402344,7.072162628173828,5.571218490600586,-3.7149581909179688,16.541580200195312,-24.757110595703125,12.478935241699219,-47.94419479370117,4.7303314208984375,-4.8015289306640625,-33.09299087524414,15.718841552734375,-9.745903015136719,2.6302261352539062,7.025108337402344,-3.6240921020507812,14.441387176513672
197977,1970-06-12 05:06:54,9.491067886352539,8.918968200683594,-45.86410903930664,-9.71257209777832,-9.508338928222656,-29.593433380126953,-13.91828727722168,-13.469955444335938,-11.1585693359375,-5.125974178314209,29.95831298828125,-63.35479736328125,15.90676498413086,-25.178298950195312,-28.22857666015625,10.036104202270508,-18.71533203125,9.053401947021484,3.990957260131836,-8.470855712890625,13.364971160888672,-12.807231903076172,23.954421997070312,-60.849525451660156,24.026966094970703,-24.377197265625,-30.78792953491211,14.489240646362305,-20.159507751464844,11.015342712402344,4.984138488769531,-8.954666137695312,14.735261917114258,-19.001934051513672,16.487228393554688,-54.28263473510742,8.216920852661133,-10.828445434570312,-40.45176696777344,19.192689895629883,-16.789276123046875,7.059139251708984,5.594028472900391,-3.6806259155273438,16.541561126708984,-24.767112731933594,12.306907653808594,-47.983482360839844,4.671138763427734,-4.868415832519531,-33.09162902832031,15.759252548217773,-9.683296203613281,2.6196365356445312,7.059700012207031,-3.5550155639648438,14.441682815551758
197983,1970-06-12 05:07:46,9.433029174804688,8.817092895507812,-45.89577102661133,-9.799083709716797,-9.686271667480469,-29.50708770751953,-13.877767562866211,-13.508857727050781,-11.16200065612793,-5.263251304626465,29.809890747070312,-63.41352462768555,15.946379661560059,-25.196197509765625,-28.19021987915039,10.083000183105469,-18.67438507080078,9.085792541503906,4.016735076904297,-8.434074401855469,13.380500793457031,-12.927192687988281,23.792495727539062,-60.88766860961914,24.056167602539062,-24.384231567382812,-30.759532928466797,14.54977798461914,-20.100143432617188,11.04400634765625,5.02092170715332,-8.910789489746094,14.749366760253906,-19.09691047668457,16.324203491210938,-54.29857635498047,8.187591552734375,-10.881744384765625,-40.443416595458984,19.24342155456543,-16.730186462402344,7.061317443847656,5.624616622924805,-3.636016845703125,16.541051864624023,-24.845460891723633,12.143211364746094,-47.984683990478516,4.629688262939453,-4.9179229736328125,-33.09012985229492,15.787256240844727,-9.639533996582031,2.6124343872070312,7.088018417358398,-3.5084915161132812,14.439189910888672
197990,1970-06-12 05:08:47,9.319416046142578,8.52813720703125,-45.97351837158203,-9.880043029785156,-9.926109313964844,-29.400190353393555,-13.89636516571045,-13.617485046386719,-11.005783081054688,-5.470599174499512,29.473770141601562,-63.552940368652344,15.943140029907227,-25.30157470703125,-28.09752082824707,10.14362621307373,-18.606163024902344,9.15799331665039,4.06346321105957,-8.357719421386719,13.414260864257812,-13.115209579467773,23.451950073242188,-60.97951889038086,24.044422149658203,-24.486541748046875,-30.687358856201172,14.619796752929688,-20.01031494140625,11.114429473876953,5.07362174987793,-8.82391357421875,14.783523559570312,-19.25336265563965,16.00336456298828,-54.33882141113281,8.084075927734375,-11.02972412109375,-40.42414855957031,19.303138732910156,-16.663330078125,7.0564117431640625,5.68723201751709,-3.5593109130859375,16.53632164001465,-24.978464126586914,11.841598510742188,-47.99100875854492,4.536067962646484,-5.0409698486328125,-33.0845832824707,15.814775466918945,-9.599525451660156,2.593219757080078,7.141935348510742,-3.438568115234375,14.429443359375
197997,1970-06-12 05:09:47,9.186296463012695,8.279525756835938,-46.04569625854492,-9.949464797973633,-10.116035461425781,-29.311908721923828,-13.945388793945312,-13.7393798828125,-10.790163040161133,-5.685216903686523,29.19439697265625,-63.662960052490234,15.935011863708496,-25.382965087890625,-28.028644561767578,10.199814796447754,-18.54900360107422,9.211353302001953,4.108184814453125,-8.295722961425781,13.43910026550293,-13.310726165771484,23.1671142578125,-61.045989990234375,24.024017333984375,-24.564315795898438,-30.64114761352539,14.689085960388184,-19.932022094726562,11.163646697998047,5.127727508544922,-8.750747680664062,14.808319091796875,-19.417036056518555,15.733428955078125,-54.359397888183594,8.002388000488281,-11.174728393554688,-40.40056610107422,19.356555938720703,-16.59356689453125,7.074451446533203,5.735089302062988,-3.47833251953125,16.537029266357422,-25.118057250976562,11.586181640625,-47.980491638183594,4.466640472412109,-5.139793395996094,-33.07882308959961,15.836420059204102,-9.565757751464844,2.5859298706054688,7.179754257202148,-3.3796920776367188,14.424581527709961
198004,1970-06-12 05:10:48,9.137924194335938,8.11279296875,-46.08498001098633,-9.962715148925781,-10.209205627441406,-29.27507972717285,-13.98051929473877,-13.804557800292969,-10.660734176635742,-5.751773834228516,29.0101318359375,-63.74116516113281,15.922945022583008,-25.454574584960938,-27.970500946044922,10.214483261108398,-18.518699645996094,9.255962371826172,4.1217193603515625,-8.255546569824219,13.459680557250977,-13.372428894042969,22.987030029296875,-61.100563049316406,24.00910186767578,-24.641525268554688,-30.590810775756836,14.707165718078613,-19.89361572265625,11.208244323730469,5.144041061401367,-8.706199645996094,14.828907012939453,-19.46983528137207,15.569793701171875,-54.38762664794922,7.941125869750977,-11.258270263671875,-40.38945770263672,19.37390899658203,-16.572021484375,7.077476501464844,5.758828163146973,-3.43707275390625,16.537405014038086,-25.16364860534668,11.438285827636719,-47.99209213256836,4.458465576171875,-5.1614990234375,-33.07654571533203,15.82768440246582,-9.579734802246094,2.5876541137695312,7.17662239074707,-3.3780593872070312,14.426521301269531
198010,1970-06-12 05:11:40,9.113706588745117,8.012916564941406,-46.10724639892578,-9.994964599609375,-10.280784606933594,-29.239013671875,-14.004192352294922,-13.836311340332031,-10.5882568359375,-5.789467811584473,28.881927490234375,-63.79594802856445,15.89824390411377,-25.5157470703125,-27.928791046142578,10.218597412109375,-18.49866485595703,9.291423797607422,4.129337310791016,-8.224174499511719,13.476537704467773,-13.409399032592773,22.865524291992188,-61.138038635253906,23.98447036743164,-24.70794677734375,-30.556537628173828,14.71115493774414,-19.873397827148438,11.238842010498047,5.152448654174805,-8.677009582519531,14.843090057373047,-19.503591537475586,15.462974548339844,-54.406005859375,7.867410659790039,-11.307220458984375,-40.39021301269531,19.382186889648438,-16.568450927734375,7.063140869140625,5.780115604400635,-3.4126815795898438,16.5350284576416,-25.193832397460938,11.345428466796875,-47.998291015625,4.458286285400391,-5.10986328125,-33.08458709716797,15.803197860717773,-9.623733520507812,2.574016571044922,7.158103942871094,-3.4198760986328125,14.425872802734375
198018,1970-06-12 05:12:50,9.23349380493164,8.057868957519531,-46.07556915283203,-9.91543960571289,-10.264183044433594,-29.271907806396484,-13.949993133544922,-13.816665649414062,-10.685018539428711,-5.618106842041016,28.951553344726562,-63.77970504760742,15.987052917480469,-25.486862182617188,-27.90444564819336,10.207797050476074,-18.49085235595703,9.31882095336914,4.097358703613281,-8.218765258789062,13.48958969116211,-13.242631912231445,22.928192138671875,-61.150917053222656,24.086769104003906,-24.661041259765625,-30.513931274414062,14.688538551330566,-19.87848663330078,11.2593994140625,5.113559722900391,-8.691215515136719,14.848230361938477,-19.35260581970215,15.514808654785156,-54.44514846801758,7.923789978027344,-11.207221984863281,-40.40705871582031,19.372217178344727,-16.56426239013672,7.100215911865234,5.711049556732178,-3.4027786254882812,16.56104850769043,-25.05939483642578,11.38702392578125,-48.058780670166016,4.562042236328125,-4.843711853027344,-33.11046600341797,15.762544631958008,-9.702316284179688,2.5278701782226562,7.099542617797852,-3.571197509765625,14.418140411376953
198025,1970-06-12 05:13:50,9.330984115600586,7.891151428222656,-46.084781646728516,-9.825855255126953,-10.339073181152344,-29.275758743286133,-13.899900436401367,-13.825782775878906,-10.738367080688477,-5.497978210449219,28.883224487304688,-63.821144104003906,16.08008575439453,-25.496749877929688,-27.841882705688477,10.202519416809082,-18.47191619873047,9.362056732177734,4.0715789794921875,-8.20135498046875,13.507980346679688,-13.122486114501953,22.8546142578125,-61.2043342590332,24.183744430541992,-24.666549682617188,-30.43267059326172,14.68232536315918,-19.852310180664062,11.313560485839844,5.087554931640625,-8.671379089355469,14.868745803833008,-19.240598678588867,15.441566467285156,-54.50563430786133,7.980802536010742,-11.2186279296875,-40.39267349243164,19.375904083251953,-16.52690887451172,7.1768035888671875,5.654939651489258,-3.34820556640625,16.591400146484375,-24.958139419555664,11.314193725585938,-48.128623962402344,4.641132354736328,-4.808937072753906,-33.10454559326172,15.756162643432617,-9.705062866210938,2.556964874267578,7.058082580566406,-3.5819168090820312,14.43582534790039
198031,1970-06-12 05:14:42,9.389015197753906,7.793609619140625,-46.089595794677734,-9.805753707885742,-10.411903381347656,-29.256681442260742,-13.872983932495117,-13.831321716308594,-10.765998840332031,-5.439000129699707,28.830078125,-63.850215911865234,16.130125045776367,-25.505126953125,-27.805252075195312,10.196260452270508,-18.467086791992188,9.378379821777344,4.057577133178711,-8.199737548828125,13.513174057006836,-13.06344985961914,22.799652099609375,-61.237457275390625,24.231597900390625,-24.678436279296875,-30.384933471679688,14.679312705993652,-19.835830688476562,11.346317291259766,5.0747833251953125,-8.657028198242188,14.881467819213867,-19.185514450073242,15.388755798339844,-54.53997802734375,8.019502639770508,-11.261390686035156,-40.37310028076172,19.376934051513672,-16.493370056152344,7.2507781982421875,5.614835739135742,-3.2950515747070312,16.615644454956055,-24.90831184387207,11.26348876953125,-48.166316986083984,4.688259124755859,-4.828269958496094,-33.095088958740234,15.755582809448242,-9.696533203125,2.5926437377929688,7.0317535400390625,-3.5647964477539062,14.452899932861328
198038,1970-06-12 05:15:43,9.4512939453125,7.5458831787109375,-46.118080139160156,-9.78131103515625,-10.535476684570312,-29.220603942871094,-13.895858764648438,-13.874946594238281,-10.680021286010742,-5.354338645935059,28.471878051757812,-64.01788330078125,16.114643096923828,-25.7025146484375,-27.631916046142578,10.148843765258789,-18.4266357421875,9.508491516113281,4.024171829223633,-8.1219482421875,13.570024490356445,-12.990432739257812,22.469406127929688,-61.37489700317383,24.207183837890625,-24.8936767578125,-30.22840118408203,14.639337539672852,-19.79497528076172,11.468666076660156,5.051752090454102,-8.579902648925781,14.933876037597656,-19.128772735595703,15.107452392578125,-54.63846206665039,8.032093048095703,-11.532272338867188,-40.29405212402344,19.34415626525879,-16.469406127929688,7.391414642333984,5.584975719451904,-3.1839981079101562,16.64732551574707,-24.862117767333984,11.028526306152344,-48.24448776245117,4.720989227294922,-5.007049560546875,-33.06385803222656,15.730815887451172,-9.717994689941406,2.6617431640625,7.007251739501953,-3.5081939697265625,14.478630065917969
198052,1970-06-12 05:18:02,9.576845169067383,7.6250762939453125,-46.07913589477539,-9.716724395751953,-10.5018310546875,-29.254243850708008,-13.89633560180664,-13.885025024414062,-10.666299819946289,-5.115876197814941,28.387191772460938,-64.07496643066406,16.18754005432129,-25.811065673828125,-27.487749099731445,10.05770206451416,-18.402488708496094,9.65102767944336,3.9285030364990234,-8.0609130859375,13.634292602539062,-12.769599914550781,22.40093994140625,-61.44622802734375,24.143573760986328,-24.79436492919922,-30.3606014251709,14.630195617675781,-19.85132598876953,11.382621765136719,5.033191680908203,-8.613105773925781,14.921024322509766,-18.940078735351562,15.058753967285156,-54.717586517333984,8.11941909790039,-11.600456237792969,-40.25696563720703,19.294281005859375,-16.481834411621094,7.493377685546875,5.512791633605957,-3.1471328735351562,16.67837142944336,-24.69920539855957,10.998428344726562,-48.33495330810547,4.846832275390625,-4.951255798339844,-33.05405044555664,15.682575225830078,-9.784393310546875,2.702838897705078,6.932170867919922,-3.5683135986328125,14.500064849853516
198075,1970-06-12 05:21:21,19.104373931884766,24.547332763671875,-36.133033752441406,-2.1040115356445312,2.6016082763671875,-32.3931884765625,-9.674060821533203,-7.0057373046875,-18.89455795288086,8.872411727905273,52.402008056640625,-45.96647644042969,23.791540145874023,-11.963775634765625,-31.219467163085938,8.364139556884766,-21.341903686523438,2.7415199279785156,0.7937240600585938,-13.36175537109375,9.334827423095703,1.149435043334961,46.25860595703125,-47.951255798339844,31.71019744873047,-9.83831787109375,-31.892162322998047,12.978302001953125,-23.407958984375,4.6165618896484375,1.9750137329101562,-14.376998901367188,10.562053680419922,-6.045993328094482,37.1231689453125,-46.52766036987305,17.506698608398438,6.6079559326171875,-38.35321807861328,18.059206008911133,-18.991378784179688,3.6419076919555664,1.7607803344726562,-10.28643798828125,14.475920677185059,-12.938535690307617,31.097137451171875,-43.96415328979492,12.430571556091309,8.44586181640625,-30.244422912597656,15.258875846862793,-10.560195922851562,2.1521005630493164,3.6908750534057617,-9.258575439453125,13.103288650512695
198089,1970-06-12 05:23:23,22.185100555419922,26.563613891601562,-32.792388916015625,1.7306327819824219,5.7328338623046875,-32.01020050048828,-6.035060882568359,-3.4774093627929688,-21.240478515625,16.143356323242188,55.54206848144531,-39.900848388671875,27.33492660522461,-10.504013061523438,-28.74529266357422,6.637004852294922,-22.02190399169922,1.9842071533203125,-1.3998908996582031,-14.047355651855469,8.186424255371094,8.524673461914062,49.917640686035156,-43.31354522705078,35.21524429321289,-9.823867797851562,-27.97887420654297,9.904472351074219,-24.59123992919922,5.9037628173828125,-1.329193115234375,-14.527572631835938,10.456497192382812,0.9140763282775879,41.013694763183594,-43.54938507080078,22.795259475708008,10.020217895507812,-34.65674591064453,16.753345489501953,-20.212783813476562,3.2923812866210938,-0.40697479248046875,-12.12945556640625,13.083343505859375,-6.433914661407471,35.100135803222656,-42.354103088378906,15.862800598144531,9.119125366210938,-28.386436462402344,14.801029205322266,-10.887725830078125,3.3719329833984375,2.2610931396484375,-9.797172546386719,13.036201477050781
