198399,1970-06-12 06:47:16,-24.284278869628906,15.299880981445312,-38.070098876953125,5.640846252441406,17.284393310546875,-27.017486572265625,15.822135925292969,11.017807006835938,-11.311054229736328,-15.118522644042969,50.32585144042969,-46.65132141113281,17.08135223388672,-15.086990356445312,-34.123809814453125,8.566253662109375,-19.06610107421875,9.80072021484375,1.0738849639892578,-7.9398193359375,14.216598510742188,-6.367938995361328,51.492431640625,-41.814857482910156,13.498689651489258,-18.953338623046875,-39.72399139404297,4.809944152832031,-24.5006103515625,10.689559936523438,-0.5519914627075195,-9.106201171875,15.457298278808594,2.3669605255126953,48.84367370605469,-34.47027587890625,10.476194381713867,-20.2901611328125,-36.05104064941406,1.1917426586151123,-24.226837158203125,10.569358825683594,-1.8357267379760742,-9.453460693359375,15.024162292480469,8.124505043029785,47.67073059082031,-26.995880126953125,3.2977256774902344,-14.871536254882812,-30.141990661621094,-0.3704538345336914,-17.813095092773438,5.615966796875,-1.19173002243042,-10.409210205078125,12.699119567871094
198414,1970-06-12 06:49:24,-25.614131927490234,15.715103149414062,-37.01482009887695,5.3086090087890625,12.347320556640625,-29.662702560424805,16.042898178100586,5.8722991943359375,-14.415742874145508,-10.762836456298828,46.621978759765625,-51.46025848388672,6.547918319702148,-16.036972045898438,-37.19898223876953,6.978635787963867,-20.751373291015625,7.323274612426758,2.351198196411133,-7.8966827392578125,14.086158752441406,-1.3825311660766602,46.392242431640625,-47.81580352783203,3.1455821990966797,-13.397064208984375,-43.9324836730957,1.7982501983642578,-26.654647827148438,4.896726131439209,0.11106586456298828,-10.61529541015625,14.472696304321289,7.547153472900391,42.763397216796875,-41.15627670288086,2.394744396209717,-13.152084350585938,-40.526615142822266,-1.8751440048217773,-25.92071533203125,4.966972351074219,-1.7168874740600586,-10.595855712890625,14.256355285644531,13.908537864685059,41.23370361328125,-34.258121490478516,-2.7673110961914062,-13.220474243164062,-30.953807830810547,-3.610393524169922,-17.202835083007812,6.325374603271484,-1.7248001098632812,-8.20751953125,14.166915893554688
198422,1970-06-12 06:50:51,-24.522987365722656,6.4457550048828125,-40.37598419189453,6.0365142822265625,7.612335205078125,-31.082578659057617,16.320302963256836,4.974609375,-14.442060470581055,-11.743471145629883,35.824005126953125,-59.2987174987793,7.409492492675781,-15.972274780273438,-37.06494140625,9.559206008911133,-19.72821044921875,7.236730575561523,3.3193254470825195,-6.6588287353515625,14.524036407470703,-2.6398067474365234,37.19416809082031,-55.22797393798828,6.242948055267334,-13.625640869140625,-43.529380798339844,4.55267333984375,-26.278732299804688,5.136394500732422,0.5792810916900635,-9.73193359375,15.070152282714844,6.140697479248047,35.69871520996094,-47.61722183227539,6.3044891357421875,-16.200439453125,-38.973297119140625,0.53436279296875,-25.43975830078125,7.252862453460693,-1.5670709609985352,-8.930267333984375,15.370681762695312,12.156477928161621,36.033660888671875,-40.26263427734375,1.2835063934326172,-13.41754150390625,-30.966096878051758,-2.3284778594970703,-17.366180419921875,6.478925704956055,-1.9775619506835938,-6.95404052734375,14.790887832641602
198431,1970-06-12 06:52:09,-23.03187370300293,0.9551010131835938,-41.73446273803711,6.935398101806641,5.0775146484375,-31.41071319580078,16.602867126464844,4.7147216796875,-14.205217361450195,-11.332504272460938,29.248641967773438,-62.878440856933594,7.112020492553711,-15.45208740234375,-37.34268569946289,11.431112289428711,-18.896575927734375,6.7231292724609375,4.184874534606934,-5.83282470703125,14.655048370361328,-2.5304079055786133,31.613876342773438,-58.60600280761719,8.284652709960938,-13.6636962890625,-43.17531204223633,6.375785827636719,-25.806045532226562,5.574840545654297,0.7949661612510681,-9.044906616210938,15.482673645019531,5.97416877746582,31.440643310546875,-50.54998779296875,9.363959312438965,-20.63336181640625,-36.16211700439453,1.2398386001586914,-23.871353149414062,11.344253540039062,-2.111809730529785,-6.3419342041015625,16.546403884887695,11.615989685058594,32.87187194824219,-43.03246307373047,3.6252613067626953,-16.077407836914062,-29.47797966003418,-1.5820198059082031,-16.771942138671875,8.073527336120605,-2.272594451904297,-5.5512542724609375,15.331623077392578
198438,1970-06-12 06:53:10,-22.327495574951172,-1.6197128295898438,-42.095176696777344,7.132099151611328,4.697540283203125,-31.4257869720459,16.50681495666504,5.4073028564453125,-14.069759368896484,-12.108152389526367,26.81201171875,-63.81312561035156,6.802927017211914,-14.204132080078125,-37.89177703857422,12.948609352111816,-18.171005249023438,5.924457550048828,4.905668258666992,-5.4847259521484375,14.565637588500977,-3.5505189895629883,29.851333618164062,-59.47096252441406,9.151290893554688,-11.740432739257812,-43.56438064575195,8.19169807434082,-25.449722290039062,4.784282684326172,1.3299758434295654,-9.122299194335938,15.400333404541016,4.808407783508301,30.437408447265625,-51.283042907714844,11.58621597290039,-22.912582397460938,-34.08653259277344,1.9005794525146484,-22.596099853515625,13.633598327636719,-2.3753767013549805,-5.0607147216796875,16.94727325439453,10.217131614685059,32.42503356933594,-43.72084045410156,5.269479751586914,-17.90576171875,-28.14592742919922,-1.0380058288574219,-16.160430908203125,9.313743591308594,-2.450672149658203,-4.7052764892578125,15.58506965637207
198445,1970-06-12 06:54:11,-21.696252822875977,-3.2260894775390625,-42.33213424682617,7.329627990722656,4.505775451660156,-31.40841293334961,16.442142486572266,5.8849945068359375,-13.953310012817383,-12.413095474243164,25.272491455078125,-64.38030242919922,6.589550018310547,-13.407089233398438,-38.21847915649414,13.860824584960938,-17.64208984375,5.439266204833984,5.301962852478027,-5.217399597167969,14.524925231933594,-4.048455238342285,28.740890502929688,-59.98395538330078,9.546024322509766,-10.200103759765625,-43.86650848388672,9.41184139251709,-25.14312744140625,4.113643646240234,1.711756944656372,-9.21099853515625,15.309574127197266,4.172262191772461,29.810165405273438,-51.705448150634766,13.308716773986816,-25.495941162109375,-31.52703857421875,1.8416452407836914,-21.132766723632812,15.8140869140625,-2.786252021789551,-3.9015274047851562,17.18947982788086,9.394299507141113,32.144134521484375,-44.11106491088867,6.512590408325195,-20.291397094726562,-26.199663162231445,-1.164865493774414,-15.239791870117188,10.741246223449707,-2.897268295288086,-3.7694854736328125,15.761870384216309
198451,1970-06-12 06:55:03,-21.454484939575195,-3.9758758544921875,-42.391536712646484,7.398841857910156,4.313026428222656,-31.41924285888672,16.41088104248047,6.003997802734375,-13.939409255981445,-12.516620635986328,24.447540283203125,-64.67811584472656,6.589027404785156,-13.345687866210938,-38.24005126953125,14.161205291748047,-17.407623291015625,5.420886993408203,5.397143363952637,-5.026817321777344,14.557043075561523,-4.226530075073242,28.088424682617188,-60.28001403808594,9.7579984664917,-10.152923583984375,-43.83079528808594,9.814703941345215,-24.964630126953125,4.256866455078125,1.800753116607666,-9.041671752929688,15.400030136108398,3.939579486846924,29.366180419921875,-51.977054595947266,13.955692291259766,-26.616592407226562,-30.297103881835938,1.745901107788086,-20.446746826171875,16.701881408691406,-2.9602270126342773,-3.4076995849609375,17.26522445678711,9.0908203125,31.855072021484375,-44.383506774902344,6.94438362121582,-21.64630126953125,-24.97579574584961,-1.3556976318359375,-14.660079956054688,11.498998641967773,-3.133207321166992,-3.2477264404296875,15.832721710205078
198468,1970-06-12 06:57:30,-21.69237518310547,-5.608154296875,-42.08484649658203,7.406490325927734,2.4705352783203125,-31.6157283782959,16.517921447753906,4.830070495605469,-14.265363693237305,-12.078678131103516,21.366622924804688,-65.84208679199219,5.971498489379883,-15.356414794921875,-37.58119201660156,13.72214126586914,-17.473388671875,6.2717437744140625,5.292026519775391,-4.355690002441406,14.809724807739258,-3.680570602416992,25.0098876953125,-61.656002044677734,9.280424118041992,-12.603103637695312,-43.295204162597656,9.164789199829102,-24.944549560546875,5.608772277832031,1.583952784538269,-8.170249938964844,15.902629852294922,4.543938636779785,26.500961303710938,-53.446781158447266,13.262749671936035,-30.708892822265625,-26.49872398376465,0.5004291534423828,-18.27117919921875,19.130706787109375,-3.2975072860717773,-1.6101303100585938,17.46417236328125,9.784378051757812,29.244369506835938,-46.003440856933594,6.071165084838867,-25.072921752929688,-21.796003341674805,-2.244539260864258,-12.96636962890625,13.259657859802246,-3.4352493286132812,-1.5860748291015625,16.0225830078125
198483,1970-06-12 06:59:41,-21.65544891357422,-6.8246002197265625,-41.92387390136719,7.366870880126953,1.78887939453125,-31.670854568481445,16.462602615356445,4.651573181152344,-14.388103485107422,-12.320491790771484,19.66961669921875,-66.3243408203125,6.083259582519531,-16.214553833007812,-37.200897216796875,13.891672134399414,-17.100868225097656,6.894390106201172,5.223511695861816,-3.7379837036132812,15.001598358154297,-3.956920623779297,23.49456787109375,-62.232242584228516,9.335857391357422,-13.467041015625,-43.02231979370117,9.397115707397461,-24.679908752441406,6.346473693847656,1.607456922531128,-7.603431701660156,16.17898178100586,4.256256103515625,25.262283325195312,-54.06669616699219,13.598550796508789,-31.6885986328125,-25.14022445678711,0.45468997955322266,-17.52471923828125,19.817874908447266,-3.3748459815979004,-1.1017608642578125,17.488849639892578,9.472749710083008,28.234146118164062,-46.69458770751953,6.236117362976074,-26.114883422851562,-20.48659896850586,-2.3418025970458984,-12.344161987304688,13.82463264465332,-3.5441970825195312,-1.05218505859375,16.042797088623047
198510,1970-06-12 07:03:35,-21.249256134033203,-7.900413513183594,-41.942787170410156,7.394813537597656,1.86639404296875,-31.659868240356445,16.321117401123047,5.17889404296875,-14.369140625,-12.842643737792969,18.773216247558594,-66.48487854003906,6.4900054931640625,-15.076431274414062,-37.60858154296875,14.369861602783203,-16.818267822265625,6.6033172607421875,5.150673866271973,-3.6930999755859375,15.037857055664062,-4.642333984375,22.93670654296875,-62.39278793334961,9.414734840393066,-12.38690185546875,-43.32859420776367,10.442035675048828,-24.336593627929688,6.031223297119141,1.9416496753692627,-7.47979736328125,16.199947357177734,3.4723281860351562,25.06439208984375,-54.21462631225586,14.923116683959961,-32.44073486328125,-23.367019653320312,0.5464878082275391,-16.586029052734375,20.607666015625,-3.58541202545166,-0.7093734741210938,17.467252731323242,8.549562454223633,28.27728271484375,-46.84639358520508,7.220329284667969,-26.530776977539062,-19.610231399536133,-2.1977996826171875,-11.983001708984375,14.161937713623047,-3.717442512512207,-0.8343353271484375,16.016374588012695
198556,1970-06-12 07:10:31,-21.108905792236328,-7.425392150878906,-42.10014343261719,7.456829071044922,2.3534698486328125,-31.61282730102539,16.32496452331543,5.471061706542969,-14.256050109863281,-12.794418334960938,19.637672424316406,-66.24403381347656,6.892971038818359,-14.351959228515625,-37.81973648071289,14.355079650878906,-16.914512634277344,6.386096954345703,5.044007301330566,-4.000328063964844,14.995361328125,-4.626760482788086,23.78826904296875,-62.07427215576172,9.891013145446777,-12.429122924804688,-43.210235595703125,10.456164360046387,-24.262741088867188,6.298362731933594,1.8067889213562012,-7.434295654296875,16.2364501953125,3.4572019577026367,25.845199584960938,-53.847747802734375,15.2141695022583,-31.375350952148438,-24.601524353027344,0.6529541015625,-17.391029357910156,19.929786682128906,-3.6513242721557617,-1.27545166015625,17.421377182006836,8.499617576599121,28.981857299804688,-46.422977447509766,7.5190887451171875,-25.67413330078125,-20.612581253051758,-2.081480026245117,-12.507522583007812,13.719045639038086,-3.7389345169067383,-1.267364501953125,15.982925415039062
198607,1970-06-12 07:18:19,-22.14618492126465,-7.151359558105469,-41.61188888549805,6.796230316162109,2.1842575073242188,-31.773481369018555,16.092845916748047,5.18621826171875,-14.621747970581055,-13.932779312133789,19.737167358398438,-65.98430633544922,7.884212493896484,-16.498214721679688,-36.73516845703125,13.963224411010742,-16.76019287109375,7.554817199707031,4.912626266479492,-3.7618865966796875,15.100326538085938,-5.609973907470703,23.762680053710938,-62.002960205078125,10.215388298034668,-15.681243896484375,-42.061668395996094,9.842060089111328,-24.141952514648438,7.614540100097656,1.820692777633667,-7.262886047363281,16.312301635742188,2.684910297393799,25.702468872070312,-53.95999526977539,13.889219284057617,-27.487625122070312,-29.540451049804688,2.2639341354370117,-20.07404327392578,17.087371826171875,-2.6875810623168945,-2.9900970458984375,17.386764526367188,7.939015865325928,28.769393920898438,-46.65381622314453,6.8459882736206055,-22.56396484375,-24.178028106689453,-0.9545173645019531,-14.134811401367188,12.17697811126709,-2.849658966064453,-2.343658447265625,16.04451560974121
198615,1970-06-12 07:19:29,-22.29766273498535,-7.016937255859375,-41.55384063720703,6.719688415527344,2.1642608642578125,-31.791126251220703,16.079017639160156,5.109931945800781,-14.663759231567383,-14.012662887573242,19.84040069580078,-65.93641662597656,7.988731384277344,-16.59154510498047,-36.670494079589844,13.813446044921875,-16.863052368164062,7.601123809814453,4.853882789611816,-3.8563156127929688,15.095504760742188,-5.658191680908203,23.820938110351562,-61.976219177246094,10.131690979003906,-15.928115844726562,-41.98908615112305,9.708547592163086,-24.179962158203125,7.665168762207031,1.8142402172088623,-7.286689758300781,16.30240249633789,2.6687850952148438,25.7139892578125,-53.9553108215332,13.602666854858398,-27.103668212890625,-30.024616241455078,2.35630464553833,-20.298828125,16.807024002075195,-2.5901899337768555,-3.1085281372070312,17.380773544311523,7.958829879760742,28.750213623046875,-46.662261962890625,6.678014755249023,-22.1754150390625,-24.58113670349121,-0.9066848754882812,-14.32281494140625,11.95899486541748,-2.776073455810547,-2.47967529296875,16.036968231201172
198623,1970-06-12 07:20:38,-22.865327835083008,-7.0709075927734375,-41.234981536865234,6.342441558837891,1.9327468872070312,-31.883411407470703,15.936153411865234,4.899314880371094,-14.889854431152344,-14.670560836791992,19.582672119140625,-65.87033081054688,7.828052520751953,-16.91619873046875,-36.556644439697266,13.63184928894043,-16.96991729736328,7.690620422363281,4.849230766296387,-3.8739471435546875,15.092479705810547,-6.236452102661133,23.518447875976562,-62.036224365234375,9.588913917541504,-16.4453125,-41.91709899902344,9.580041885375977,-24.189498901367188,7.795703887939453,1.9339501857757568,-7.1885528564453125,16.332176208496094,2.2039260864257812,25.3897705078125,-54.12956237792969,12.829416275024414,-26.299346923828125,-31.062345504760742,2.7979793548583984,-20.771682739257812,16.148651123046875,-2.1985745429992676,-3.4015045166015625,17.37985610961914,7.607735633850098,28.424392700195312,-46.91972351074219,6.205142021179199,-22.027557373046875,-24.836666107177734,-0.7969474792480469,-14.416839599609375,11.853371620178223,-2.558095932006836,-2.52020263671875,16.066875457763672
198630,1970-06-12 07:21:38,-24.58372688293457,-6.963874816894531,-40.2528190612793,5.303672790527344,0.9210433959960938,-32.11754608154297,15.607625961303711,3.8357315063476562,-15.535806655883789,-16.080759048461914,18.72705841064453,-65.7899169921875,6.779186248779297,-17.92644500732422,-36.28373718261719,12.710540771484375,-17.55876922607422,7.942474365234375,4.714105606079102,-3.9403228759765625,15.118087768554688,-7.35151481628418,22.363784790039062,-62.340354919433594,7.583600997924805,-18.293777465820312,-41.560386657714844,8.686285972595215,-24.27587127685547,8.538883209228516,2.0636115074157715,-6.6266632080078125,16.552474975585938,1.4347538948059082,24.030731201171875,-54.77200698852539,9.716826438903809,-21.746551513671875,-35.40889358520508,3.7715349197387695,-23.195594787597656,12.157730102539062,-0.9959287643432617,-5.3798370361328125,16.986133575439453,7.216548442840576,26.9808349609375,-47.825103759765625,4.489387512207031,-19.516998291015625,-27.193918228149414,-0.5972805023193359,-15.611053466796875,10.243095397949219,-1.92620849609375,-3.4706649780273438,15.977608680725098
198639,1970-06-12 07:22:56,-26.0977840423584,-4.8355865478515625,-39.606407165527344,4.603759765625,0.13793182373046875,-32.23817825317383,15.535017013549805,2.1582794189453125,-15.927244186401367,-15.724981307983398,19.68964385986328,-65.59458923339844,4.66705322265625,-18.565872192382812,-36.29533386230469,10.827125549316406,-18.787620544433594,7.921474456787109,4.342308044433594,-4.390625,15.10537338256836,-6.6016082763671875,22.478134155273438,-62.383140563964844,4.655643463134766,-18.865615844726562,-41.735511779785156,6.484020233154297,-25.030128479003906,8.314567565917969,1.8237009048461914,-6.774360656738281,16.520828247070312,2.4831485748291016,23.333816528320312,-55.03520202636719,6.287271499633789,-18.944427490234375,-37.71866226196289,2.2986764907836914,-24.560928344726562,9.56805419921875,-0.815213680267334,-6.409950256347656,16.6346378326416,8.689873695373535,25.756790161132812,-48.253055572509766,2.266866683959961,-14.20721435546875,-30.55475616455078,-1.4038219451904297,-17.219467163085938,7.106489181518555,-1.6817035675048828,-5.116706848144531,15.557342529296875
198647,1970-06-12 07:24:06,-26.403173446655273,-5.166206359863281,-39.36149978637695,4.430938720703125,-0.6515350341796875,-32.256103515625,15.488502502441406,1.50128173828125,-16.047571182250977,-15.684019088745117,18.578346252441406,-65.9277114868164,5.359619140625,-17.761573791503906,-36.60089111328125,9.619953155517578,-19.48389434814453,7.796516418457031,3.4375839233398438,-4.8698883056640625,15.191204071044922,-6.489566802978516,21.251998901367188,-62.823097229003906,3.574808120727539,-18.139251708984375,-42.16191864013672,6.116629600524902,-25.28919219970703,7.792633056640625,1.8903474807739258,-6.802223205566406,16.501880645751953,2.6501119136810303,22.083908081054688,-55.54084014892578,5.376420021057129,-17.163619995117188,-38.699127197265625,2.2053065299987793,-25.097747802734375,8.08150863647461,-0.6211938858032227,-7.0087127685546875,16.399858474731445,8.940580368041992,24.527938842773438,-48.843936920166016,1.7363872528076172,-12.118194580078125,-31.47556495666504,-1.3936080932617188,-17.670860290527344,5.897586822509766,-1.4698524475097656,-5.66961669921875,15.386184692382812
198653,1970-06-12 07:24:58,-26.61564826965332,-5.731666564941406,-39.139495849609375,4.299915313720703,-1.4485092163085938,-32.24789047241211,15.445274353027344,0.9347763061523438,-16.132007598876953,-15.697484970092773,17.257972717285156,-66.28240966796875,5.765209197998047,-16.70372772216797,-37.03474426269531,8.780067443847656,-19.993682861328125,7.490940093994141,2.740579605102539,-5.140937805175781,15.243537902832031,-6.458198547363281,19.884765625,-63.27235412597656,2.7703933715820312,-17.427749633789062,-42.521026611328125,5.868233680725098,-25.456756591796875,7.429599761962891,1.9260358810424805,-6.697898864746094,16.54037857055664,2.7188498973846436,20.767105102539062,-56.04322052001953,4.816606521606445,-16.734893798828125,-38.959754943847656,2.0754504203796387,-25.219139099121094,7.730354309082031,-0.5358314514160156,-7.0041046142578125,16.40483856201172,9.065133094787598,23.28387451171875,-49.42639923095703,1.2566261291503906,-11.545852661132812,-31.712635040283203,-1.3825626373291016,-17.76837921142578,5.599662780761719,-1.2717437744140625,-5.683296203613281,15.398784637451172
198661,1970-06-12 07:26:07,-26.81075096130371,-6.371070861816406,-38.90678405761719,4.169109344482422,-2.2293548583984375,-32.22052764892578,15.39501953125,0.4154052734375,-16.20163345336914,-15.771490097045898,15.8834228515625,-66.60768127441406,6.066188812255859,-15.470550537109375,-37.519161224365234,8.125480651855469,-20.387489318847656,7.1608734130859375,2.1193466186523438,-5.2392120361328125,15.308967590332031,-6.496664047241211,18.489349365234375,-63.69020080566406,2.0515213012695312,-16.519058227539062,-42.92262268066406,5.661940574645996,-25.591415405273438,7.120597839355469,1.9329328536987305,-6.475791931152344,16.627796173095703,2.714509963989258,19.448715209960938,-56.51447296142578,4.306606292724609,-16.314117431640625,-39.19721221923828,1.966569423675537,-25.191802978515625,7.847080230712891,-0.4890890121459961,-6.521720886230469,16.603954315185547,9.108487129211426,22.0552978515625,-49.97883605957031,0.7419624328613281,-11.05596923828125,-31.90285301208496,-1.310964584350586,-17.85137939453125,5.34716796875,-1.0226554870605469,-5.685478210449219,15.416526794433594
198665,1970-06-12 07:26:59,-6.465518951416016,-8.180763244628906,-46.523292541503906,18.568506240844727,-2.465606689453125,-26.639169692993164,20.815032958984375,0.7593002319335938,-8.11355972290039,-15.147729873657227,15.240081787109375,-66.90211486816406,5.480762481689453,-15.724250793457031,-37.503780364990234,6.8916473388671875,-20.74749755859375,7.416038513183594,1.585256576538086,-5.01806640625,15.44705581665039,-5.743949890136719,17.433624267578125,-64.05918884277344,0.8879032135009766,-16.036224365234375,-43.144996643066406,4.359060287475586,-25.865203857421875,7.047767639160156,1.6293630599975586,-6.260551452636719,16.742351531982422,3.52569580078125,18.07708740234375,-56.92359161376953,3.1836259365081787,-14.564559936523438,-39.98571014404297,0.8767520189285278,-25.542518615722656,6.847038269042969,-0.6788232326507568,-6.592170715332031,16.56942367553711,10.063329696655273,20.49456787109375,-50.457763671875,-0.11832046508789062,-11.279464721679688,-31.832944869995117,-2.0708627700805664,-17.784324645996094,5.330291748046875,-1.124715805053711,-5.659271240234375,15.419061660766602
198672,1970-06-12 07:28:00,2.662792205810547,-9.277725219726562,-46.69023513793945,22.15941047668457,-5.316551208496094,-23.263893127441406,21.845829010009766,-1.604583740234375,-4.456132888793945,-13.553308486938477,12.921188354492188,-67.72708129882812,4.232200622558594,-15.64959716796875,-37.696189880371094,4.006320953369141,-21.34368133544922,7.832466125488281,0.3709602355957031,-4.231590270996094,15.756317138671875,-3.9452457427978516,14.16400146484375,-64.99476623535156,-1.0346031188964844,-12.490203857421875,-44.29856872558594,1.1017589569091797,-26.577743530273438,5.485569000244141,0.7733020782470703,-6.264678955078125,16.802127838134766,5.367063999176025,14.139877319335938,-57.88579559326172,1.5817818641662598,-10.892196655273438,-41.23077392578125,-1.8507614135742188,-25.999046325683594,4.549144744873047,-1.320849895477295,-6.8802032470703125,16.412845611572266,12.170639991760254,16.154373168945312,-51.55769348144531,-1.8278579711914062,-8.725189208984375,-32.57463455200195,-3.7492923736572266,-17.96520233154297,3.4895362854003906,-1.386591911315918,-6.657318115234375,14.993242263793945
198678,1970-06-12 07:28:52,2.6398754119873047,-11.308456420898438,-46.24169921875,21.797710418701172,-7.2392730712890625,-23.086071014404297,21.710933685302734,-2.7787628173828125,-4.537158966064453,-13.608003616333008,10.494232177734375,-68.1344223022461,3.5503273010253906,-12.467178344726562,-38.933128356933594,3.027606964111328,-22.02857208251953,6.2070159912109375,-0.004016876220703125,-4.508903503417969,15.683597564697266,-3.9308433532714844,11.439987182617188,-65.52998352050781,-0.9698410034179688,-9.035079956054688,-45.13165283203125,-0.3174915313720703,-26.94170379638672,3.4242782592773438,0.21335983276367188,-6.810783386230469,16.60491943359375,5.4367170333862305,11.327056884765625,-58.494842529296875,0.9285730719566345,-8.075531005859375,-41.893226623535156,-2.7554256916046143,-26.169166564941406,2.7664527893066406,-1.4072473049163818,-7.246635437011719,16.24713134765625,12.378150939941406,13.322860717773438,-52.31220626831055,-2.545391082763672,-5.7486419677734375,-33.18208694458008,-4.320609092712402,-18.077796936035156,1.8731575012207031,-1.2644643783569336,-7.313133239746094,14.695541381835938
198686,1970-06-12 07:30:01,0.2998218536376953,-14.267379760742188,-45.49171829223633,19.92070770263672,-9.344085693359375,-24.007652282714844,21.067291259765625,-3.9249496459960938,-6.3589324951171875,-15.102495193481445,6.681365966796875,-68.29993438720703,2.499126434326172,-4.9900360107421875,-40.65314483642578,2.77862548828125,-22.889938354492188,1.1318511962890625,0.15306472778320312,-6.7913360595703125,14.837783813476562,-5.344110488891602,7.55780029296875,-65.9910888671875,-0.6585197448730469,-4.6954803466796875,-45.79255676269531,-1.1287879943847656,-27.117591857910156,1.0213813781738281,-0.1362323760986328,-7.1872406005859375,16.44629669189453,4.194365501403809,7.652008056640625,-59.1891975402832,0.18828538060188293,-4.3120574951171875,-42.45573425292969,-3.1854114532470703,-26.23407745361328,1.3026199340820312,-1.0993068218231201,-6.84063720703125,16.44568634033203,11.332143783569336,9.855392456054688,-53.307952880859375,-3.371641159057617,-2.1130523681640625,-33.53720474243164,-4.656942367553711,-18.08672332763672,0.4079132080078125,-0.707331657409668,-7.481666564941406,14.648004531860352
198693,1970-06-12 07:31:02,0.29033660888671875,-15.784309387207031,-44.987953186035156,19.28101348876953,-10.300704956054688,-24.13818359375,20.842071533203125,-4.375099182128906,-6.792537689208984,-15.714906692504883,4.5984954833984375,-68.33375549316406,2.2529220581054688,-0.8345947265625,-40.96403503417969,2.7292747497558594,-22.891983032226562,-1.2079315185546875,0.1142730712890625,-7.525115966796875,14.479816436767578,-5.929464340209961,5.4834747314453125,-66.1458740234375,-0.0045928955078125,-0.310577392578125,-46.036319732666016,-1.3644657135009766,-27.08446502685547,-1.5004806518554688,-0.3986492156982422,-7.834083557128906,16.143848419189453,3.67427396774292,5.7314605712890625,-59.440364837646484,0.22537748515605927,-0.94921875,-42.663414001464844,-3.310901641845703,-26.24120330810547,-0.7123794555664062,-1.060034990310669,-7.3475799560546875,16.228145599365234,10.88197135925293,8.07403564453125,-53.69987487792969,-3.2503089904785156,0.85791015625,-33.60470962524414,-4.885140419006348,-18.001800537109375,-1.02642822265625,-0.599339485168457,-7.886940002441406,14.438722610473633
198701,1970-06-12 07:32:11,0.2121143341064453,-16.840255737304688,-44.60387420654297,18.9827880859375,-10.880012512207031,-24.120384216308594,20.836952209472656,-4.4959259033203125,-6.729047775268555,-15.938039779663086,3.367431640625,-68.35382843017578,2.1606369018554688,1.4148712158203125,-40.95307159423828,2.740337371826172,-22.796981811523438,-2.395660400390625,0.08277130126953125,-7.8306884765625,14.317089080810547,-6.143158912658691,4.26971435546875,-66.2158203125,0.3442192077636719,2.226287841796875,-45.98221969604492,-1.4206714630126953,-26.977760314941406,-2.8042869567871094,-0.5063610076904297,-8.041664123535156,16.038414001464844,3.484015941619873,4.6193389892578125,-59.548553466796875,0.3403506875038147,1.5294647216796875,-42.645790100097656,-3.348062515258789,-26.152992248535156,-2.2096023559570312,-1.0498127937316895,-7.759880065917969,16.035755157470703,10.71668529510498,7.0509490966796875,-53.87690734863281,-2.9098339080810547,3.1510009765625,-33.49897003173828,-5.037717819213867,-17.846084594726562,-2.2630233764648438,-0.6508522033691406,-8.353019714355469,14.171916961669922
198709,1970-06-12 07:33:21,0.15282440185546875,-17.51428985595703,-44.343780517578125,18.596576690673828,-11.307014465332031,-24.224634170532227,20.843997955322266,-4.581932067871094,-6.648731708526611,-16.079524993896484,2.3842620849609375,-68.362060546875,2.095794677734375,2.7929534912109375,-40.885589599609375,2.7743911743164062,-22.699813842773438,-3.1578636169433594,0.078155517578125,-8.040412902832031,14.200393676757812,-6.279616355895996,3.3111724853515625,-66.25788116455078,0.502838134765625,3.6575775146484375,-45.88909149169922,-1.4246749877929688,-26.884300231933594,-3.589763641357422,-0.5475692749023438,-8.188339233398438,15.96267318725586,3.361757755279541,3.751373291015625,-59.616546630859375,0.45410364866256714,2.6801910400390625,-42.58789825439453,-3.3521347045898438,-26.07367706298828,-2.9995079040527344,-1.0729730129241943,-8.011550903320312,15.909969329833984,10.607829093933105,6.26043701171875,-53.9959716796875,-2.7250442504882812,4.255889892578125,-33.39219284057617,-5.1121673583984375,-17.7374267578125,-2.869220733642578,-0.6773414611816406,-8.558502197265625,14.047527313232422
198716,1970-06-12 07:34:21,0.055522918701171875,-17.926193237304688,-44.17910385131836,18.15219497680664,-11.59906005859375,-24.42281150817871,20.87053108215332,-4.602630615234375,-6.550475120544434,-16.198156356811523,1.6451873779296875,-68.3558349609375,1.8104286193847656,4.2349090576171875,-40.77513885498047,2.8378753662109375,-22.567428588867188,-3.950794219970703,0.163299560546875,-8.262779235839844,14.07143783569336,-6.395895004272461,2.60650634765625,-66.2782211303711,0.5802249908447266,5.0638580322265625,-45.75434112548828,-1.3772468566894531,-26.763633728027344,-4.415050506591797,-0.5514106750488281,-8.418106079101562,15.842571258544922,3.2561287879943848,3.1286468505859375,-59.6583251953125,0.5870082378387451,4.61627197265625,-42.42009353637695,-3.2959790229797363,-25.86811065673828,-4.477550506591797,-1.1069715023040771,-8.691566467285156,15.546531677246094,10.508482933044434,5.7057952880859375,-54.07679748535156,-2.550090789794922,5.1933746337890625,-33.273155212402344,-5.145730018615723,-17.62340545654297,-3.4525527954101562,-0.7263555526733398,-8.826576232910156,13.878170013427734
198724,1970-06-12 07:35:31,0.025136947631835938,-18.43486785888672,-43.96930694580078,17.91990852355957,-11.893501281738281,-24.452716827392578,20.92559051513672,-4.592529296875,-6.3796820640563965,-16.328683853149414,0.7249908447265625,-68.34072875976562,1.5923614501953125,4.961944580078125,-40.702186584472656,2.906291961669922,-22.484901428222656,-4.351318359375,0.23809051513671875,-8.330474853515625,14.0303955078125,-6.524839401245117,1.7355194091796875,-66.29418182373047,0.7024497985839844,6.0849761962890625,-45.6280517578125,-1.2948951721191406,-26.644546508789062,-5.106128692626953,-0.5713939666748047,-8.650016784667969,15.716434478759766,3.138211488723755,2.3652496337890625,-59.69978332519531,0.37892669439315796,5.3774566650390625,-42.33271026611328,-3.2443597316741943,-25.707809448242188,-5.352878570556641,-1.048534870147705,-9.24591064453125,15.227508544921875,10.394919395446777,5.0308837890625,-54.165672302246094,-2.320627212524414,6.1479949951171875,-33.126930236816406,-5.169890403747559,-17.456565856933594,-4.186065673828125,-0.8496637344360352,-9.257369995117188,13.587455749511719
198731,1970-06-12 07:36:32,0.06007957458496094,-18.437118530273438,-43.96832275390625,17.492334365844727,-12.013252258300781,-24.702512741088867,20.880077362060547,-4.6869659423828125,-6.459621906280518,-16.295082092285156,0.2483978271484375,-68.35214233398438,1.537506103515625,5.22454833984375,-40.671417236328125,2.96575927734375,-22.4429931640625,-4.524089813232422,0.26956939697265625,-8.379608154296875,14.000537872314453,-6.494455337524414,1.2929840087890625,-66.3072738647461,0.7325229644775391,6.3870391845703125,-45.58627700805664,-1.2275505065917969,-26.58637237548828,-5.416572570800781,-0.5697441101074219,-8.818367004394531,15.62265396118164,3.163848638534546,1.9858856201171875,-59.71225357055664,0.19319342076778412,5.557891845703125,-42.31064987182617,-3.203338384628296,-25.627883911132812,-5.746417999267578,-0.9982097148895264,-9.568214416503906,15.030509948730469,10.41203784942627,4.7026519775390625,-54.19186782836914,-2.2100868225097656,6.282318115234375,-33.10928726196289,-5.147205352783203,-17.405364990234375,-4.420642852783203,-0.9350767135620117,-9.444747924804688,13.452215194702148
198738,1970-06-12 07:37:32,-0.6936893463134766,-18.43798065185547,-43.96253204345703,16.89824676513672,-12.14166259765625,-25.050811767578125,20.7244873046875,-4.8379364013671875,-6.838276386260986,-16.334312438964844,-0.07183837890625,-68.34319305419922,1.4200897216796875,5.723114013671875,-40.608543395996094,3.0220565795898438,-22.375465393066406,-4.812171936035156,0.3174324035644531,-8.46929931640625,13.945453643798828,-6.534809112548828,1.002410888671875,-66.30833435058594,0.6665611267089844,6.8738250732421875,-45.51643371582031,-1.1705608367919922,-26.504486083984375,-5.815834045410156,-0.5334300994873047,-9.021888732910156,15.507308959960938,3.125710964202881,1.7436676025390625,-59.721824645996094,-0.008025020360946655,6.0475616455078125,-42.24388122558594,-3.171328544616699,-25.501914978027344,-6.298053741455078,-0.936302900314331,-9.939300537109375,14.791790008544922,10.37114143371582,4.4990692138671875,-54.21699142456055,-2.148113250732422,6.550079345703125,-33.06144332885742,-5.130480766296387,-17.329490661621094,-4.727569580078125,-1.0022640228271484,-9.690452575683594,13.271413803100586
198749,1970-06-12 07:39:08,-1.0735759735107422,-18.13274383544922,-44.081695556640625,15.77861213684082,-12.213638305664062,-25.73667335510254,20.36626625061035,-5.174079895019531,-7.623391628265381,-16.304994583129883,-0.155548095703125,-68.35005187988281,1.3341293334960938,5.5253143310546875,-40.63883972167969,3.0276832580566406,-22.413406372070312,-4.628543853759766,0.3409881591796875,-8.329872131347656,14.02862548828125,-6.507292747497559,0.929229736328125,-66.31210327148438,0.5142688751220703,7.560882568359375,-45.40933609008789,-1.1491355895996094,-26.177818298339844,-7.147254943847656,-0.5129642486572266,-10.148361206054688,14.795379638671875,3.149766445159912,1.68548583984375,-59.72222900390625,-0.1842808723449707,6.8402862548828125,-42.12238693237305,-3.173527479171753,-25.194847106933594,-7.430976867675781,-0.9486007690429688,-10.79693603515625,14.177082061767578,10.39046573638916,4.4527435302734375,-54.21711349487305,-1.973114013671875,7.141204833984375,-32.949764251708984,-5.140626907348633,-17.11919403076172,-5.430500030517578,-1.2139558792114258,-10.294479370117188,12.790218353271484
198763,1970-06-12 07:41:10,0.09282493591308594,-17.397048950195312,-44.39007568359375,15.662126541137695,-11.885765075683594,-25.960359573364258,19.811643600463867,-5.5863494873046875,-8.715702056884766,-16.204593658447266,0.695953369140625,-68.37055969238281,1.2867507934570312,5.5079193115234375,-40.642730712890625,2.9229354858398438,-22.250534057617188,-5.414905548095703,0.4644737243652344,-9.2532958984375,13.43377685546875,-6.405000686645508,1.7120513916015625,-66.30647277832031,0.4301891326904297,8.124313354492188,-45.31279754638672,-1.2595653533935547,-25.533233642578125,-9.173274993896484,-0.6037635803222656,-12.021171569824219,13.314750671386719,3.2457098960876465,2.3486480712890625,-59.6946907043457,-0.03056412935256958,7.9075775146484375,-41.935523986816406,-3.2398641109466553,-24.34465789794922,-9.844375610351562,-1.279367446899414,-12.778900146484375,12.390575408935547,10.490987777709961,5.019622802734375,-54.148189544677734,-1.7449989318847656,7.77166748046875,-32.819705963134766,-5.224915504455566,-16.56316375732422,-6.880733489990234,-1.8272104263305664,-11.787117004394531,11.347467422485352
198784,1970-06-12 07:44:11,-0.6993827819824219,-16.159645080566406,-44.84998321533203,14.075799942016602,-11.658668518066406,-26.952945709228516,19.217025756835938,-6.083404541015625,-9.662818908691406,-16.364200592041016,0.8674163818359375,-68.33057403564453,1.20098876953125,5.7359771728515625,-40.613800048828125,2.7793540954589844,-21.696617126464844,-7.381294250488281,0.7225418090820312,-11.199050903320312,11.847557067871094,-6.55284309387207,1.8137359619140625,-66.28932189941406,0.31917762756347656,8.713104248046875,-45.204193115234375,-1.4307289123535156,-24.559898376464844,-11.508525848388672,-0.7441387176513672,-13.942649841308594,11.27850341796875,3.117968797683716,2.3776702880859375,-59.70035171508789,0.09726482629776001,8.016342163085938,-41.914764404296875,-3.3421719074249268,-23.597862243652344,-11.490947723388672,-1.6060481071472168,-14.160934448242188,10.740192413330078,10.394960403442383,4.9935150146484375,-54.169124603271484,-1.7456073760986328,7.9279937744140625,-32.78226089477539,-5.347905158996582,-15.91162109375,-8.197734832763672,-2.4515247344970703,-13.127937316894531,9.627418518066406
198789,1970-06-12 07:45:12,-1.2424392700195312,-15.571403503417969,-45.045894622802734,13.882194519042969,-11.46759033203125,-27.134719848632812,19.453937530517578,-6.002723693847656,-9.229498863220215,-16.38265037536621,0.8994903564453125,-68.32573699951172,1.2142410278320312,5.8243865966796875,-40.60081481933594,2.7759056091308594,-21.51416778564453,-7.898464202880859,0.7855110168457031,-11.671409606933594,11.378341674804688,-6.570322036743164,1.8408050537109375,-66.2868423461914,0.32787322998046875,8.618865966796875,-45.222190856933594,-1.431314468383789,-24.402854919433594,-11.837787628173828,-0.7714481353759766,-14.244132995605469,10.893352508544922,3.102548599243164,2.3981170654296875,-59.70033645629883,0.11567217111587524,7.869964599609375,-41.94245147705078,-3.331876277923584,-23.454437255859375,-11.783828735351562,-1.6663837432861328,-14.437484741210938,10.355941772460938,10.382198333740234,5.0087890625,-54.17015838623047,-1.7887630462646484,7.8296356201171875,-32.80356979370117,-5.353363990783691,-15.803024291992188,-8.40169906616211,-2.557455062866211,-13.358222961425781,9.276695251464844
198795,1970-06-12 07:46:04,-0.6251449584960938,-15.337760925292969,-45.138755798339844,14.26430892944336,-11.348213195800781,-26.986318588256836,20.31915283203125,-5.5756683349609375,-7.4643120765686035,-16.38951873779297,0.798187255859375,-68.32534790039062,1.2926483154296875,5.75762939453125,-40.60791778564453,2.791423797607422,-21.358047485351562,-8.306209564208984,0.8312301635742188,-12.073005676269531,10.947929382324219,-6.576986312866211,1.7425384521484375,-66.2888412475586,0.4020957946777344,8.5369873046875,-45.23712921142578,-1.4016475677490234,-24.214218139648438,-12.222480773925781,-0.8102664947509766,-14.569374084472656,10.451427459716797,3.096543788909912,2.309661865234375,-59.70413589477539,0.13195884227752686,7.7935638427734375,-41.9566650390625,-3.3107175827026367,-23.28515625,-12.120704650878906,-1.7186517715454102,-14.715011596679688,9.948768615722656,10.376739501953125,4.9285430908203125,-54.17856216430664,-1.7961864471435547,7.72369384765625,-32.82826614379883,-5.3450927734375,-15.678901672363281,-8.636249542236328,-2.6802854537963867,-13.599151611328125,8.883628845214844
198801,1970-06-12 07:46:56,-1.0666351318359375,-15.34686279296875,-45.127384185791016,13.561870574951172,-11.412765502929688,-27.319194793701172,19.51762580871582,-6.033088684082031,-9.07392692565918,-16.418352127075195,0.7720184326171875,-68.3187255859375,1.3160820007324219,5.7067718505859375,-40.614341735839844,2.7696685791015625,-21.16181182861328,-8.801002502441406,0.8904609680175781,-12.533073425292969,10.413192749023438,-6.603811264038086,1.70599365234375,-66.28712463378906,0.4417133331298828,8.616378784179688,-45.22169876098633,-1.407297134399414,-23.9036865234375,-12.818523406982422,-0.8599414825439453,-15.005569458007812,9.810665130615234,3.0732617378234863,2.265960693359375,-59.70701217651367,0.24363255500793457,7.9649200439453125,-41.923973083496094,-3.285754919052124,-22.937217712402344,-12.773357391357422,-1.827336311340332,-15.146888732910156,9.257209777832031,10.358997344970703,4.8798370361328125,-54.18636703491211,-1.7250804901123047,7.7256317138671875,-32.831626892089844,-5.342934608459473,-15.482856750488281,-8.98427963256836,-2.861166000366211,-13.890830993652344,8.360511779785156
198809,1970-06-12 07:48:05,-1.012359619140625,-15.558204650878906,-45.056209564208984,12.560546875,-11.568214416503906,-27.729459762573242,18.594274520874023,-6.4967041015625,-10.56966781616211,-16.494314193725586,0.70458984375,-68.30115509033203,1.2959785461425781,5.759552001953125,-40.6075439453125,2.6848106384277344,-20.803054809570312,-9.64239501953125,0.9703369140625,-13.228317260742188,9.506614685058594,-6.674020767211914,1.6058197021484375,-66.28260040283203,0.6138496398925781,8.721267700195312,-45.199581146240234,-1.422250747680664,-23.309219360351562,-13.868621826171875,-0.9883270263671875,-15.720405578613281,8.605094909667969,3.012667655944824,2.14208984375,-59.71467208862305,0.3908195495605469,8.067535400390625,-41.90323257446289,-3.2871761322021484,-22.388954162597656,-13.711318969726562,-2.0109214782714844,-15.749542236328125,8.146869659423828,10.314459800720215,4.73919677734375,-54.20734405517578,-1.5979137420654297,7.8188323974609375,-32.81599807739258,-5.361529350280762,-15.097587585449219,-9.607284545898438,-3.179978370666504,-14.348945617675781,7.418567657470703
198816,1970-06-12 07:49:06,-0.5269584655761719,-16.107513427734375,-44.87109375,12.712347030639648,-11.832344055175781,-27.54824447631836,18.71034812927246,-6.521629333496094,-10.34714126586914,-16.664125442504883,0.5629425048828125,-68.26123809814453,1.2243995666503906,5.8213653564453125,-40.600948333740234,2.582103729248047,-20.327041625976562,-10.634639739990234,1.0702629089355469,-13.97552490234375,8.357315063476562,-6.835422515869141,1.4329681396484375,-66.27011108398438,0.7521743774414062,8.870468139648438,-45.16844177246094,-1.4285907745361328,-22.547042846679688,-15.075523376464844,-1.1088886260986328,-16.43756103515625,7.1226806640625,2.869797706604004,1.9521484375,-59.72821807861328,0.6209697723388672,8.195526123046875,-41.875606536865234,-3.23275089263916,-21.648155212402344,-14.865303039550781,-2.220569133758545,-16.39527130126953,6.687862396240234,10.195261001586914,4.5380096435546875,-54.24709701538086,-1.5168781280517578,7.9260406494140625,-32.79410934448242,-5.3722734451293945,-14.587440490722656,-10.359928131103516,-3.533933639526367,-14.840179443359375,6.190311431884766
198824,1970-06-12 07:50:15,-0.8482513427734375,-16.44586944580078,-44.74325180053711,12.583978652954102,-12.069526672363281,-27.504249572753906,18.34652328491211,-6.7574462890625,-10.835775375366211,-16.815275192260742,0.2725830078125,-68.22593688964844,1.1545486450195312,5.9527740478515625,-40.58393478393555,2.4857330322265625,-19.65869903564453,-11.845157623291016,1.1865310668945312,-14.761909484863281,6.854461669921875,-6.979393005371094,1.1210479736328125,-66.2611083984375,0.7653408050537109,8.84967041015625,-45.17230224609375,-1.4298114776611328,-21.515335083007812,-16.514469146728516,-1.2029666900634766,-17.163414001464844,5.111328125,2.7420856952667236,1.6419525146484375,-59.74354934692383,0.9112271070480347,8.546539306640625,-41.8000602722168,-3.0634732246398926,-20.36151123046875,-16.616107940673828,-2.438492774963379,-17.142242431640625,4.319789886474609,10.088069915771484,4.2318267822265625,-54.291866302490234,-1.4018335342407227,8.030441284179688,-32.773826599121094,-5.316769599914551,-13.820991516113281,-11.388370513916016,-3.9729461669921875,-15.372085571289062,4.353679656982422
198832,1970-06-12 07:51:25,-1.2855606079101562,-16.722885131835938,-44.6300048828125,12.360269546508789,-12.228500366210938,-27.535459518432617,18.05449676513672,-6.881828308105469,-11.240448951721191,-16.849834442138672,-0.1588287353515625,-68.2177734375,1.0285911560058594,6.4098968505859375,-40.517642974853516,2.4905624389648438,-18.63512420654297,-13.397018432617188,1.4063529968261719,-15.522544860839844,4.835109710693359,-7.015495300292969,0.7292327880859375,-66.26277160644531,0.7123928070068359,9.137496948242188,-45.11582946777344,-1.2795429229736328,-20.01422119140625,-18.315994262695312,-1.1789970397949219,-17.740493774414062,2.4576950073242188,2.7076573371887207,1.31500244140625,-59.75320816040039,1.0548186302185059,8.711288452148438,-41.762657165527344,-2.7505764961242676,-18.912567138671875,-18.29808807373047,-2.479381561279297,-17.59154510498047,1.689239501953125,10.0487699508667,3.9567413330078125,-54.319889068603516,-1.2865114212036133,8.041595458984375,-32.775821685791016,-5.095065116882324,-12.870849609375,-12.544500350952148,-4.322875022888184,-15.754837036132812,2.0340538024902344
198840,1970-06-12 07:52:34,-1.3914031982421875,-16.955047607421875,-44.53913879394531,12.309209823608398,-12.371147155761719,-27.494583129882812,17.966402053833008,-6.9632568359375,-11.331083297729492,-16.802169799804688,-0.51409912109375,-68.22777557373047,0.9923171997070312,6.845794677734375,-40.44718551635742,2.4520721435546875,-17.408523559570312,-14.962684631347656,1.5703239440917969,-16.043685913085938,2.5376510620117188,-6.969842910766602,0.3909454345703125,-66.27044677734375,0.5621795654296875,9.384109497070312,-45.06730651855469,-1.229736328125,-18.460601806640625,-19.88405990600586,-1.1711883544921875,-17.91010284423828,-0.1096954345703125,2.7483444213867188,1.016510009765625,-59.75717544555664,1.0119935274124146,8.648117065429688,-41.7768440246582,-2.5630135536193848,-17.55133056640625,-19.632953643798828,-2.485644817352295,-17.657562255859375,-0.7037467956542969,10.083749771118164,3.6909027099609375,-54.33211898803711,-1.2772178649902344,7.9636077880859375,-32.79521942138672,-4.903961181640625,-11.897369384765625,-13.542032241821289,-4.581908702850342,-15.8111572265625,-0.23046493530273438
198847,1970-06-12 07:53:35,-1.4511947631835938,-16.998611450195312,-44.5206298828125,12.27764892578125,-12.405570983886719,-27.493181228637695,17.921493530273438,-6.995613098144531,-11.382156372070312,-16.78337860107422,-0.5723876953125,-68.23193359375,0.99365234375,6.9300994873046875,-40.43279266357422,2.4067306518554688,-16.621192932128906,-15.83966064453125,1.6454505920410156,-16.20117950439453,1.0581550598144531,-6.951358795166016,0.3319244384765625,-66.27271270751953,0.47139930725097656,9.368408203125,-45.07160949707031,-1.2073287963867188,-17.379127502441406,-20.837223052978516,-1.1753005981445312,-17.811668395996094,-1.8758392333984375,2.765181303024292,0.9609527587890625,-59.757320404052734,0.9224905967712402,8.499267578125,-41.809452056884766,-2.4574477672576904,-16.497573852539062,-20.539268493652344,-2.4795403480529785,-17.49462127685547,-2.500701904296875,10.099769592285156,3.6384429931640625,-54.33268356323242,-1.3349876403808594,7.90606689453125,-32.80683898925781,-4.76963996887207,-11.0950927734375,-14.252450942993164,-4.729780673980713,-15.643524169921875,-1.9871864318847656
198853,1970-06-12 07:54:27,-1.5218963623046875,-17.03693389892578,-44.50360870361328,12.235179901123047,-12.445854187011719,-27.493907928466797,17.884197235107422,-7.034515380859375,-11.416790008544922,-16.805910110473633,-0.6128692626953125,-68.22603607177734,0.9736213684082031,6.7879638671875,-40.45738220214844,2.3300933837890625,-15.927078247070312,-16.548412322998047,1.688201904296875,-16.228736877441406,-0.2893524169921875,-6.972291946411133,0.282470703125,-66.27074432373047,0.3395977020263672,9.26544189453125,-45.09407424926758,-1.2306957244873047,-16.438217163085938,-21.585918426513672,-1.1948413848876953,-17.588394165039062,-3.3728866577148438,2.747018575668335,0.906585693359375,-59.75900650024414,0.8270822763442993,8.208480834960938,-41.869503021240234,-2.3931307792663574,-15.663726806640625,-21.189422607421875,-2.476349353790283,-17.2310791015625,-3.926910400390625,10.086244583129883,3.580780029296875,-54.339027404785156,-1.4407148361206055,7.72540283203125,-32.84539031982422,-4.690570831298828,-10.517349243164062,-14.709421157836914,-4.821828842163086,-15.4013671875,-3.253814697265625
198860,1970-06-12 07:55:28,-1.3657112121582031,-17.97894287109375,-44.13657760620117,12.323226928710938,-13.101112365722656,-27.147979736328125,17.89537239074707,-7.383125305175781,-11.176633834838867,-16.375614166259766,-1.982818603515625,-68.30457305908203,1.0337677001953125,6.5457611083984375,-40.495784759521484,2.174877166748047,-14.572715759277344,-17.772361755371094,1.6906814575195312,-16.007362365722656,-2.6854324340820312,-6.549766540527344,-1.0992889404296875,-66.3053207397461,0.19781494140625,8.98443603515625,-45.1517448425293,-1.3030509948730469,-14.793487548828125,-22.74062728881836,-1.2883052825927734,-16.940711975097656,-5.788642883300781,3.1313376426696777,-0.3886871337890625,-59.7457160949707,0.9864399433135986,8.123626708984375,-41.88260269165039,-2.164159059524536,-13.89654541015625,-22.411449432373047,-2.4605484008789062,-16.453140258789062,-6.457813262939453,10.450803756713867,2.361053466796875,-54.336822509765625,-1.0323801040649414,7.419097900390625,-32.9312629699707,-4.349005699157715,-9.493270874023438,-15.490213394165039,-4.922104358673096,-14.779624938964844,-5.326847076416016
198868,1970-06-12 07:56:37,-1.3510589599609375,-18.927955627441406,-43.73844528198242,12.329843521118164,-13.714836120605469,-26.840124130249023,17.88165855407715,-7.669647216796875,-11.004310607910156,-16.255809783935547,-3.4253387451171875,-68.27607727050781,0.9010505676269531,6.19970703125,-40.55337142944336,1.9752731323242188,-13.104850769042969,-18.90270233154297,1.6875,-15.408905029296875,-5.101325988769531,-6.431676864624023,-2.52008056640625,-66.2780990600586,-0.06599235534667969,8.500335693359375,-45.245765686035156,-1.3688335418701172,-13.2496337890625,-23.669708251953125,-1.3334293365478516,-16.037986755371094,-7.9473724365234375,3.2390384674072266,-1.688690185546875,-59.71736526489258,0.842339038848877,7.635894775390625,-41.97740173339844,-2.0280957221984863,-12.399887084960938,-23.28519058227539,-2.383272647857666,-15.476486206054688,-8.559326171875,10.554731369018555,1.1615753173828125,-54.355613708496094,-0.9447393417358398,7.306060791015625,-32.95915222167969,-4.020345687866211,-8.167007446289062,-16.313173294067383,-4.872925281524658,-13.737663269042969,-7.653179168701172
198877,1970-06-12 07:57:55,-1.3555107116699219,-19.304046630859375,-43.573631286621094,12.326995849609375,-13.95867919921875,-26.715435028076172,17.868839263916016,-7.786247253417969,-10.943075180053711,-16.20672035217285,-3.9999542236328125,-68.25650024414062,0.9159317016601562,5.753265380859375,-40.618778228759766,1.8576583862304688,-11.818893432617188,-19.74370574951172,1.6680068969726562,-14.594490051269531,-7.1080322265625,-6.383317947387695,-3.0861358642578125,-66.25883483886719,-0.3702354431152344,7.9987945556640625,-45.335655212402344,-1.4816436767578125,-12.479324340820312,-24.078060150146484,-1.3826675415039062,-15.441513061523438,-9.044517517089844,3.2831196784973145,-2.2066802978515625,-59.69805908203125,0.6548540592193604,7.0399932861328125,-42.08477783203125,-1.9488680362701416,-11.368087768554688,-23.812580108642578,-2.303069591522217,-14.600555419921875,-9.999156951904297,10.597238540649414,0.6833038330078125,-54.35546112060547,-1.0557832717895508,6.9345855712890625,-33.035945892333984,-3.8165340423583984,-7.30859375,-16.76309585571289,-4.761225700378418,-12.823944091796875,-9.16061782836914
198885,1970-06-12 07:59:05,-1.3382339477539062,-19.421859741210938,-43.52177810668945,12.339046478271484,-14.030166625976562,-26.67238998413086,17.867433547973633,-7.81744384765625,-10.923116683959961,-16.16099739074707,-4.185882568359375,-68.25618743896484,0.9298248291015625,5.2308502197265625,-40.68903732299805,1.8079757690429688,-11.3790283203125,-20.0050048828125,1.6525192260742188,-14.192825317382812,-7.882785797119141,-6.339046478271484,-3.2653350830078125,-66.2544937133789,-0.5426979064941406,7.4924468994140625,-45.420345306396484,-1.5203857421875,-11.964447021484375,-24.335609436035156,-1.3933544158935547,-14.964469909667969,-9.812187194824219,3.322927474975586,-2.3668975830078125,-59.68972396850586,0.5856013298034668,6.5065155029296875,-42.171566009521484,-1.8605871200561523,-10.822006225585938,-24.07266616821289,-2.2206168174743652,-14.033721923828125,-10.797534942626953,10.633116722106934,0.538482666015625,-54.350074768066406,-1.1649560928344727,6.596527099609375,-33.1014404296875,-3.700145721435547,-6.8562469482421875,-16.978919982910156,-4.663027763366699,-12.246170043945312,-9.966297149658203
198891,1970-06-12 07:59:56,-1.3138236999511719,-19.466156005859375,-43.50272750854492,12.355585098266602,-14.052604675292969,-26.65291404724121,17.87100601196289,-7.823661804199219,-10.912813186645508,-16.119842529296875,-4.26068115234375,-68.26129150390625,0.9872550964355469,4.73870849609375,-40.7479362487793,1.7819976806640625,-10.916831970214844,-20.263225555419922,1.6439743041992188,-13.743026733398438,-8.644767761230469,-6.2994232177734375,-3.334136962890625,-66.25484466552734,-0.6584835052490234,7.04345703125,-45.49060821533203,-1.5294609069824219,-11.503982543945312,-24.556079864501953,-1.3888969421386719,-14.509231567382812,-10.47418212890625,3.358388662338257,-2.425201416015625,-59.685394287109375,0.5151937007904053,6.042327880859375,-42.241493225097656,-1.8004302978515625,-10.450057983398438,-24.240982055664062,-2.154287815093994,-13.599494934082031,-11.352371215820312,10.664306640625,0.4884796142578125,-54.34444046020508,-1.2651891708374023,6.2654266357421875,-33.16203689575195,-3.6278676986694336,-6.6048126220703125,-17.093795776367188,-4.585993766784668,-11.863182067871094,-10.453388214111328
198899,1970-06-12 08:01:06,-1.299224853515625,-19.498741149902344,-43.48856735229492,12.365961074829102,-14.069366455078125,-26.63925552368164,17.871353149414062,-7.8292236328125,-10.908255577087402,-16.089597702026367,-4.315582275390625,-68.26497650146484,1.0721626281738281,4.0904693603515625,-40.81596374511719,1.7464408874511719,-10.28741455078125,-20.592967987060547,1.6235427856445312,-13.080734252929688,-9.621009826660156,-6.2703094482421875,-3.384613037109375,-66.25504302978516,-0.7165679931640625,6.3852081298828125,-45.58678436279297,-1.4914073944091797,-10.928131103515625,-24.820018768310547,-1.3598136901855469,-13.881614685058594,-11.296348571777344,3.3844404220581055,-2.46795654296875,-59.68217086791992,0.4077761173248291,5.538848876953125,-42.31162643432617,-1.7333600521087646,-9.893692016601562,-24.478172302246094,-2.071216583251953,-12.968971252441406,-12.082183837890625,10.68722152709961,0.451812744140625,-54.34025573730469,-1.394087791442871,5.8968963623046875,-33.224388122558594,-3.5291481018066406,-6.2170562744140625,-17.25908851623535,-4.475295066833496,-11.291206359863281,-11.113960266113281
198906,1970-06-12 08:02:06,-1.2934112548828125,-19.516082763671875,-43.48096466064453,12.370437622070312,-14.078437805175781,-26.632381439208984,17.870214462280273,-7.832756042480469,-10.907585144042969,-16.07354736328125,-4.34466552734375,-68.26691436767578,1.1533622741699219,3.693023681640625,-40.851627349853516,1.737274169921875,-9.880256652832031,-20.792152404785156,1.6136398315429688,-12.627174377441406,-10.210590362548828,-6.254859924316406,-3.411376953125,-66.25514221191406,-0.7270984649658203,5.99261474609375,-45.63988494873047,-1.4351654052734375,-10.274490356445312,-25.10092544555664,-1.3214683532714844,-13.215156555175781,-12.073493957519531,3.398266315460205,-2.4906463623046875,-59.68044662475586,0.36449456214904785,5.2770233154296875,-42.3454704284668,-1.6497366428375244,-9.320388793945312,-24.7078857421875,-1.9852547645568848,-12.361289978027344,-12.716941833496094,10.699382781982422,0.432373046875,-54.33802032470703,-1.4588232040405273,5.71575927734375,-33.25325012207031,-3.435394287109375,-5.8535919189453125,-17.40449333190918,-4.373725414276123,-10.787193298339844,-11.6424560546875
198911,1970-06-12 08:02:50,-1.2878875732421875,-19.524391174316406,-43.47740173339844,12.374454498291016,-14.082160949707031,-26.62854766845703,17.87006378173828,-7.833778381347656,-10.907096862792969,-16.061351776123047,-4.3593292236328125,-68.26884460449219,1.2045440673828125,3.5064544677734375,-40.8665885925293,1.7234992980957031,-9.479682922363281,-20.978946685791016,1.6020050048828125,-12.211669921875,-10.705799102783203,-6.243127822875977,-3.4243927001953125,-66.25557708740234,-0.7530193328857422,5.80804443359375,-45.66332244873047,-1.4080886840820312,-9.789047241210938,-25.295726776123047,-1.2992172241210938,-12.726173400878906,-12.590156555175781,3.4087588787078857,-2.5012054443359375,-59.679405212402344,0.3188338279724121,5.151947021484375,-42.361236572265625,-1.599524736404419,-8.87872314453125,-24.873291015625,-1.92724609375,-11.899391174316406,-13.158775329589844,10.708585739135742,0.4237518310546875,-54.336273193359375,-1.509979248046875,5.6448516845703125,-33.26308059692383,-3.368191719055176,-5.5511322021484375,-17.51636505126953,-4.29673433303833,-10.382392883300781,-12.032611846923828
198917,1970-06-12 08:03:59,-1.2059288024902344,-19.490501403808594,-43.49494934082031,12.427406311035156,-14.047004699707031,-26.622455596923828,17.891836166381836,-7.806282043457031,-10.891111373901367,-15.95468521118164,-4.3216400146484375,-68.29624938964844,1.2987785339355469,3.366790771484375,-40.87544631958008,1.7241134643554688,-8.829582214355469,-21.26068878173828,1.600433349609375,-11.547645568847656,-11.419113159179688,-6.140529632568359,-3.3773345947265625,-66.26757049560547,-0.7551822662353516,5.604278564453125,-45.688743591308594,-1.3545608520507812,-9.303924560546875,-25.481048583984375,-1.2542552947998047,-12.215156555175781,-13.090927124023438,3.500504732131958,-2.448699951171875,-59.67626953125,0.26369500160217285,5.0325469970703125,-42.37596893310547,-1.5390090942382812,-8.400009155273438,-25.042804718017578,-1.8532161712646484,-11.388679504394531,-13.613483428955078,10.789073944091797,0.4800567626953125,-54.31988525390625,-1.5088109970092773,5.56170654296875,-33.277137756347656,-3.252413749694824,-5.2127685546875,-17.641759872436523,-4.170813083648682,-9.915969848632812,-12.462654113769531
198924,1970-06-12 08:05:00,-1.0612869262695312,-19.272293090820312,-43.5958366394043,12.516761779785156,-13.91094970703125,-26.652019500732422,17.926544189453125,-7.7490692138671875,-10.874878883361816,-15.72596549987793,-3.982147216796875,-68.3698959350586,1.4532203674316406,3.19024658203125,-40.88440704345703,1.7500076293945312,-8.277259826660156,-21.479652404785156,1.6035957336425781,-10.937469482421875,-12.004402160644531,-5.918842315673828,-3.045928955078125,-66.30379486083984,-0.7360038757324219,5.3868865966796875,-45.71519470214844,-1.282419204711914,-8.561859130859375,-25.743572235107422,-1.198944091796875,-11.426383972167969,-13.789703369140625,3.699951410293579,-2.1483154296875,-59.67580795288086,0.22247672080993652,4.9226837158203125,-42.38910675048828,-1.43080472946167,-7.568267822265625,-25.312942504882812,-1.734426498413086,-10.496925354003906,-14.327228546142578,10.969945907592773,0.7551116943359375,-54.280513763427734,-1.4495811462402344,5.4269256591796875,-33.3020133972168,-3.0883102416992188,-4.8219146728515625,-17.781856536865234,-3.9976377487182617,-9.343368530273438,-12.952220916748047
198932,1970-06-12 08:06:09,3.042083740234375,-16.607589721679688,-44.58787536621094,15.065999984741211,-12.578536987304688,-25.986726760864258,18.32642936706543,-7.662933349609375,-10.251510620117188,-15.220226287841797,-3.34332275390625,-68.51841735839844,1.8286170959472656,2.9853363037109375,-40.88481521606445,1.7889823913574219,-7.1934051513671875,-21.863338470458984,1.5669174194335938,-9.723609924316406,-13.011604309082031,-5.423639297485352,-2.4867095947265625,-66.36945343017578,-0.40216827392578125,5.31072998046875,-45.7282600402832,-0.9796142578125,-6.134490966796875,-26.440311431884766,-1.0034198760986328,-8.867599487304688,-15.5728759765625,4.148992538452148,-1.703338623046875,-59.6606330871582,0.4819936752319336,4.7259521484375,-42.40933609008789,-1.0689949989318848,-5.8967742919921875,-25.77122688293457,-1.431750774383545,-8.623161315917969,-15.558097839355469,11.395339012145996,1.110595703125,-54.18669128417969,-1.1673221588134766,5.163970947265625,-33.35487365722656,-2.663949966430664,-3.8297576904296875,-18.089202880859375,-3.563753604888916,-7.86273193359375,-14.018444061279297
198939,1970-06-12 08:07:10,0.5814933776855469,-14.352973937988281,-45.462059020996094,12.224237442016602,-11.93109130859375,-27.726001739501953,18.898019790649414,-7.864387512207031,-8.982664108276367,-15.07546615600586,-4.306793212890625,-68.49662780761719,1.7678451538085938,2.4417724609375,-40.923545837402344,1.5114860534667969,-5.1243896484375,-22.459009170532227,1.3066864013671875,-7.2138519287109375,-14.579387664794922,-5.27696418762207,-3.5049591064453125,-66.33531188964844,-0.32448768615722656,4.6593780517578125,-45.799827575683594,-0.8330936431884766,-4.3636322021484375,-26.794517517089844,-0.8791141510009766,-6.698883056640625,-16.628520965576172,4.285299301147461,-2.7008819580078125,-59.614158630371094,0.5892658233642578,3.948211669921875,-42.48744583129883,-0.7149171829223633,-4.11102294921875,-26.12774658203125,-1.0679984092712402,-6.3370513916015625,-16.648258209228516,11.543100357055664,0.134674072265625,-54.16661834716797,-0.9061565399169922,4.54168701171875,-33.45338439941406,-2.1011781692504883,-2.5473480224609375,-18.38692283630371,-2.8940305709838867,-5.7570343017578125,-15.149948120117188
198947,1970-06-12 08:08:19,-0.42301177978515625,-14.131752014160156,-45.533058166503906,9.878562927246094,-11.671379089355469,-28.752506256103516,17.958419799804688,-8.154945373535156,-10.519701957702637,-15.062480926513672,-5.101959228515625,-68.44485473632812,1.7007560729980469,2.172760009765625,-40.94155502319336,1.3568992614746094,-3.4464569091796875,-22.786659240722656,1.1636199951171875,-5.096153259277344,-15.459003448486328,-5.267065048217773,-4.2386016845703125,-66.29325866699219,-0.49897003173828125,4.351654052734375,-45.828521728515625,-0.7205371856689453,-2.3152618408203125,-27.051837921142578,-0.7018280029296875,-4.21484375,-17.43267822265625,4.292368412017822,-3.324920654296875,-59.58210754394531,0.4087677001953125,3.3273773193359375,-42.542686462402344,-0.5643081665039062,-3.0217437744140625,-26.27967643737793,-0.8295211791992188,-4.8389129638671875,-17.156925201416016,11.539336204528809,-0.4025726318359375,-54.166099548339844,-1.0470705032348633,4.0963134765625,-33.5067253112793,-1.8214454650878906,-1.693145751953125,-18.514816284179688,-2.4394912719726562,-4.283050537109375,-15.708091735839844
198953,1970-06-12 08:09:20,-0.6407356262207031,-14.225021362304688,-45.501461029052734,8.939203262329102,-11.617172241210938,-29.07999038696289,16.52558135986328,-8.414474487304688,-12.480932235717773,-15.060291290283203,-5.380828857421875,-68.4239730834961,1.6767692565917969,1.8948822021484375,-40.95634460449219,1.255035400390625,-2.4811553955078125,-22.91767692565918,1.0535812377929688,-3.798095703125,-15.835716247558594,-5.265775680541992,-4.4977569580078125,-66.27628326416016,-0.6360111236572266,3.9912872314453125,-45.859619140625,-0.7108516693115234,-1.5213470458984375,-27.108333587646484,-0.6492176055908203,-3.148223876953125,-17.658504486083984,4.292952060699463,-3.5472412109375,-59.56924057006836,0.26805639266967773,2.910888671875,-42.5743293762207,-0.529944896697998,-2.5537109375,-26.329994201660156,-0.7405343055725098,-4.13189697265625,-17.344802856445312,11.536781311035156,-0.595733642578125,-54.16485595703125,-1.1418590545654297,3.7970123291015625,-33.53886795043945,-1.7097234725952148,-1.3432159423828125,-18.554122924804688,-2.2384634017944336,-3.6206512451171875,-15.903453826904297
198959,1970-06-12 08:10:12,-0.5031776428222656,-14.378929138183594,-45.45479202270508,8.196676254272461,-11.587860107421875,-29.309555053710938,15.787213325500488,-8.544937133789062,-13.319907188415527,-15.055110931396484,-5.7031707763671875,-68.39900970458984,1.697662353515625,1.56365966796875,-40.96946716308594,1.2136154174804688,-2.0435333251953125,-22.963064193725586,0.9985122680664062,-3.1355133056640625,-15.983646392822266,-5.260822296142578,-4.809112548828125,-66.25480651855469,-0.7399501800537109,3.550811767578125,-45.894264221191406,-0.7057704925537109,-1.0041961669921875,-27.132545471191406,-0.6114063262939453,-2.380523681640625,-17.779617309570312,4.297358989715576,-3.8262786865234375,-59.55165100097656,0.14058685302734375,2.397308349609375,-42.60694885253906,-0.5077123641967773,-2.2379302978515625,-26.359148025512695,-0.6702480316162109,-3.5715179443359375,-17.471641540527344,11.540550231933594,-0.8488006591796875,-54.160682678222656,-1.2467098236083984,3.459014892578125,-33.57168197631836,-1.650029182434082,-1.1527862548828125,-18.572328567504883,-2.1099014282226562,-3.18829345703125,-16.013208389282227
198967,1970-06-12 08:11:21,0.4272956848144531,-14.477867126464844,-45.42414855957031,5.155464172363281,-11.008010864257812,-30.211898803710938,13.634708404541016,-8.730339050292969,-15.412590026855469,-15.035114288330078,-6.244903564453125,-68.3560791015625,1.7789154052734375,1.005706787109375,-40.98351287841797,1.1940994262695312,-1.676055908203125,-22.993824005126953,0.9508552551269531,-2.4848175048828125,-16.100536346435547,-5.239568710327148,-5.3589019775390625,-66.21430206298828,-0.7987785339355469,2.8157196044921875,-45.944236755371094,-0.6721210479736328,-0.5736541748046875,-27.14591407775879,-0.5533485412597656,-1.6179046630859375,-17.86705780029297,4.31776237487793,-4.3446502685546875,-59.51460266113281,-0.23562335968017578,1.71075439453125,-42.639610290527344,-0.594965934753418,-1.694061279296875,-26.397859573364258,-0.6485171318054199,-2.6709747314453125,-17.63260269165039,11.566146850585938,-1.3408203125,-54.14527130126953,-1.4287919998168945,2.946044921875,-33.61333465576172,-1.5960569381713867,-0.9165802001953125,-18.590194702148438,-1.9606103897094727,-2.613006591796875,-16.135921478271484
198973,1970-06-12 08:12:14,0.44886016845703125,-14.779678344726562,-45.32664108276367,4.422496795654297,-11.066139221191406,-30.306699752807617,13.242992401123047,-8.869400024414062,-15.672550201416016,-15.035820007324219,-6.665252685546875,-68.31621551513672,1.8305282592773438,0.699615478515625,-40.987606048583984,1.1827507019042969,-1.4334564208984375,-23.01081085205078,0.9213066101074219,-2.074432373046875,-16.16024398803711,-5.238260269165039,-5.7935638427734375,-66.17778778076172,-0.7941551208496094,2.3134765625,-45.97234344482422,-0.6326313018798828,-0.4010467529296875,-27.149961471557617,-0.5077190399169922,-1.24365234375,-17.898357391357422,4.3202900886535645,-4.761932373046875,-59.48248291015625,-0.49881649017333984,1.3712005615234375,-42.64961624145508,-0.6854677200317383,-1.4103546142578125,-26.412342071533203,-0.6694998741149902,-2.206512451171875,-17.695945739746094,11.576107025146484,-1.7429962158203125,-54.131690979003906,-1.5550861358642578,2.65838623046875,-33.63170623779297,-1.5747861862182617,-0.762908935546875,-18.598949432373047,-1.8812255859375,-2.2566070556640625,-16.19902801513672
198981,1970-06-12 08:13:23,0.31229400634765625,-15.261619567871094,-45.16780090332031,4.320537567138672,-11.396842956542969,-30.198659896850586,12.661310195922852,-9.061187744140625,-16.039264678955078,-15.129573822021484,-7.2067718505859375,-68.24049377441406,1.9193382263183594,0.4711761474609375,-40.98680877685547,1.1998100280761719,-1.2186126708984375,-23.02230453491211,0.9155082702636719,-1.7247467041015625,-16.20162582397461,-5.326805114746094,-6.35107421875,-66.1195297241211,-0.7244129180908203,1.907958984375,-45.99211120605469,-0.5515670776367188,-0.1626434326171875,-27.154203414916992,-0.432708740234375,-0.82147216796875,-17.924667358398438,4.242210388183594,-5.2949066162109375,-59.44303512573242,-0.8663511276245117,1.079345703125,-42.65211868286133,-0.8442564010620117,-1.129669189453125,-26.42123794555664,-0.7385663986206055,-1.761932373046875,-17.742984771728516,11.514119148254395,-2.2551422119140625,-54.125999450683594,-1.6783485412597656,2.3697357177734375,-33.64735412597656,-1.564687728881836,-0.6515655517578125,-18.604034423828125,-1.8198938369750977,-1.9669189453125,-16.243738174438477
198994,1970-06-12 08:15:16,-0.30619049072265625,-15.87408447265625,-44.95624923706055,5.250324249267578,-12.080787658691406,-29.78258514404297,12.198841094970703,-9.277473449707031,-16.272335052490234,-15.382953643798828,-7.7527618408203125,-68.1239013671875,1.9393386840820312,0.53985595703125,-40.98501968383789,1.1944427490234375,-0.9866943359375,-23.03369140625,0.90283203125,-1.451202392578125,-16.22911834716797,-5.571218490600586,-6.89764404296875,-66.04458618164062,-0.32857704162597656,1.649810791015625,-46.006622314453125,-0.2835979461669922,0.0481719970703125,-27.158771514892578,-0.23702430725097656,-0.481353759765625,-17.940673828125,4.023171901702881,-5.8032684326171875,-59.410797119140625,-1.1234030723571777,0.82952880859375,-42.651710510253906,-0.9659266471862793,-1.04296875,-26.420637130737305,-0.7999043464660645,-1.56964111328125,-17.75836944580078,11.319354057312012,-2.7324676513671875,-54.14508819580078,-1.8448562622070312,2.0604400634765625,-33.65899658203125,-1.619044303894043,-0.6938629150390625,-18.59785270690918,-1.8418354988098145,-1.9119873046875,-16.247819900512695
199015,1970-06-12 08:18:18,0.4009056091308594,-14.248451232910156,-45.49687194824219,4.598318099975586,-11.008087158203125,-30.301673889160156,11.291498184204102,-9.214027404785156,-16.949207305908203,-14.032880783081055,-4.94366455078125,-68.6749267578125,3.1352462768554688,2.177093505859375,-40.85651397705078,1.8041458129882812,-0.0245208740234375,-23.015117645263672,1.296142578125,-0.751708984375,-16.249935150146484,-4.2462663650512695,-4.6357421875,-66.33990478515625,1.5507926940917969,3.2515869140625,-45.896202087402344,0.7787408828735352,0.97314453125,-27.131681442260742,0.43845367431640625,0.1171722412109375,-17.942955017089844,5.221053123474121,-4.2145233154296875,-59.4515380859375,-0.3045673370361328,2.493194580078125,-42.6005859375,-0.5304749011993408,0.0246734619140625,-26.453519821166992,-0.54756760597229,-0.83258056640625,-17.81769561767578,12.523750305175781,-1.665985107421875,-53.922767639160156,-0.8837375640869141,3.4227142333984375,-33.586917877197266,-1.1204185485839844,0.2406768798828125,-18.64590072631836,-1.4313926696777344,-0.9680023193359375,-16.37234878540039
199023,1970-06-12 08:19:27,2.770045280456543,-11.061721801757812,-46.29373550415039,3.8847312927246094,-8.336471557617188,-31.23981285095215,10.809243202209473,-8.437080383300781,-17.653553009033203,-8.360340118408203,0.8130950927734375,-69.76425170898438,6.742397308349609,4.8007965087890625,-40.191001892089844,3.7595391273498535,1.370361328125,-22.73629379272461,2.63096284866333,0.18426513671875,-16.10433578491211,1.1911580562591553,0.319854736328125,-66.62568664550781,5.395379066467285,5.9736328125,-45.328189849853516,2.9211177825927734,2.2333984375,-26.910232543945312,1.7817754745483398,0.75836181640625,-17.843929290771484,10.041407585144043,-0.359588623046875,-58.97921371459961,2.6359291076660156,4.64923095703125,-42.33857727050781,1.1103630065917969,1.064117431640625,-26.41411590576172,0.4559478759765625,-0.2917938232421875,-17.837329864501953,16.980541229248047,1.314605712890625,-52.699310302734375,2.135387420654297,5.7288665771484375,-33.214412689208984,0.4438362121582031,1.5300445556640625,-18.61302947998047,-0.13684463500976562,0.1715850830078125,-16.461822509765625
199030,1970-06-12 08:20:28,5.086706161499023,-7.9243621826171875,-46.73835754394531,4.142428874969482,-5.7562103271484375,-31.78396224975586,11.245595932006836,-7.998077392578125,-17.585203170776367,-0.3107881546020508,6.0200958251953125,-70.0090560913086,11.466557502746582,5.58819580078125,-39.001468658447266,6.301183700561523,1.6735687255859375,-22.145999908447266,4.353054046630859,0.3238372802734375,-15.724235534667969,8.756807327270508,4.5178375244140625,-65.9045639038086,10.44240951538086,5.70635986328125,-44.47283172607422,5.674278259277344,1.661346435546875,-26.508941650390625,3.4736061096191406,0.168792724609375,-17.608556747436523,16.604434967041016,2.5988616943359375,-57.41990661621094,7.424961090087891,6.8762359619140625,-41.457279205322266,3.8896102905273438,2.319122314453125,-26.068435668945312,2.2169761657714844,0.4836273193359375,-17.70069122314453,22.895225524902344,3.2702789306640625,-50.32293701171875,6.269950866699219,7.494903564453125,-32.32787322998047,2.5219650268554688,2.3787841796875,-18.356578826904297,1.52996826171875,0.8212432861328125,-16.37145233154297
199035,1970-06-12 08:21:11,8.107772827148438,-5.8413848876953125,-46.61852264404297,6.294957160949707,-4.530494689941406,-31.628501892089844,11.968107223510742,-8.567825317382812,-16.823455810546875,6.611995697021484,9.96844482421875,-69.24246215820312,14.752641677856445,3.695465087890625,-38.112037658691406,7.876274108886719,0.3409423828125,-21.697906494140625,5.301963806152344,-0.748626708984375,-15.415390014648438,15.029827117919922,7.09246826171875,-64.53143310546875,14.5859375,3.2078399658203125,-43.54766845703125,7.666774749755859,-0.244049072265625,-26.054607391357422,4.543022155761719,-1.2896270751953125,-17.31627655029297,21.803836822509766,3.7111053466796875,-55.59071350097656,11.170974731445312,3.757232666015625,-41.014766693115234,5.1183013916015625,-1.0511627197265625,-25.937786102294922,2.4359664916992188,-2.5009307861328125,-17.500707626342773,27.477909088134766,3.171905517578125,-47.98112487792969,9.189811706542969,7.02215576171875,-31.730323791503906,3.4800186157226562,1.608551025390625,-18.283462524414062,1.8955612182617188,-0.195556640625,-16.352624893188477
199041,1970-06-12 08:22:21,4.216807842254639,-5.4164276123046875,-47.1807861328125,3.654944896697998,-4.486175537109375,-32.04729461669922,9.343770980834961,-9.954734802246094,-17.699417114257812,3.744659423828125,11.724044799804688,-69.1818618774414,11.561800003051758,0.3973236083984375,-39.36992645263672,5.212150573730469,-2.45611572265625,-22.35513687133789,2.9225845336914062,-3.20574951171875,-15.73172378540039,11.812616348266602,7.2253570556640625,-65.18251037597656,5.86346435546875,-4.510162353515625,-45.43916320800781,0.11006927490234375,-7.121269226074219,-26.20986557006836,-1.5822296142578125,-6.776771545410156,-16.54471206665039,18.45220947265625,2.3275375366210938,-56.86479949951172,6.115760803222656,-1.017791748046875,-42.2218017578125,-0.1015472412109375,-5.25262451171875,-25.932029724121094,-2.0622901916503906,-5.788688659667969,-16.754146575927734,24.42551040649414,0.47570037841796875,-49.703643798828125,6.2848052978515625,2.4709701538085938,-33.090362548828125,0.1226043701171875,-1.7112579345703125,-18.602134704589844,-2.1416168212890625,-3.5089111328125,-15.941791534423828
199049,1970-06-12 08:23:30,-1.3216361999511719,-26.829391479492188,-39.39013671875,-0.8810882568359375,-18.358314514160156,-26.883255004882812,3.152202606201172,-17.468284606933594,-13.586563110351562,0.5005234479904175,-20.890762329101562,-67.0889892578125,1.9232399463653564,-24.517234802246094,-32.848602294921875,-2.4604649543762207,-16.585861206054688,-15.868404388427734,-3.5393738746643066,-12.803245544433594,-9.479198455810547,7.336422920227051,-25.342567443847656,-61.191795349121094,-8.344602584838867,-29.709022521972656,-34.164024353027344,-11.028974533081055,-19.876327514648438,-14.865226745605469,-9.675552368164062,-13.475387573242188,-6.852245330810547,13.090662002563477,-27.86084747314453,-51.30219268798828,-4.66535758972168,-22.117156982421875,-36.19647216796875,-8.899236679077148,-16.50086212158203,-18.670730590820312,-8.6317777633667,-11.918109893798828,-10.095256805419922,18.945953369140625,-28.08173370361328,-43.81495666503906,1.3810691833496094,-16.901344299316406,-29.206405639648438,-4.040885925292969,-11.029304504394531,-14.526138305664062,-6.491947174072266,-10.303638458251953,-11.078330993652344
199055,1970-06-12 08:24:22,-8.552406311035156,-33.989402770996094,-32.32215881347656,-6.133327484130859,-22.253448486328125,-22.971290588378906,-3.0894241333007812,-18.421363830566406,-12.279289245605469,-6.394111633300781,-33.349998474121094,-61.518287658691406,-6.397006988525391,-30.17449188232422,-27.062942504882812,-7.906665802001953,-17.898391723632812,-12.250846862792969,-7.653018951416016,-12.703750610351562,-6.808204650878906,-1.3122196197509766,-38.398040771484375,-54.446044921875,-22.112442016601562,-31.72179412841797,-24.984146118164062,-19.937137603759766,-16.730308532714844,-7.7645721435546875,-15.22104263305664,-9.361316680908203,-1.6856155395507812,3.372831344604492,-40.49285125732422,-43.91423034667969,-11.123878479003906,-26.617229461669922,-31.446800231933594,-13.676700592041016,-16.45319366455078,-15.56634521484375,-12.050575256347656,-10.461551666259766,-7.987678527832031,8.877331733703613,-40.98341369628906,-36.17784118652344,-4.225076675415039,-22.80609130859375,-24.548072814941406,-7.537558555603027,-12.251258850097656,-11.919517517089844,-9.649042129516602,-9.973442077636719,-8.858108520507812
