199311,1970-06-12 09:48:21,-23.94615364074707,32.303863525390625,-25.616134643554688,-16.357463836669922,22.12579345703125,-17.418289184570312,-11.229158401489258,15.25164794921875,-11.872894287109375,-12.112957000732422,58.88545227050781,-36.378387451171875,-17.25590705871582,23.07196044921875,-29.2188720703125,-20.17654800415039,2.36065673828125,-10.96746826171875,-15.503031730651855,-4.39715576171875,-2.5742034912109375,-9.031745910644531,51.0391845703125,-41.879974365234375,-19.23241424560547,25.90728759765625,-32.83849334716797,-24.040882110595703,5.563629150390625,-11.347396850585938,-17.569690704345703,-3.65960693359375,0.2623443603515625,-5.693782806396484,40.030364990234375,-44.09828186035156,-17.03204345703125,25.302886962890625,-29.84613800048828,-24.65964698791504,5.07525634765625,-8.137214660644531,-17.428050994873047,-3.3196868896484375,1.9251174926757812,-0.9713821411132812,31.864822387695312,-45.28767395019531,-12.169532775878906,24.267120361328125,-20.08946990966797,-16.798908233642578,7.008087158203125,-4.203125,-16.33476448059082,-0.0960540771484375,2.0508575439453125
199318,1970-06-12 09:49:22,-23.536893844604492,30.522811889648438,-28.062728881835938,-16.04416847229004,21.257293701171875,-18.74102783203125,-10.968765258789062,15.039077758789062,-12.376754760742188,-10.384231567382812,54.47563171386719,-43.15296936035156,-15.867477416992188,21.146636962890625,-31.382598876953125,-19.822378158569336,3.159149169921875,-11.403694152832031,-15.84308910369873,-3.00689697265625,-2.5021133422851562,-7.918022155761719,45.8447265625,-47.70817565917969,-18.845325469970703,22.687332153320312,-35.34938049316406,-24.089290618896484,5.470703125,-11.289772033691406,-17.81732749938965,-2.106109619140625,0.512664794921875,-5.238067626953125,34.47584533691406,-48.615699768066406,-15.950237274169922,22.509857177734375,-32.55787658691406,-24.43938446044922,5.691436767578125,-8.390174865722656,-17.551036834716797,-1.904052734375,2.6074905395507812,-0.991455078125,25.974395751953125,-48.904319763183594,-10.481632232666016,22.39373779296875,-23.00505828857422,-16.409910202026367,7.5445709228515625,-4.7725372314453125,-16.227680206298828,1.0378265380859375,2.5739288330078125
199324,1970-06-12 09:50:14,-26.158355712890625,27.511444091796875,-28.844512939453125,-17.789810180664062,19.473358154296875,-19.10039520263672,-12.149298667907715,13.81866455078125,-12.692955017089844,-13.899032592773438,49.75755310058594,-47.629920959472656,-16.270965576171875,18.7550048828125,-32.670013427734375,-19.7468318939209,2.8157958984375,-11.622611999511719,-15.915367126464844,-2.678253173828125,-2.415283203125,-11.505245208740234,40.75703430175781,-51.448974609375,-20.00011444091797,19.54876708984375,-36.56885528564453,-25.11536407470703,3.682342529296875,-9.661270141601562,-17.59677505493164,-2.657958984375,2.3333091735839844,-8.639019012451172,29.397537231445312,-51.38734436035156,-15.619117736816406,19.095779418945312,-34.821163177490234,-24.16558837890625,5.32440185546875,-9.367279052734375,-17.628969192504883,-1.195404052734375,2.5007667541503906,-4.23553466796875,20.97686767578125,-51.081451416015625,-10.478404998779297,19.995040893554688,-25.11927032470703,-16.38932991027832,7.233123779296875,-5.296672821044922,-16.150373458862305,1.408233642578125,2.8674087524414062
199332,1970-06-12 09:51:23,-30.30304718017578,21.225753784179688,-30.07221221923828,-20.62630271911621,15.184066772460938,-20.112518310546875,-14.172231674194336,10.296630859375,-13.885215759277344,-19.755504608154297,40.554473876953125,-53.87633514404297,-16.986074447631836,13.24444580078125,-34.926815032958984,-20.29084587097168,0.401458740234375,-11.003250122070312,-15.885469436645508,-3.67645263671875,-0.6640472412109375,-17.189830780029297,31.140411376953125,-56.34969711303711,-19.435598373413086,13.212738037109375,-39.586875915527344,-25.29568099975586,1.63507080078125,-9.753800392150879,-17.470752716064453,-2.5757904052734375,3.2083730697631836,-13.757499694824219,20.067214965820312,-54.65843963623047,-16.88045883178711,11.530715942382812,-37.45946502685547,-24.306182861328125,2.9066009521484375,-10.041510581970215,-17.599843978881836,-1.0272369384765625,2.766510009765625,-8.924503326416016,11.988540649414062,-53.32834243774414,-11.813465118408203,15.310455322265625,-27.68770980834961,-16.610960006713867,6.040496826171875,-6.0474090576171875,-16.1074161529541,1.708740234375,2.944673538208008
199339,1970-06-12 09:52:24,-33.539119720458984,14.1954345703125,-30.769500732421875,-22.89291763305664,10.015640258789062,-20.88336944580078,-15.749990463256836,5.73028564453125,-14.791000366210938,-23.969505310058594,32.03936767578125,-57.76285934448242,-16.06616973876953,8.579605102539062,-36.77081298828125,-20.492826461791992,-1.6358795166015625,-10.503287315368652,-15.678413391113281,-4.398590087890625,1.0702295303344727,-21.151336669921875,22.463836669921875,-59.06353759765625,-18.558982849121094,7.242706298828125,-41.50357437133789,-25.200151443481445,-0.292388916015625,-10.126619338989258,-17.3654727935791,-2.552215576171875,3.752634048461914,-17.198711395263672,11.85052490234375,-56.0649299621582,-17.85738754272461,5.0456695556640625,-38.428810119628906,-24.545988082885742,0.52783203125,-9.863399505615234,-17.485687255859375,-1.174224853515625,3.366790771484375,-11.986087799072266,4.1977386474609375,-53.90729522705078,-12.5096435546875,10.980209350585938,-29.38572883605957,-16.781984329223633,4.7918701171875,-6.662265300750732,-16.10578155517578,1.7749786376953125,2.914274215698242
199345,1970-06-12 09:53:16,-35.170074462890625,9.536849975585938,-30.745067596435547,-24.023035049438477,6.055450439453125,-21.13620376586914,-16.447431564331055,2.7313385009765625,-14.889389038085938,-25.928979873657227,27.26666259765625,-59.34495544433594,-15.622719764709473,5.7694244384765625,-37.50291442871094,-20.592330932617188,-2.6397857666015625,-10.096464157104492,-15.550613403320312,-4.509552001953125,2.0366268157958984,-23.038166046142578,17.646011352539062,-59.98637390136719,-18.605926513671875,4.1878204345703125,-41.90132141113281,-25.24503517150879,-1.142791748046875,-9.953079223632812,-17.29785919189453,-2.380279541015625,4.156185150146484,-18.882232666015625,7.3327178955078125,-56.29563903808594,-18.394023895263672,1.5438385009765625,-38.47590255737305,-24.701501846313477,-0.59637451171875,-9.463132858276367,-17.39415168762207,-1.0842132568359375,3.838134765625,-13.52420425415039,-0.082061767578125,-53.706363677978516,-12.627262115478516,8.640090942382812,-30.107776641845703,-16.83788299560547,4.2065277099609375,-6.9118499755859375,-16.078386306762695,1.908233642578125,2.980581283569336
199352,1970-06-12 09:54:17,-35.5670051574707,6.0921173095703125,-31.161182403564453,-24.269439697265625,3.3656158447265625,-21.451826095581055,-16.53789710998535,0.5738677978515625,-15.027995109558105,-26.417457580566406,23.927658081054688,-60.55733871459961,-14.778800964355469,3.881500244140625,-38.083396911621094,-20.55320167541504,-3.184295654296875,-10.018848419189453,-15.501224517822266,-4.42034912109375,2.545215606689453,-23.526845932006836,14.286483764648438,-60.68680191040039,-17.461923599243164,2.11981201171875,-42.544410705566406,-25.093154907226562,-1.59478759765625,-10.269943237304688,-17.29896354675293,-2.1361083984375,4.282344818115234,-19.336116790771484,4.1943359375,-56.4626350402832,-18.297382354736328,-0.8595428466796875,-38.54329299926758,-24.59064483642578,-1.224578857421875,-9.688724517822266,-17.453125,-0.8864288330078125,3.6146926879882812,-13.953655242919922,-3.0648345947265625,-53.508750915527344,-12.177156448364258,6.989990234375,-30.715368270874023,-16.642465591430664,3.897125244140625,-7.538141250610352,-16.136388778686523,2.1791229248046875,2.4306640625
199359,1970-06-12 09:55:17,-35.3072395324707,5.6039581298828125,-31.545825958251953,-24.102691650390625,3.25390625,-21.656091690063477,-16.463491439819336,0.7664031982421875,-15.100931167602539,-25.639694213867188,23.710540771484375,-60.97559356689453,-13.855396270751953,3.8585662841796875,-38.4312858581543,-20.541790008544922,-2.9368743896484375,-10.117347717285156,-15.54220199584961,-4.1446075439453125,2.7509613037109375,-22.92462158203125,14.017593383789062,-60.979278564453125,-16.41090965270996,3.09375,-42.901634216308594,-25.08617401123047,-0.8419036865234375,-10.375770568847656,-17.277393341064453,-1.7585296630859375,4.533748626708984,-18.94209861755371,3.8998870849609375,-56.617088317871094,-18.04146957397461,-1.0485382080078125,-38.659080505371094,-24.513595581054688,-0.9215087890625,-9.914901733398438,-17.506425857543945,-0.5340728759765625,3.420978546142578,-13.709365844726562,-3.4216461181640625,-53.550254821777344,-11.442619323730469,6.9613800048828125,-31.002944946289062,-16.37002944946289,4.1854400634765625,-7.967872619628906,-16.138336181640625,2.5610198974609375,2.0087432861328125
199368,1970-06-12 09:56:35,-34.73987579345703,5.3049774169921875,-32.22023010253906,-23.718420028686523,3.2011871337890625,-22.083995819091797,-16.208608627319336,0.81536865234375,-15.37166976928711,-24.477163314819336,23.374740600585938,-61.58000564575195,-12.605839729309082,3.880126953125,-38.856937408447266,-20.40331268310547,-2.9062652587890625,-10.402381896972656,-15.54372501373291,-4.09405517578125,2.817218780517578,-21.8046932220459,13.670608520507812,-61.46685028076172,-15.293949127197266,2.6256103515625,-43.343284606933594,-24.923526763916016,-0.9208831787109375,-10.754131317138672,-17.30636215209961,-1.6746826171875,4.454307556152344,-17.942373275756836,3.5681304931640625,-56.96355438232422,-17.730255126953125,-1.55010986328125,-38.7859992980957,-24.400146484375,-1.0052490234375,-10.1829833984375,-17.559795379638672,-0.4498138427734375,3.1487388610839844,-12.79544448852539,-3.752960205078125,-53.75384521484375,-10.894561767578125,6.8575439453125,-31.22273826599121,-16.194488525390625,4.2227325439453125,-8.299999237060547,-16.162954330444336,2.6575469970703125,1.6541023254394531
199374,1970-06-12 09:57:27,-34.42632293701172,4.95068359375,-32.61079025268555,-23.505388259887695,3.0468597412109375,-22.332204818725586,-16.055418014526367,0.648651123046875,-15.539461135864258,-23.86911964416504,22.8914794921875,-61.998802185058594,-12.073974609375,3.716949462890625,-39.041358947753906,-20.323715209960938,-2.976593017578125,-10.53744125366211,-15.542696952819824,-4.0965576171875,2.8192672729492188,-21.19097900390625,13.190597534179688,-61.785552978515625,-14.644535064697266,1.584197998046875,-43.617279052734375,-24.830711364746094,-1.3130950927734375,-10.926715850830078,-17.30231475830078,-1.6815338134765625,4.467433929443359,-17.36722183227539,3.1253509521484375,-57.16746139526367,-17.520601272583008,-2.0471038818359375,-38.858158111572266,-24.303682327270508,-1.17626953125,-10.393180847167969,-17.598438262939453,-0.452239990234375,2.9246902465820312,-12.247814178466797,-4.167320251464844,-53.850799560546875,-10.6390380859375,6.615196228027344,-31.36282730102539,-16.11704444885254,4.1449737548828125,-8.487808227539062,-16.181726455688477,2.6590576171875,1.4563331604003906
199381,1970-06-12 09:58:28,-34.08867263793945,4.369476318359375,-33.045650482177734,-23.27729606628418,2.7857666015625,-22.603557586669922,-15.871196746826172,0.2146759033203125,-15.739476203918457,-23.26641273498535,22.152816772460938,-62.4942626953125,-11.526593208312988,3.4362335205078125,-39.2320556640625,-20.22464370727539,-3.125030517578125,-10.68405532836914,-15.53422737121582,-4.1345367431640625,2.8105087280273438,-20.554895401000977,12.464996337890625,-62.1500129699707,-14.0053071975708,1.3467864990234375,-43.83465576171875,-24.772090911865234,-1.434967041015625,-11.043819427490234,-17.281253814697266,-1.7039794921875,4.5398712158203125,-16.745216369628906,2.4630889892578125,-57.3849983215332,-17.421035766601562,-2.7565765380859375,-38.859073638916016,-24.257442474365234,-1.464263916015625,-10.464378356933594,-17.615215301513672,-0.4968719482421875,2.814361572265625,-11.635841369628906,-4.7750396728515625,-53.93598175048828,-10.246370315551758,6.2689056396484375,-31.564054489135742,-15.967048645019531,4.0108795166015625,-8.828876495361328,-16.21492576599121,2.6418304443359375,1.066162109375
199388,1970-06-12 09:59:29,-33.62337112426758,3.7812652587890625,-33.590415954589844,-22.973684310913086,2.7874603271484375,-22.911869049072266,-15.597244262695312,-0.4467010498046875,-16.006202697753906,-22.36608123779297,22.080825805664062,-62.847450256347656,-10.925485610961914,3.5335845947265625,-39.39507293701172,-20.187681198120117,-3.0975799560546875,-10.761672973632812,-15.521556854248047,-4.116607666015625,2.9052391052246094,-19.684232711791992,12.386917114257812,-62.44676971435547,-13.298070907592773,0.81689453125,-44.0673713684082,-24.721820831298828,-1.6028289794921875,-11.133018493652344,-17.254470825195312,-1.666534423828125,4.654201507568359,-15.96466064453125,2.3853912353515625,-57.61029815673828,-17.137075424194336,-3.2056732177734375,-38.950775146484375,-24.24618911743164,-1.5731201171875,-10.474655151367188,-17.609111785888672,-0.4477691650390625,2.8604202270507812,-10.920719146728516,-4.8583984375,-54.07788848876953,-9.756734848022461,6.221405029296875,-31.72817611694336,-15.81580638885498,4.033782958984375,-9.086898803710938,-16.222057342529297,2.6908111572265625,0.8025856018066406
199395,1970-06-12 10:00:29,-33.421939849853516,3.57269287109375,-33.81352615356445,-22.83880615234375,2.719970703125,-23.05438232421875,-15.399547576904297,-1.3756866455078125,-16.144145965576172,-21.86553192138672,22.202011108398438,-62.98075485229492,-10.686197280883789,3.55059814453125,-39.45912551879883,-20.16988182067871,-2.9869842529296875,-10.826126098632812,-15.552701950073242,-4.0128021240234375,2.8837966918945312,-19.254302978515625,12.48968505859375,-62.560237884521484,-13.354988098144531,2.2335205078125,-44.00107955932617,-24.784271240234375,-0.926971435546875,-11.070781707763672,-17.25722885131836,-1.536224365234375,4.688667297363281,-15.6318359375,2.4649658203125,-57.698150634765625,-16.8735294342041,-3.3798675537109375,-39.05097961425781,-24.183387756347656,-1.5171661376953125,-10.626983642578125,-17.628162384033203,-0.33526611328125,2.7565956115722656,-10.658485412597656,-4.812171936035156,-54.134315490722656,-9.462028503417969,6.17254638671875,-31.826820373535156,-15.697670936584473,4.1112060546875,-9.255489349365234,-16.209354400634766,2.8125457763671875,0.6214256286621094
199401,1970-06-12 10:01:21,-33.246952056884766,3.1351470947265625,-34.02874755859375,-22.720355987548828,2.3996429443359375,-23.206485748291016,-15.189762115478516,-2.274810791015625,-16.24094581604004,-21.62297248840332,21.8358154296875,-63.19217300415039,-10.491257667541504,3.311309814453125,-39.53217697143555,-20.091812133789062,-3.120269775390625,-10.93316650390625,-15.555706977844238,-4.06109619140625,2.79876708984375,-18.97513771057129,12.136016845703125,-62.71495056152344,-13.300008773803711,3.0205535888671875,-43.970733642578125,-24.679702758789062,-0.6589813232421875,-11.320755004882812,-17.33807373046875,-1.5615386962890625,4.371315002441406,-15.338172912597656,2.1475067138671875,-57.789581298828125,-16.683568954467773,-3.771514892578125,-39.096710205078125,-24.11653709411621,-1.7213592529296875,-10.747108459472656,-17.643875122070312,-0.402923583984375,2.6447296142578125,-10.354534149169922,-5.093757629394531,-54.16753005981445,-9.293807983398438,5.954658508300781,-31.917770385742188,-15.635229110717773,3.996002197265625,-9.410335540771484,-16.224475860595703,2.75848388671875,0.4437980651855469
199409,1970-06-12 10:02:31,-33.40667724609375,3.1536102294921875,-33.87024688720703,-22.828516006469727,2.4017333984375,-23.09988021850586,-15.187715530395508,-2.751495361328125,-16.16893768310547,-21.861434936523438,21.817550659179688,-63.116390228271484,-10.579172134399414,3.3167724609375,-39.50828170776367,-20.07551383972168,-3.0585784912109375,-10.980438232421875,-15.583871841430664,-4.0155487060546875,2.7062606811523438,-19.228256225585938,12.113616943359375,-62.64214324951172,-13.412744522094727,3.1264801025390625,-43.9290657043457,-24.672704696655273,-0.5664825439453125,-11.340999603271484,-17.356674194335938,-1.5163421630859375,4.313018798828125,-15.587013244628906,2.1231689453125,-57.72386169433594,-16.945571899414062,-3.9169769287109375,-38.969520568847656,-24.212724685668945,-1.7366485595703125,-10.526100158691406,-17.616779327392578,-0.367401123046875,2.8244247436523438,-10.600067138671875,-5.123504638671875,-54.117210388183594,-9.434497833251953,5.960517883300781,-31.875370025634766,-15.67651081085205,4.0201416015625,-9.331043243408203,-16.217243194580078,2.78564453125,0.5300369262695312
199418,1970-06-12 10:04:06,-33.442726135253906,2.9592132568359375,-33.85220718383789,-22.85747528076172,2.3704986572265625,-23.07445526123047,-15.093706130981445,-3.397552490234375,-16.13408088684082,-21.99925994873047,21.995956420898438,-63.00648498535156,-10.380292892456055,3.338836669921875,-39.55914306640625,-19.995407104492188,-2.97760009765625,-11.147590637207031,-15.624821662902832,-3.9560089111328125,2.5535430908203125,-19.395231246948242,12.282958984375,-62.557640075683594,-12.912042617797852,2.255035400390625,-44.131996154785156,-24.549301147460938,-0.8408966064453125,-11.589061737060547,-17.383262634277344,-1.476531982421875,4.218727111816406,-15.76947021484375,2.2725372314453125,-57.66858673095703,-16.683271408081055,-4.2244873046875,-39.05049133300781,-24.260210037231445,-1.8065643310546875,-10.404293060302734,-17.573274612426758,-0.3151092529296875,3.089336395263672,-10.793659210205078,-4.9960784912109375,-54.090850830078125,-9.39556884765625,5.922630310058594,-31.89392852783203,-15.710796356201172,4.047859191894531,-9.261131286621094,-16.206295013427734,2.8148727416992188,0.6871795654296875
199425,1970-06-12 10:05:07,-33.49464797973633,3.0238037109375,-33.79512023925781,-22.895395278930664,2.5181732177734375,-23.021156311035156,-15.13626480102539,-3.3495635986328125,-16.10422134399414,-22.034099578857422,22.036941528320312,-62.97998046875,-10.324522018432617,3.295135498046875,-39.57740020751953,-20.01398277282715,-2.9448089599609375,-11.122936248779297,-15.627601623535156,-3.9066314697265625,2.6118812561035156,-19.46265983581543,12.315292358398438,-62.53032684326172,-12.58344841003418,1.0009918212890625,-44.272953033447266,-24.46465301513672,-1.2605438232421875,-11.729164123535156,-17.397083282470703,-1.43621826171875,4.175453186035156,-15.862728118896484,2.2951812744140625,-57.64210891723633,-16.627458572387695,-4.250274658203125,-39.07149124145508,-24.30142593383789,-1.7491607666015625,-10.317558288574219,-17.548826217651367,-0.2442169189453125,3.231464385986328,-10.905635833740234,-4.9885406494140625,-54.0690803527832,-9.394702911376953,5.9059906005859375,-31.89727020263672,-15.773480415344238,4.085121154785156,-9.13739013671875,-16.190414428710938,2.8420944213867188,0.9125633239746094
199435,1970-06-12 10:06:35,-33.4129524230957,2.5162200927734375,-33.91736602783203,-22.857585906982422,2.6091461181640625,-23.048580169677734,-15.070074081420898,-3.582275390625,-16.116209030151367,-21.899658203125,22.04962158203125,-63.022422790527344,-10.138484954833984,3.227935791015625,-39.63099670410156,-20.016061782836914,-2.9499969482421875,-11.117816925048828,-15.621228218078613,-3.88067626953125,2.6875991821289062,-19.35154151916504,12.322280883789062,-62.56343078613281,-12.29605484008789,0.420928955078125,-44.36293029785156,-24.45614242553711,-1.44915771484375,-11.725120544433594,-17.373188018798828,-1.4063568115234375,4.283699035644531,-15.781478881835938,2.2967681884765625,-57.664344787597656,-16.490102767944336,-4.280364990234375,-39.126380920410156,-24.324390411376953,-1.709320068359375,-10.270000457763672,-17.527873992919922,-0.18866729736328125,3.3468475341796875,-10.846126556396484,-4.996307373046875,-54.08033752441406,-9.323957443237305,5.951416015625,-31.909582138061523,-15.844874382019043,4.128120422363281,-8.993408203125,-16.172637939453125,2.8416671752929688,1.1876144409179688
199449,1970-06-12 10:08:35,-33.59422302246094,1.7443084716796875,-33.78654098510742,-23.007171630859375,2.6148223876953125,-22.898616790771484,-15.27164077758789,-3.12353515625,-16.021625518798828,-22.324932098388672,21.526748657226562,-63.05397033691406,-10.2091064453125,2.881378173828125,-39.63957595825195,-20.061859130859375,-3.1258087158203125,-10.986454010009766,-15.578646659851074,-3.9241943359375,2.86566162109375,-19.739713668823242,11.811904907226562,-62.54059600830078,-12.479593276977539,-0.089874267578125,-44.31355285644531,-24.515995025634766,-1.68109130859375,-11.568122863769531,-17.33490562438965,-1.439910888671875,4.4253082275390625,-16.107044219970703,1.833892822265625,-57.590858459472656,-16.685781478881836,-4.6436614990234375,-39.001792907714844,-24.427959442138672,-1.86700439453125,-9.992992401123047,-17.475536346435547,-0.20944976806640625,3.6090164184570312,-11.126091003417969,-5.4162750244140625,-53.98294448852539,-9.446578979492188,5.801551818847656,-31.901111602783203,-15.92922306060791,4.0486602783203125,-8.879814147949219,-16.168190002441406,2.7835769653320312,1.3715248107910156
199455,1970-06-12 10:09:28,-33.60310363769531,1.49664306640625,-33.789588928222656,-23.024805068969727,2.63336181640625,-22.878761291503906,-15.268510818481445,-3.187774658203125,-16.01195526123047,-22.416397094726562,21.43304443359375,-63.053436279296875,-10.182219505310059,2.8481292724609375,-39.648895263671875,-20.058740615844727,-3.1751556396484375,-10.977996826171875,-15.564980506896973,-3.95751953125,2.8939590454101562,-19.809507369995117,11.724273681640625,-62.53501892089844,-12.486516952514648,-0.175506591796875,-44.31134796142578,-24.51850128173828,-1.7542724609375,-11.551933288574219,-17.326984405517578,-1.475250244140625,4.44464111328125,-16.151470184326172,1.75775146484375,-57.580787658691406,-16.691387176513672,-4.7357177734375,-38.988319396972656,-24.445924758911133,-1.9349594116210938,-9.935970306396484,-17.4617862701416,-0.2401885986328125,3.6731033325195312,-11.152084350585938,-5.478904724121094,-53.97126007080078,-9.471054077148438,5.779151916503906,-31.89792251586914,-15.957572937011719,4.014457702636719,-8.844367980957031,-16.169963836669922,2.7433090209960938,1.4304695129394531
199464,1970-06-12 10:10:45,-33.54047393798828,0.65289306640625,-33.878536224365234,-23.018630981445312,2.7213287353515625,-22.874677658081055,-15.122623443603516,-3.9584197998046875,-15.978397369384766,-22.436634063720703,21.180648803710938,-63.13147735595703,-10.227900505065918,2.6592559814453125,-39.65025329589844,-20.07393455505371,-3.23236083984375,-10.933441162109375,-15.559635162353516,-3.947296142578125,2.9363250732421875,-19.830062866210938,11.473907470703125,-62.574928283691406,-12.474969863891602,-0.382720947265625,-44.31329345703125,-24.520431518554688,-1.811798095703125,-11.538948059082031,-17.323772430419922,-1.456939697265625,4.463165283203125,-16.170860290527344,1.527191162109375,-57.58192443847656,-16.615734100341797,-4.889495849609375,-39.00165557861328,-24.462779998779297,-1.969390869140625,-9.88759994506836,-17.443843841552734,-0.21514129638671875,3.7589111328125,-11.17061996459961,-5.6951751708984375,-53.945030212402344,-9.40667724609375,5.6734466552734375,-31.935928344726562,-15.983768463134766,3.9898834228515625,-8.808109283447266,-16.161209106445312,2.73577880859375,1.5396614074707031
199470,1970-06-12 10:11:37,-33.539188385009766,0.4089508056640625,-33.883628845214844,-23.031871795654297,2.9382476806640625,-22.83448028564453,-15.100873947143555,-4.118438720703125,-15.958512306213379,-22.38932991027832,21.040679931640625,-63.19504928588867,-10.220399856567383,2.5417022705078125,-39.65989685058594,-20.08010482788086,-3.26220703125,-10.913227081298828,-15.557796478271484,-3.93438720703125,2.9632797241210938,-19.78835678100586,11.333892822265625,-62.61363983154297,-12.436317443847656,-0.4981536865234375,-44.3230094909668,-24.513805389404297,-1.8327178955078125,-11.549720764160156,-17.3261661529541,-1.43701171875,4.460334777832031,-16.137393951416016,1.3972320556640625,-57.594608306884766,-16.519447326660156,-4.935646057128906,-39.03672790527344,-24.49500274658203,-1.95611572265625,-9.810161590576172,-17.414661407470703,-0.17838287353515625,3.8937149047851562,-11.143150329589844,-5.8190460205078125,-53.93749237060547,-9.338174819946289,5.629707336425781,-31.96375846862793,-16.015647888183594,3.9876251220703125,-8.751041412353516,-16.148841857910156,2.7291107177734375,1.6752853393554688
199476,1970-06-12 10:12:29,-33.53737258911133,0.151275634765625,-33.88755798339844,-23.0498046875,3.227935791015625,-22.777202606201172,-15.133514404296875,-3.9945831298828125,-15.959074974060059,-22.39873504638672,20.944244384765625,-63.22374725341797,-10.243917465209961,2.4818878173828125,-39.657615661621094,-20.08540153503418,-3.30657958984375,-10.890098571777344,-15.548233032226562,-3.954986572265625,2.9859848022460938,-19.78423500061035,11.241729736328125,-62.63154983520508,-12.409931182861328,-0.573944091796875,-44.329490661621094,-24.506587982177734,-1.8845367431640625,-11.55670166015625,-17.324787139892578,-1.45709228515625,4.4591827392578125,-16.120853424072266,1.315399169921875,-57.60116958618164,-16.406633377075195,-4.98828125,-39.07759094238281,-24.538829803466797,-1.9843902587890625,-9.694263458251953,-17.371688842773438,-0.175445556640625,4.081291198730469,-11.117591857910156,-5.8900604248046875,-53.93505859375,-9.274150848388672,5.572395324707031,-31.9924259185791,-16.032100677490234,3.9545822143554688,-8.735897064208984,-16.147136688232422,2.6977996826171875,1.74114990234375
199486,1970-06-12 10:13:56,-33.48182678222656,-0.16986083984375,-33.942352294921875,-23.032392501831055,3.3713531494140625,-22.77404022216797,-15.146732330322266,-3.8619384765625,-15.979172706604004,-22.343210220336914,20.813201904296875,-63.28663635253906,-10.416650772094727,2.3329315185546875,-39.62165069580078,-20.13642120361328,-3.3947906494140625,-10.768054962158203,-15.522308349609375,-3.9836883544921875,3.0811843872070312,-19.713972091674805,11.115814208984375,-62.67616271972656,-12.33115005493164,-0.677642822265625,-44.349998474121094,-24.486003875732422,-1.9484405517578125,-11.589683532714844,-17.32767105102539,-1.478485107421875,4.440895080566406,-16.041751861572266,1.20294189453125,-57.62570571899414,-16.262004852294922,-5.09820556640625,-39.12382888793945,-24.6003360748291,-2.02801513671875,-9.52792739868164,-17.30988883972168,-0.16313934326171875,4.3364105224609375,-11.032100677490234,-5.98895263671875,-53.94172286987305,-9.140663146972656,5.512107849121094,-32.04125213623047,-16.06332015991211,3.919647216796875,-8.694190979003906,-16.138763427734375,2.6519317626953125,1.8834342956542969
199517,1970-06-12 10:18:25,-33.350791931152344,-0.935699462890625,-34.058685302734375,-22.97149658203125,3.929901123046875,-22.745990753173828,-14.929903030395508,-4.798126220703125,-15.929469108581543,-22.215673446655273,20.935592651367188,-63.291160583496094,-10.695005416870117,2.1527557373046875,-39.557640075683594,-20.188642501831055,-3.33758544921875,-10.687862396240234,-15.55207633972168,-3.8780670166015625,3.0657806396484375,-19.652816772460938,11.220703125,-62.67668151855469,-12.553606033325195,-0.73809814453125,-44.286582946777344,-24.493623733520508,-1.8277740478515625,-11.593238830566406,-17.361352920532227,-1.3606414794921875,4.346000671386719,-16.047378540039062,1.2853240966796875,-57.62236022949219,-16.194623947143555,-5.158927917480469,-39.14381408691406,-24.6108455657959,-1.9217453002929688,-9.522811889648438,-17.300817489624023,-0.03973388671875,4.375328063964844,-11.086227416992188,-5.938987731933594,-53.93614959716797,-8.866992950439453,5.6057891845703125,-32.101844787597656,-16.03844451904297,4.05316162109375,-8.678886413574219,-16.106584548950195,2.7476577758789062,2.0169410705566406
199535,1970-06-12 10:21:01,-33.17607498168945,-1.3719482421875,-34.21418762207031,-22.870450973510742,3.9559478759765625,-22.843090057373047,-14.61589241027832,-5.8512420654296875,-15.868541717529297,-22.009967803955078,20.674728393554688,-63.44858932495117,-10.67635726928711,1.906005859375,-39.5753288269043,-20.147445678710938,-3.4051055908203125,-10.744155883789062,-15.572150230407715,-3.8671722412109375,2.976348876953125,-19.447105407714844,10.962966918945312,-62.78636169433594,-12.474510192871094,-0.959747314453125,-44.30467987060547,-24.4488525390625,-1.893310546875,-11.676925659179688,-17.385448455810547,-1.3483734130859375,4.252494812011719,-15.85634994506836,1.0489044189453125,-57.68000030517578,-16.172143936157227,-5.357231140136719,-39.12646484375,-24.56219482421875,-1.9846420288085938,-9.63486099243164,-17.339006423950195,-0.03905487060546875,4.221443176269531,-10.905929565429688,-6.159324645996094,-53.94819641113281,-8.882526397705078,5.420127868652344,-32.129417419433594,-16.00569725036621,3.9904556274414062,-8.7679443359375,-16.1220703125,2.7612838745117188,1.8691902160644531
199547,1970-06-12 10:23:02,-33.12430191040039,-1.4125823974609375,-34.262664794921875,-22.842493057250977,4.025787353515625,-22.858858108520508,-14.479276657104492,-6.2480621337890625,-15.84248161315918,-21.95635414123535,20.593063354492188,-63.49370574951172,-10.639259338378906,1.83514404296875,-39.58866882324219,-20.090007781982422,-3.4508819580078125,-10.83670425415039,-15.587580680847168,-3.896209716796875,2.8552322387695312,-19.372108459472656,10.887588500976562,-62.82265090942383,-12.429925918579102,-1.02679443359375,-44.31570816040039,-24.423294067382812,-1.9610137939453125,-11.719154357910156,-17.39320182800293,-1.3871307373046875,4.208091735839844,-15.766597747802734,0.9843292236328125,-57.70574188232422,-16.292400360107422,-5.3228302001953125,-39.08124542236328,-24.61579132080078,-1.9934234619140625,-9.495254516601562,-17.310272216796875,-0.0572509765625,4.3375701904296875,-10.805492401123047,-6.210639953613281,-53.96251678466797,-8.967544555664062,5.467231750488281,-32.097808837890625,-16.052343368530273,3.9692535400390625,-8.691959381103516,-16.120590209960938,2.7119140625,1.9523887634277344
199571,1970-06-12 10:26:30,-32.783302307128906,-1.254669189453125,-34.59516906738281,-22.60382843017578,4.55328369140625,-22.9967041015625,-14.287673950195312,-6.3153839111328125,-15.989068031311035,-21.30666732788086,20.94244384765625,-63.600677490234375,-10.395243644714355,2.058380126953125,-39.642478942871094,-20.059486389160156,-3.370819091796875,-10.918136596679688,-15.598010063171387,-3.8864898681640625,2.8112030029296875,-18.74758529663086,11.228790283203125,-62.951934814453125,-12.514139175415039,-0.8654632568359375,-44.295440673828125,-24.41362953186035,-1.87939453125,-11.75262451171875,-17.420564651489258,-1.37298583984375,4.098091125488281,-15.2103271484375,1.29388427734375,-57.848758697509766,-16.090869903564453,-4.7472076416015625,-39.23858642578125,-24.569705963134766,-1.7585525512695312,-9.659599304199219,-17.338268280029297,-0.0347900390625,4.224517822265625,-10.29916000366211,-5.928802490234375,-54.093074798583984,-8.909460067749023,5.759025573730469,-32.06293869018555,-16.04236602783203,4.065765380859375,-8.665733337402344,-16.12007713317871,2.7160873413085938,1.950836181640625
199632,1970-06-12 10:35:28,-32.598697662353516,-0.6763153076171875,-34.78522872924805,-22.48794937133789,5.348663330078125,-22.939002990722656,-13.824743270874023,-7.2208251953125,-16.01274871826172,-20.9245662689209,21.610809326171875,-63.503868103027344,-10.482678413391113,2.410858154296875,-39.59956359863281,-20.144390106201172,-3.452911376953125,-10.734619140625,-15.515066146850586,-4.0561065673828125,3.0226402282714844,-18.304611206054688,11.907089233398438,-62.9576530456543,-13.01826286315918,-0.42742919921875,-44.156333923339844,-24.513839721679688,-1.9046478271484375,-11.538002014160156,-17.3946590423584,-1.54095458984375,4.148124694824219,-14.741718292236328,1.93170166015625,-57.95219421386719,-16.795846939086914,-4.1204071044921875,-39.013336181640625,-25.061172485351562,-1.592620849609375,-8.334980010986328,-16.966106414794922,-0.0574951171875,5.532745361328125,-9.812427520751953,-5.3052520751953125,-54.248085021972656,-9.462137222290039,6.327812194824219,-31.796283721923828,-16.477449417114258,4.057090759277344,-7.811309814453125,-16.000537872314453,2.3816146850585938,3.057842254638672
199642,1970-06-12 10:36:55,-32.5757942199707,-0.6263885498046875,-34.807613372802734,-22.477127075195312,5.2986907958984375,-22.961196899414062,-13.619792938232422,-7.76239013671875,-15.934821128845215,-20.871807098388672,21.578598022460938,-63.53218078613281,-10.444805145263672,2.392669677734375,-39.61067199707031,-20.130687713623047,-3.4879150390625,-10.74899673461914,-15.509748458862305,-4.0821533203125,3.014850616455078,-18.236974716186523,11.87908935546875,-62.982566833496094,-12.97469711303711,-0.4514007568359375,-44.16891098022461,-24.49810218811035,-1.9452056884765625,-11.56463623046875,-17.39741325378418,-1.5691070556640625,4.125953674316406,-14.664913177490234,1.9093475341796875,-57.97241973876953,-16.85858726501465,-4.4018402099609375,-38.95549011230469,-25.077978134155273,-1.711212158203125,-8.260601043701172,-16.9529972076416,-0.0707550048828125,5.572628021240234,-9.729084014892578,-5.319740295410156,-54.26167678833008,-9.52401351928711,6.254997253417969,-31.792213439941406,-16.49959945678711,4.006172180175781,-7.790809631347656,-16.002273559570312,2.35015869140625,3.0730667114257812
199651,1970-06-12 10:38:13,-32.53392028808594,-0.70928955078125,-34.84516906738281,-22.458045959472656,5.221923828125,-22.997426986694336,-13.34588623046875,-8.469100952148438,-15.806129455566406,-20.80435562133789,21.469482421875,-63.59124755859375,-10.591436386108398,2.2637481689453125,-39.57929992675781,-20.177921295166016,-3.565093994140625,-10.634506225585938,-15.484724044799805,-4.10662841796875,3.108776092529297,-18.157611846923828,11.774169921875,-63.025184631347656,-12.920543670654297,-0.5281982421875,-44.183929443359375,-24.480453491210938,-1.9932403564453125,-11.593788146972656,-17.401220321655273,-1.5867156982421875,4.1031036376953125,-14.580013275146484,1.8155670166015625,-57.99684524536133,-16.856313705444336,-4.6357879638671875,-38.92932891845703,-25.069381713867188,-1.8073883056640625,-8.266212463378906,-16.96134376525879,-0.0810089111328125,5.547035217285156,-9.640281677246094,-5.402252197265625,-54.269371032714844,-9.521940231323242,6.1380157470703125,-31.815631866455078,-16.498783111572266,3.9531402587890625,-7.819576263427734,-16.0107364654541,2.3348770141601562,3.04046630859375
199659,1970-06-12 10:39:22,-32.48166275024414,-0.6430511474609375,-34.895164489746094,-22.42022705078125,5.36279296875,-23.00190544128418,-13.0740966796875,-9.081436157226562,-15.692913055419922,-20.69367790222168,21.443389892578125,-63.63615036010742,-10.640334129333496,2.172515869140625,-39.5713005065918,-20.196022033691406,-3.6256103515625,-10.579540252685547,-15.468976974487305,-4.1292266845703125,3.1568641662597656,-18.037578582763672,11.750991821289062,-63.063968658447266,-12.836542129516602,-0.546875,-44.20817947387695,-24.455570220947266,-2.021240234375,-11.641365051269531,-17.407855987548828,-1.6054534912109375,4.0675201416015625,-14.459739685058594,1.7965545654296875,-58.02753448486328,-16.756193161010742,-4.688690185546875,-38.96620178222656,-25.05171012878418,-1.8454742431640625,-8.31125259399414,-16.968822479248047,-0.09674072265625,5.523860931396484,-9.52001953125,-5.415679931640625,-54.28926086425781,-9.449129104614258,6.109794616699219,-31.84276008605957,-16.485889434814453,3.930419921875,-7.858123779296875,-16.019224166870117,2.3173904418945312,3.0089645385742188
199665,1970-06-12 10:40:32,-32.433143615722656,-0.653900146484375,-34.9400634765625,-22.386137008666992,5.4242401123046875,-23.02069854736328,-12.825950622558594,-9.636322021484375,-15.56625747680664,-20.68266487121582,21.36883544921875,-63.66480255126953,-10.783567428588867,2.0567474365234375,-39.5386962890625,-20.242870330810547,-3.6972808837890625,-10.464584350585938,-15.442434310913086,-4.1526641845703125,3.2545509338378906,-18.015003204345703,11.680145263671875,-63.083580017089844,-12.816299438476562,-0.59820556640625,-44.21339416503906,-24.44740867614746,-2.06072998046875,-11.651573181152344,-17.40810203552246,-1.623687744140625,4.0592193603515625,-14.427902221679688,1.7339935302734375,-58.0373649597168,-16.70900535583496,-4.7436676025390625,-38.97980880737305,-25.037837982177734,-1.8858642578125,-8.343917846679688,-16.976966857910156,-0.1150054931640625,5.4984283447265625,-9.481525421142578,-5.469261169433594,-54.290626525878906,-9.411949157714844,6.067626953125,-31.861827850341797,-16.47394561767578,3.9046859741210938,-7.895912170410156,-16.02854347229004,2.3049774169921875,2.968608856201172
199671,1970-06-12 10:41:24,-32.31654739379883,-0.834503173828125,-35.044097900390625,-22.317293167114258,5.3517913818359375,-23.104341506958008,-12.288375854492188,-10.764022827148438,-15.257913589477539,-20.615619659423828,21.264297485351562,-63.721527099609375,-10.920560836791992,1.9541473388671875,-39.50628662109375,-20.295616149902344,-3.761138916015625,-10.338905334472656,-15.413376808166504,-4.171142578125,3.3667526245117188,-17.939308166503906,11.578994750976562,-63.12378692626953,-12.760385513305664,-0.6706085205078125,-44.22852325439453,-24.43033218383789,-2.1004638671875,-11.680259704589844,-17.411958694458008,-1.635345458984375,4.0379486083984375,-14.349468231201172,1.6430511474609375,-58.059452056884766,-16.676807403564453,-4.8249664306640625,-38.983619689941406,-25.028087615966797,-1.924896240234375,-8.364234924316406,-16.9837646484375,-0.123687744140625,5.477207183837891,-9.401241302490234,-5.550407409667969,-54.29635238647461,-9.380962371826172,6.01116943359375,-31.881656646728516,-16.46902084350586,3.876068115234375,-7.920253753662109,-16.0343074798584,2.2927322387695312,2.946887969970703
199678,1970-06-12 10:42:24,-32.146358489990234,-0.940185546875,-35.1976203918457,-22.216785430908203,5.2278594970703125,-23.229248046875,-12.059978485107422,-11.089111328125,-15.207257270812988,-20.3681640625,21.129501342773438,-63.84581756591797,-10.958830833435059,1.8309326171875,-39.50159454345703,-20.295406341552734,-3.840576171875,-10.310070037841797,-15.403013229370117,-4.2033843994140625,3.3740615844726562,-17.673969268798828,11.4508056640625,-63.22193908691406,-13.533906936645508,-0.5531005859375,-43.99961853027344,-24.812593460083008,-2.1092681884765625,-10.84286880493164,-17.22327995300293,-1.6570281982421875,4.771636962890625,-14.086231231689453,1.52978515625,-58.12696838378906,-16.644514083862305,-5.0126953125,-38.973731994628906,-24.994609832763672,-2.0201568603515625,-8.441520690917969,-17.018146514892578,-0.15311431884765625,5.3686676025390625,-9.139995574951172,-5.647705078125,-54.33091354370117,-9.368972778320312,5.958412170410156,-31.89508819580078,-16.470422744750977,3.8255462646484375,-7.941864013671875,-16.04601287841797,2.255828857421875,2.9114456176757812
199684,1970-06-12 10:43:16,-31.955364227294922,-0.9548797607421875,-35.37071990966797,-22.09725570678711,5.1486358642578125,-23.360580444335938,-11.941564559936523,-11.147140502929688,-15.258188247680664,-20.086938858032227,21.12139892578125,-63.937530517578125,-10.80604362487793,1.8186492919921875,-39.544227600097656,-20.25511360168457,-3.8755645751953125,-10.37600326538086,-15.40546989440918,-4.2299041748046875,3.3293914794921875,-17.381065368652344,11.44659423828125,-63.30384826660156,-13.552034378051758,-0.4283447265625,-43.99543762207031,-24.887237548828125,-2.1052093505859375,-10.671222686767578,-17.16681480407715,-1.683868408203125,4.961921691894531,-13.80322265625,1.5292205810546875,-58.19483947753906,-16.529394149780273,-5.0895538330078125,-39.01274490356445,-24.94574546813965,-2.07818603515625,-8.570976257324219,-17.058462142944336,-0.18492889404296875,5.238124847412109,-8.864715576171875,-5.642082214355469,-54.37709045410156,-9.259021759033203,5.956062316894531,-31.92761993408203,-16.440326690673828,3.80169677734375,-8.015335083007812,-16.064697265625,2.2316207885742188,2.8258018493652344
199692,1970-06-12 10:44:26,-31.867036819458008,-0.9246826171875,-35.45111846923828,-22.041173934936523,5.086669921875,-23.42704200744629,-11.876382827758789,-11.184844970703125,-15.28144645690918,-19.97300910949707,21.10150146484375,-63.97977828979492,-10.754803657531738,1.8112030029296875,-39.55854034423828,-20.24814224243164,-3.9092559814453125,-10.376972198486328,-15.395681381225586,-4.2550201416015625,3.342662811279297,-17.254777908325195,11.43048095703125,-63.34130096435547,-13.537843704223633,-0.2657318115234375,-44.00108337402344,-24.939186096191406,-2.0842437744140625,-10.553413391113281,-17.121047973632812,-1.71026611328125,5.1088409423828125,-13.67431640625,1.5175323486328125,-58.22557067871094,-16.459144592285156,-5.1247711181640625,-39.03782653808594,-24.906301498413086,-2.122802734375,-8.674129486083984,-17.090295791625977,-0.21797943115234375,5.132011413574219,-8.734203338623047,-5.647254943847656,-54.397666931152344,-9.226903915405273,5.951560974121094,-31.93775177001953,-16.42473030090332,3.7798843383789062,-8.057518005371094,-16.07793617248535,2.2124252319335938,2.7649383544921875
199698,1970-06-12 10:45:18,-31.82895851135254,-0.8144073486328125,-35.488006591796875,-22.01100730895996,5.0840606689453125,-23.45595359802246,-11.788856506347656,-11.306915283203125,-15.259373664855957,-19.939414978027344,21.072036743164062,-63.99996566772461,-10.722067832946777,1.7819061279296875,-39.568756103515625,-20.24227523803711,-3.9478607177734375,-10.37380599975586,-15.3859224319458,-4.27862548828125,3.3574447631835938,-17.2080078125,11.404922485351562,-63.35862731933594,-13.501623153686523,-0.24237060546875,-44.01234817504883,-24.94659996032715,-2.10736083984375,-10.53127670288086,-17.10694122314453,-1.7350921630859375,5.147590637207031,-13.618488311767578,1.497161865234375,-58.23918151855469,-16.44196319580078,-5.1442413330078125,-39.04250717163086,-24.87628936767578,-2.1617965698242188,-8.750293731689453,-17.11680030822754,-0.25170135498046875,5.041343688964844,-8.671958923339844,-5.660514831542969,-54.40625,-9.205633163452148,5.953849792480469,-31.943464279174805,-16.412410736083984,3.7621917724609375,-8.090831756591797,-16.08858871459961,2.1945571899414062,2.7167892456054688
199705,1970-06-12 10:46:18,-31.77117156982422,-0.85357666015625,-35.53883361816406,-21.98166275024414,5.038665771484375,-23.49323844909668,-11.722375869750977,-11.370468139648438,-15.263364791870117,-19.92388153076172,21.0047607421875,-64.02691650390625,-10.691896438598633,1.7213134765625,-39.57959747314453,-20.23822784423828,-4.0198516845703125,-10.35403060913086,-15.366106033325195,-4.320892333984375,3.3938560485839844,-17.16788101196289,11.344970703125,-63.380271911621094,-13.44118881225586,-0.2734375,-44.030662536621094,-24.95135498046875,-2.173736572265625,-10.506488800048828,-17.087343215942383,-1.77850341796875,5.1976165771484375,-13.558074951171875,1.447845458984375,-58.254520416259766,-16.42706298828125,-5.16461181640625,-39.04608917236328,-24.846771240234375,-2.2219085693359375,-8.818840026855469,-17.140546798706055,-0.30437469482421875,4.957050323486328,-8.597053527832031,-5.6959381103515625,-54.4144401550293,-9.199760437011719,5.935638427734375,-31.948543548583984,-16.401241302490234,3.7223052978515625,-8.131820678710938,-16.103919982910156,2.1604080200195312,2.6525802612304688
199711,1970-06-12 10:47:10,-31.73870849609375,-0.9543609619140625,-35.565269470214844,-21.970964431762695,5.1060028076171875,-23.488704681396484,-11.74538803100586,-11.288436889648438,-15.306502342224121,-19.954010009765625,20.930084228515625,-64.0419921875,-10.714009284973145,1.6570281982421875,-39.57636260986328,-20.239145278930664,-4.0818023681640625,-10.327972412109375,-15.350547790527344,-4.35546875,3.4199600219726562,-17.176359176635742,11.27685546875,-63.39013671875,-13.430595397949219,-0.3240966796875,-44.033546447753906,-24.952129364013672,-2.2362060546875,-10.491527557373047,-17.077198028564453,-1.814544677734375,5.2184600830078125,-13.545578002929688,1.3902740478515625,-58.25883102416992,-16.442317962646484,-5.1962890625,-39.035465240478516,-24.833824157714844,-2.27557373046875,-8.841583251953125,-17.151058197021484,-0.34575653076171875,4.917816162109375,-8.5694580078125,-5.740501403808594,-54.41410827636719,-9.224822998046875,5.908271789550781,-31.946388244628906,-16.39969253540039,3.6842041015625,-8.152275085449219,-16.11446762084961,2.1308670043945312,2.612102508544922
199717,1970-06-12 10:48:03,-31.725357055664062,-0.9893798828125,-35.57622528076172,-21.9672908782959,5.1322021484375,-23.48643684387207,-11.719991683959961,-11.319625854492188,-15.302939414978027,-19.96626853942871,20.822967529296875,-64.07307434082031,-10.7145414352417,1.5744476318359375,-39.57958984375,-20.23505973815918,-4.1417694091796875,-10.312091827392578,-15.338579177856445,-4.3824615478515625,3.439128875732422,-17.170269012451172,11.175827026367188,-63.409671783447266,-13.408407211303711,-0.402923583984375,-44.03965759277344,-24.94786834716797,-2.2984771728515625,-10.488204956054688,-17.071327209472656,-1.8416900634765625,5.228157043457031,-13.522659301757812,1.301788330078125,-58.26620101928711,-16.44195556640625,-5.2733306884765625,-39.02528381347656,-24.82234764099121,-2.3349227905273438,-8.858322143554688,-17.15862464904785,-0.37630462646484375,4.88909912109375,-8.534465789794922,-5.815254211425781,-54.41167449951172,-9.23007583618164,5.867637634277344,-31.952360153198242,-16.386505126953125,3.64898681640625,-8.194526672363281,-16.12782096862793,2.1118316650390625,2.544269561767578
199726,1970-06-12 10:49:21,-31.73261070251465,-0.90667724609375,-35.571956634521484,-21.96686553955078,5.219451904296875,-23.467594146728516,-11.598106384277344,-11.552169799804688,-15.221796035766602,-19.960716247558594,20.722412109375,-64.10739135742188,-10.724421501159668,1.50543212890625,-39.5796012878418,-20.23372459411621,-4.1863555908203125,-10.296695709228516,-15.330263137817383,-4.4002532958984375,3.4534454345703125,-17.15190887451172,11.079864501953125,-63.43147659301758,-13.395956039428711,-0.4680328369140625,-44.04280471801758,-24.946603775024414,-2.3439483642578125,-10.481147766113281,-17.066312789916992,-1.858917236328125,5.2384185791015625,-13.49355697631836,1.216705322265625,-58.2747802734375,-16.445777893066406,-5.341400146484375,-39.01441955566406,-24.815486907958984,-2.3789138793945312,-8.8658447265625,-17.163450241088867,-0.39537811279296875,4.870624542236328,-8.497703552246094,-5.889122009277344,-54.409481048583984,-9.243131637573242,5.8279266357421875,-31.955852508544922,-16.377397537231445,3.6205520629882812,-8.225288391113281,-16.137760162353516,2.0994186401367188,2.490955352783203
199732,1970-06-12 10:50:13,-31.744253158569336,-0.871307373046875,-35.56245422363281,-21.970876693725586,5.3737640380859375,-23.428979873657227,-11.526384353637695,-11.694168090820312,-15.167755126953125,-19.966777801513672,20.705032348632812,-64.11112976074219,-10.772480964660645,1.493255615234375,-39.56700897216797,-20.2441349029541,-4.1956787109375,-10.272411346435547,-15.325790405273438,-4.404876708984375,3.467388153076172,-17.15508460998535,11.063446044921875,-63.43348693847656,-13.396215438842773,-0.484649658203125,-44.04254913330078,-24.94641876220703,-2.3550262451171875,-10.47909927368164,-17.06524658203125,-1.8629913330078125,5.240440368652344,-13.493785858154297,1.2022857666015625,-58.27503204345703,-16.44133186340332,-5.324859619140625,-39.01854705810547,-24.811992645263672,-2.37908935546875,-8.875568389892578,-17.16585922241211,-0.40142822265625,4.861625671386719,-8.495811462402344,-5.9013519287109375,-54.408451080322266,-9.246131896972656,5.819282531738281,-31.956565856933594,-16.37688446044922,3.6142578125,-8.229072570800781,-16.13918685913086,2.0959625244140625,2.484619140625
199738,1970-06-12 10:51:05,-31.767986297607422,-0.824188232421875,-35.54237747192383,-21.982017517089844,5.572113037109375,-23.372129440307617,-11.385509490966797,-11.968521118164062,-15.059774398803711,-19.971805572509766,20.661834716796875,-64.12348937988281,-10.799209594726562,1.4552001953125,-39.56114196777344,-20.245866775512695,-4.2171478271484375,-10.260196685791016,-15.322431564331055,-4.412841796875,3.4720993041992188,-17.154253005981445,11.022323608398438,-63.44087219238281,-13.392189025878906,-0.535064697265625,-44.043182373046875,-24.94663429260254,-2.383270263671875,-10.47220230102539,-17.06188201904297,-1.870452880859375,5.2487335205078125,-13.487499237060547,1.1659088134765625,-58.2772216796875,-16.375150680541992,-5.2042236328125,-39.0626335144043,-24.80071449279785,-2.350677490234375,-8.91457748413086,-17.16886329650879,-0.4140625,4.849948883056641,-8.485618591308594,-5.9327850341796875,-54.40662384033203,-9.233131408691406,5.803070068359375,-31.963268280029297,-16.372453689575195,3.6027755737304688,-8.242912292480469,-16.142383575439453,2.089080810546875,2.4696044921875
199746,1970-06-12 10:52:14,-31.76067352294922,-0.83258056640625,-35.54871368408203,-21.976211547851562,5.745849609375,-23.335493087768555,-11.223592758178711,-12.25604248046875,-14.949655532836914,-19.95001983642578,20.556610107421875,-64.16407775878906,-10.75947380065918,1.410797119140625,-39.57357406616211,-20.23516273498535,-4.2527923583984375,-10.266605377197266,-15.316488265991211,-4.42974853515625,3.4767799377441406,-17.120027542114258,10.921737670898438,-63.467506408691406,-13.36337661743164,-0.620025634765625,-44.050819396972656,-24.940473556518555,-2.4348297119140625,-10.475021362304688,-17.05922508239746,-1.8865509033203125,5.251609802246094,-13.444015502929688,1.076568603515625,-58.28898620605469,-16.209070205688477,-5.1581878662109375,-39.13793182373047,-24.79955291748047,-2.3542633056640625,-8.916858673095703,-17.1496639251709,-0.4237823486328125,4.9165802001953125,-8.43558120727539,-6.0106353759765625,-54.405860900878906,-9.161928176879883,5.769432067871094,-31.989835739135742,-16.374595642089844,3.5774993896484375,-8.24966812133789,-16.141695022583008,2.0638504028320312,2.495189666748047
199752,1970-06-12 10:53:06,-31.74315643310547,-0.9055633544921875,-35.56257629394531,-21.967254638671875,5.7697296142578125,-23.338035583496094,-11.153495788574219,-12.384918212890625,-14.895822525024414,-19.93708610534668,20.433792114257812,-64.20731353759766,-10.755192756652832,1.3552398681640625,-39.57667922973633,-20.23398208618164,-4.2824859619140625,-10.256580352783203,-15.311141967773438,-4.43792724609375,3.489898681640625,-17.099090576171875,10.802536010742188,-63.49354553222656,-13.345382690429688,-0.7120513916015625,-44.05488586425781,-24.93649673461914,-2.476806640625,-10.47464370727539,-17.057544708251953,-1.8924102783203125,5.2549591064453125,-13.417041778564453,0.969085693359375,-58.297088623046875,-16.117794036865234,-5.1947021484375,-39.1707878112793,-24.808380126953125,-2.3729171752929688,-8.887313842773438,-17.129650115966797,-0.42183685302734375,4.986026763916016,-8.40433120727539,-6.107391357421875,-54.39992141723633,-9.11107063293457,5.720298767089844,-32.01317596435547,-16.384550094604492,3.553314208984375,-8.240345001220703,-16.1369571685791,2.044952392578125,2.5409698486328125
199760,1970-06-12 10:54:15,-31.67755126953125,-1.0618896484375,-35.61670684814453,-21.932600021362305,5.6237945556640625,-23.40614891052246,-11.136575698852539,-12.403106689453125,-14.893336296081543,-19.895912170410156,20.2989501953125,-64.26283264160156,-10.777999877929688,1.299163818359375,-39.57235336303711,-20.248428344726562,-4.3120880126953125,-10.215579986572266,-15.299675941467285,-4.4430999755859375,3.5333251953125,-17.052427291870117,10.670867919921875,-63.52834701538086,-13.311838150024414,-0.813232421875,-44.06328201293945,-24.929594039916992,-2.516021728515625,-10.48172378540039,-17.057933807373047,-1.89288330078125,5.2535247802734375,-13.3685302734375,0.84967041015625,-58.310096740722656,-16.011333465576172,-5.2571868896484375,-39.206092834472656,-24.81061363220215,-2.3956146240234375,-8.874984741210938,-17.11456298828125,-0.41538238525390625,5.038105010986328,-8.354629516601562,-6.2162017822265625,-54.39524841308594,-9.042623519897461,5.650917053222656,-32.044891357421875,-16.399150848388672,3.52569580078125,-8.223148345947266,-16.12835693359375,2.0261306762695312,2.6097145080566406
199767,1970-06-12 10:55:16,-31.618606567382812,-1.176788330078125,-35.66543960571289,-21.901329040527344,5.505096435546875,-23.463581085205078,-11.144027709960938,-12.367767333984375,-14.917135238647461,-19.847639083862305,20.212005615234375,-64.3051528930664,-10.774476051330566,1.2549285888671875,-39.57474136352539,-20.24864959716797,-4.3351593017578125,-10.205379486083984,-15.295455932617188,-4.4485931396484375,3.5446548461914062,-16.999326705932617,10.586410522460938,-63.55670166015625,-13.292821884155273,-0.8738555908203125,-44.06786346435547,-24.92775535583496,-2.5434722900390625,-10.479469299316406,-17.056039810180664,-1.8961334228515625,5.258491516113281,-13.31467056274414,0.7734832763671875,-58.32347869873047,-15.957921981811523,-5.333892822265625,-39.217506408691406,-24.795528411865234,-2.4288482666015625,-8.908039093017578,-17.122285842895508,-0.420166015625,5.0113983154296875,-8.300376892089844,-6.284912109375,-54.395660400390625,-9.01124382019043,5.6027374267578125,-32.06218719482422,-16.392797470092773,3.505218505859375,-8.244537353515625,-16.131990432739258,2.0200576782226562,2.5919151306152344
199774,1970-06-12 10:56:17,-31.516925811767578,-1.2441253662109375,-35.75304412841797,-21.84175682067871,5.3887176513671875,-23.545984268188477,-11.220922470092773,-12.1524658203125,-15.03596305847168,-19.760705947875977,20.156570434570312,-64.34931182861328,-10.736713409423828,1.2219390869140625,-39.586036682128906,-20.226825714111328,-4.3661651611328125,-10.235389709472656,-15.297128677368164,-4.46832275390625,3.5124778747558594,-16.90024185180664,10.535324096679688,-63.59160614013672,-13.312942504882812,-0.810882568359375,-44.06298828125,-24.928585052490234,-2.5467681884765625,-10.476699829101562,-17.056106567382812,-1.9197845458984375,5.249687194824219,-13.21120834350586,0.72979736328125,-58.347564697265625,-15.869915008544922,-5.3867340087890625,-39.24598693847656,-24.768613815307617,-2.4739227294921875,-8.970298767089844,-17.136276245117188,-0.44425201416015625,4.961250305175781,-8.194061279296875,-6.319862365722656,-54.40773010253906,-8.982023239135742,5.537513732910156,-32.08170700073242,-16.38718605041504,3.4656753540039062,-8.27237319946289,-16.139225006103516,1.9988250732421875,2.56317138671875
199782,1970-06-12 10:57:26,-31.430809020996094,-1.2533111572265625,-35.828453063964844,-21.786367416381836,5.344329833984375,-23.607332229614258,-11.38449478149414,-11.773666381835938,-15.213354110717773,-19.725757598876953,20.122314453125,-64.3707504272461,-10.751091957092285,1.206939697265625,-39.58259201049805,-20.199155807495117,-4.38427734375,-10.282184600830078,-15.307801246643066,-4.488433837890625,3.439586639404297,-16.851848602294922,10.50537109375,-63.609405517578125,-13.339208602905273,-0.7605133056640625,-44.055946350097656,-24.931501388549805,-2.558135986328125,-10.466983795166016,-17.05320930480957,-1.946014404296875,5.24945068359375,-13.153614044189453,0.7057037353515625,-58.360870361328125,-15.839860916137695,-5.4441986083984375,-39.25020217895508,-24.749677658081055,-2.5230255126953125,-9.008804321289062,-17.148082733154297,-0.47183990478515625,4.917716979980469,-8.13003158569336,-6.3362274169921875,-54.41543197631836,-8.974567413330078,5.4929046630859375,-32.091461181640625,-16.380218505859375,3.4319000244140625,-8.300201416015625,-16.14784812927246,1.978973388671875,2.5239639282226562
199785,1970-06-12 10:58:10,-31.40838623046875,-1.2756500244140625,-35.847328186035156,-21.77322769165039,5.34857177734375,-23.618492126464844,-11.450864791870117,-11.62786865234375,-15.275545120239258,-19.72614860534668,20.1224365234375,-64.37059020996094,-10.762110710144043,1.20513916015625,-39.57965087890625,-20.19188690185547,-4.38702392578125,-10.295284271240234,-15.31147575378418,-4.4932098388671875,3.4169082641601562,-16.84902572631836,10.506378173828125,-63.6099853515625,-13.356466293334961,-0.7379150390625,-44.05110168457031,-24.93483543395996,-2.5575408935546875,-10.459178924560547,-17.051441192626953,-1.952880859375,5.2526397705078125,-13.147968292236328,0.707427978515625,-58.36212158203125,-15.830486297607422,-5.4495391845703125,-39.25324249267578,-24.74505043029785,-2.5326309204101562,-9.018814086914062,-17.15057373046875,-0.47913360595703125,4.908313751220703,-8.122367858886719,-6.3332061767578125,-54.416927337646484,-8.978706359863281,5.483467102050781,-32.0919189453125,-16.37993621826172,3.424072265625,-8.30398941040039,-16.14952850341797,1.9741287231445312,2.5170135498046875
199792,1970-06-12 10:59:10,-31.39965057373047,-1.224853515625,-35.85675048828125,-21.764080047607422,5.3999786376953125,-23.61522674560547,-11.473421096801758,-11.56646728515625,-15.305209159851074,-19.729215621948242,20.13592529296875,-64.36543273925781,-10.761870384216309,1.2244720458984375,-39.579124450683594,-20.18729591369629,-4.38604736328125,-10.304698944091797,-15.312206268310547,-4.4997100830078125,3.405059814453125,-16.848541259765625,10.520706176757812,-63.60774612426758,-13.384592056274414,-0.6964874267578125,-44.04323959350586,-24.940689086914062,-2.5520477294921875,-10.446552276611328,-17.04873275756836,-1.961639404296875,5.2581634521484375,-13.144172668457031,0.7214508056640625,-58.3628044128418,-15.84083366394043,-5.42987060546875,-39.251792907714844,-24.74422836303711,-2.5344009399414062,-9.020576477050781,-17.151973724365234,-0.4880523681640625,4.9025421142578125,-8.1162109375,-6.3185882568359375,-54.41954040527344,-8.98349380493164,5.496421813964844,-32.08836364746094,-16.3775634765625,3.4226150512695312,-8.309268951416016,-16.152114868164062,1.9690322875976562,2.5043601989746094
199799,1970-06-12 11:00:11,-31.408878326416016,-1.15673828125,-35.850929260253906,-21.763378143310547,5.421051025390625,-23.611042022705078,-11.472728729248047,-11.574020385742188,-15.300020217895508,-19.705120086669922,20.113876342773438,-64.37970733642578,-10.801677703857422,1.2440643310546875,-39.567665100097656,-20.203990936279297,-4.3761138916015625,-10.276161193847656,-15.308271408081055,-4.495208740234375,3.4286117553710938,-16.827335357666016,10.498184204101562,-63.6170768737793,-13.397134780883789,-0.68603515625,-44.039588928222656,-24.944381713867188,-2.5405120849609375,-10.440555572509766,-17.048925399780273,-1.9552154541015625,5.2599334716796875,-13.127197265625,0.7001495361328125,-58.366886138916016,-15.830781936645508,-5.4315643310546875,-39.255611419677734,-24.74507713317871,-2.5271453857421875,-9.020282745361328,-17.151090621948242,-0.48033905029296875,4.906391143798828,-8.10232162475586,-6.339599609375,-54.41917037963867,-8.916770935058594,5.5024261474609375,-32.10593795776367,-16.361610412597656,3.4320602416992188,-8.336753845214844,-16.15401840209961,1.9762496948242188,2.486339569091797
199805,1970-06-12 11:01:03,-31.441852569580078,-1.1060638427734375,-35.82361602783203,-21.779632568359375,5.389312744140625,-23.60331916809082,-11.51255989074707,-11.526535034179688,-15.305936813354492,-19.71854019165039,20.0140380859375,-64.4067153930664,-10.947077751159668,1.2305908203125,-39.528106689453125,-20.25596809387207,-4.3896636962890625,-10.167488098144531,-15.286592483520508,-4.4977874755859375,3.5207290649414062,-16.83820343017578,10.400192260742188,-63.63029479980469,-13.460817337036133,-0.72998046875,-44.01946258544922,-24.9581241607666,-2.5532989501953125,-10.404525756835938,-17.043535232543945,-1.9522552490234375,5.278472900390625,-13.134891510009766,0.61083984375,-58.36615753173828,-15.802989959716797,-5.4488525390625,-39.2644157409668,-24.759220123291016,-2.528594970703125,-8.980976104736328,-17.134437561035156,-0.47124481201171875,4.9651031494140625,-8.107711791992188,-6.421806335449219,-54.408729553222656,-8.864980697631836,5.455604553222656,-32.128265380859375,-16.36306381225586,3.4183273315429688,-8.339546203613281,-16.15052604675293,1.9716644287109375,2.5125274658203125
199813,1970-06-12 11:02:12,-31.487041473388672,-1.075714111328125,-35.784828186035156,-21.803409576416016,5.3666839599609375,-23.586517333984375,-11.52485466003418,-11.553634643554688,-15.27623176574707,-19.77000617980957,19.973052978515625,-64.40365600585938,-11.177168846130371,1.237274169921875,-39.46345520019531,-20.35547637939453,-4.3974151611328125,-9.963356018066406,-15.24288272857666,-4.4931488037109375,3.7110137939453125,-16.8946475982666,10.358139038085938,-63.6221923828125,-13.631711959838867,-0.72393798828125,-43.966941833496094,-24.99774169921875,-2.5340728759765625,-10.313732147216797,-17.030269622802734,-1.9383544921875,5.326194763183594,-13.192001342773438,0.5708770751953125,-58.35367965698242,-15.722686767578125,-5.4187164306640625,-39.30080795288086,-24.77620506286621,-2.50238037109375,-8.941390991210938,-17.10918617248535,-0.44895172119140625,5.053470611572266,-8.165130615234375,-6.461517333984375,-54.39543914794922,-8.748950958251953,5.4395294189453125,-32.16278076171875,-16.363582611083984,3.4280624389648438,-8.334526062011719,-16.13941192626953,1.9751358032226562,2.5802993774414062
199819,1970-06-12 11:03:04,-31.517410278320312,-1.03472900390625,-35.75929260253906,-21.819026947021484,5.34698486328125,-23.576553344726562,-11.498798370361328,-11.633468627929688,-15.235223770141602,-19.784168243408203,19.949676513671875,-64.40654754638672,-11.202441215515137,1.2344818115234375,-39.45637512207031,-20.36794662475586,-4.3921966552734375,-9.940147399902344,-15.239537239074707,-4.4859466552734375,3.7334060668945312,-16.91240119934082,10.333999633789062,-63.621402740478516,-13.705696105957031,-0.7241363525390625,-43.94392776489258,-25.015077590942383,-2.523162841796875,-10.274299621582031,-17.02493667602539,-1.9292144775390625,5.346519470214844,-13.211868286132812,0.547821044921875,-58.34940719604492,-15.68023681640625,-5.4418487548828125,-39.31456756591797,-24.790767669677734,-2.49786376953125,-8.902206420898438,-17.090229034423828,-0.431488037109375,5.118709564208984,-8.18646240234375,-6.48468017578125,-54.38947296142578,-8.697277069091797,5.4314117431640625,-32.17816162109375,-16.374723434448242,3.4327621459960938,-8.310688018798828,-16.128803253173828,1.9733734130859375,2.647106170654297
199826,1970-06-12 11:04:05,-31.577333450317383,-0.9041290283203125,-35.709930419921875,-21.842538833618164,5.325286865234375,-23.55968475341797,-11.499914169311523,-11.69720458984375,-15.185498237609863,-19.82651710510254,19.940994262695312,-64.3962173461914,-11.231884002685547,1.227935791015625,-39.448211669921875,-20.379058837890625,-4.362548828125,-9.930419921875,-15.246927261352539,-4.457763671875,3.7369956970214844,-16.96967124938965,10.32110595703125,-63.608245849609375,-13.805971145629883,-0.7168121337890625,-43.91265106201172,-25.041549682617188,-2.48370361328125,-10.219268798828125,-17.01831817626953,-1.89801025390625,5.378662109375,-13.279098510742188,0.5322265625,-58.334285736083984,-15.659912109375,-5.45404052734375,-39.320980072021484,-24.819171905517578,-2.4637222290039062,-8.83230209350586,-17.061546325683594,-0.3892974853515625,5.216838836669922,-8.260650634765625,-6.506011962890625,-54.375709533691406,-8.673761367797852,5.431327819824219,-32.18452072143555,-16.412677764892578,3.4544296264648438,-8.226409912109375,-16.101472854614258,1.9804153442382812,2.803619384765625
199840,1970-06-12 11:06:06,-31.70712661743164,-0.3521881103515625,-35.60447692871094,-21.89373779296875,5.449310302734375,-23.483678817749023,-11.487363815307617,-11.756790161132812,-15.148944854736328,-20.02212905883789,20.303726196289062,-64.22211456298828,-11.327862739562988,1.4597930908203125,-39.4128532409668,-20.422666549682617,-4.275604248046875,-9.878509521484375,-15.236676216125488,-4.4497222900390625,3.7880325317382812,-17.18014144897461,10.674758911132812,-63.4932746887207,-14.026411056518555,-0.45233154296875,-43.84626007080078,-25.095844268798828,-2.3802337646484375,-10.110118865966797,-16.99771499633789,-1.8947296142578125,5.444557189941406,-13.488555908203125,0.8525390625,-58.282405853271484,-15.822782516479492,-5.432373046875,-39.25872802734375,-24.87759017944336,-2.4364471435546875,-8.67409896850586,-17.019668579101562,-0.36797332763671875,5.353389739990234,-8.468795776367188,-6.214813232421875,-54.37774658203125,-8.868099212646484,5.5899810791015625,-32.10429763793945,-16.493915557861328,3.5101394653320312,-8.038196563720703,-16.062971115112305,1.972412109375,3.0216407775878906
199857,1970-06-12 11:08:34,-31.75367546081543,-0.139862060546875,-35.56443786621094,-21.913986206054688,5.5516815185546875,-23.44077491760254,-11.259660720825195,-12.184585571289062,-14.980926513671875,-20.08990478515625,20.375274658203125,-64.17826843261719,-11.3413667678833,1.479034423828125,-39.40824890136719,-20.40877914428711,-4.277069091796875,-9.906539916992188,-15.242879867553711,-4.46221923828125,3.748157501220703,-17.241043090820312,10.747222900390625,-63.46453857421875,-14.106605529785156,-0.392059326171875,-43.82110595703125,-25.11212730407715,-2.379058837890625,-10.069892883300781,-16.988597869873047,-1.9132843017578125,5.46649169921875,-13.538642883300781,0.9205322265625,-58.26976013183594,-16.024267196655273,-5.588615417480469,-39.154930114746094,-24.91240692138672,-2.4979476928710938,-8.55588150024414,-17.004545211791992,-0.37494659423828125,5.400753021240234,-8.510974884033203,-6.148674011230469,-54.37868118286133,-9.042234420776367,5.626617431640625,-32.04927444458008,-16.5344295501709,3.5015487670898438,-7.958309173583984,-16.055505752563477,1.952606201171875,3.0737342834472656
199863,1970-06-12 11:09:26,-31.821359634399414,-0.079620361328125,-35.50407409667969,-21.947389602661133,5.7027587890625,-23.373159408569336,-11.189531326293945,-12.3780517578125,-14.874488830566406,-20.16722869873047,20.528762817382812,-64.10506439208984,-11.413850784301758,1.5637054443359375,-39.3840446472168,-20.438827514648438,-4.209075927734375,-9.873649597167969,-15.247601509094238,-4.427032470703125,3.7706260681152344,-17.342737197875977,10.891998291015625,-63.41212463378906,-14.208727836608887,-0.283203125,-43.7889404296875,-25.141422271728516,-2.2950439453125,-10.016143798828125,-16.981552124023438,-1.8763427734375,5.501075744628906,-13.656024932861328,1.04736328125,-58.24021530151367,-16.222787857055664,-5.580108642578125,-39.074317932128906,-24.946216583251953,-2.4462203979492188,-8.47189712524414,-16.996524810791016,-0.3354339599609375,5.428531646728516,-8.639339447021484,-6.041328430175781,-54.37047576904297,-9.262205123901367,5.67437744140625,-31.97796058654785,-16.57750701904297,3.540374755859375,-7.850788116455078,-16.0369873046875,1.985748291015625,3.148265838623047
199871,1970-06-12 11:10:35,-31.891557693481445,-0.197540283203125,-35.440574645996094,-21.991809844970703,5.905731201171875,-23.28082275390625,-11.169475555419922,-12.49200439453125,-14.794076919555664,-20.246187210083008,20.605255126953125,-64.05561828613281,-11.45161247253418,1.5881195068359375,-39.37210464477539,-20.455989837646484,-4.164642333984375,-9.856941223144531,-15.253969192504883,-4.3945465087890625,3.7828445434570312,-17.441486358642578,10.961990356445312,-63.37296676635742,-14.283496856689453,-0.2357940673828125,-43.764888763427734,-25.164552688598633,-2.237152099609375,-9.971061706542969,-16.97463035583496,-1.84173583984375,5.534034729003906,-13.766353607177734,1.1067047119140625,-58.213138580322266,-16.48271942138672,-5.659088134765625,-38.9539909362793,-24.982187271118164,-2.4268264770507812,-8.37087631225586,-16.99243927001953,-0.29883575439453125,5.443439483642578,-8.757736206054688,-5.9949188232421875,-54.356666564941406,-9.464178085327148,5.694801330566406,-31.915130615234375,-16.616092681884766,3.5670166015625,-7.756591796875,-16.020740509033203,2.0150604248046875,3.2117271423339844
199878,1970-06-12 11:11:36,-31.909563064575195,-0.2658233642578125,-35.423912048339844,-21.999868392944336,6.0360107421875,-23.23975372314453,-11.160957336425781,-12.541885375976562,-14.758258819580078,-20.2310791015625,20.614425659179688,-64.05744171142578,-11.450647354125977,1.5579376220703125,-39.37359619140625,-20.46630859375,-4.152587890625,-9.840599060058594,-15.255453109741211,-4.3717498779296875,3.803211212158203,-17.440149307250977,10.967330932617188,-63.37240982055664,-14.26335620880127,-0.2912139892578125,-43.771121978759766,-25.17219352722168,-2.2271270751953125,-9.954002380371094,-16.968650817871094,-1.813720703125,5.561561584472656,-13.778076171875,1.108367919921875,-58.21033477783203,-16.62722396850586,-5.680938720703125,-38.88934326171875,-24.982847213745117,-2.4056167602539062,-8.375030517578125,-17.01321792602539,-0.2810211181640625,5.379100799560547,-8.77883529663086,-5.9992828369140625,-54.352779388427734,-9.523408889770508,5.698295593261719,-31.896881103515625,-16.610902786254883,3.5867691040039062,-7.758598327636719,-16.02351188659668,2.045166015625,3.1786956787109375
199884,1970-06-12 11:12:28,-31.905925750732422,-0.3144683837890625,-35.426795959472656,-21.996761322021484,6.1567840576171875,-23.21099853515625,-11.124626159667969,-12.606231689453125,-14.73083782196045,-20.19198989868164,20.614944458007812,-64.0696029663086,-11.425135612487793,1.5384979248046875,-39.38176727294922,-20.465579986572266,-4.1557159423828125,-9.840797424316406,-15.255131721496582,-4.3667144775390625,3.810283660888672,-17.404661178588867,10.96697998046875,-63.38222885131836,-14.210171699523926,-0.35137939453125,-43.7879753112793,-25.173912048339844,-2.2428436279296875,-9.946125030517578,-16.96073341369629,-1.8055572509765625,5.5883026123046875,-13.74850845336914,1.107269287109375,-58.21734619140625,-16.7643985748291,-5.662879943847656,-38.833045959472656,-24.97919464111328,-2.39263916015625,-8.389633178710938,-17.036592483520508,-0.2845001220703125,5.304420471191406,-8.75360107421875,-6.001670837402344,-54.35658645629883,-9.59145736694336,5.70709228515625,-31.874908447265625,-16.60319709777832,3.5916671752929688,-7.772815704345703,-16.03335189819336,2.0590286254882812,3.1195831298828125
199892,1970-06-12 11:13:38,-31.906740188598633,-0.3990325927734375,-35.425209045410156,-22.001483917236328,6.2881927490234375,-23.1712589263916,-11.080591201782227,-12.677566528320312,-14.702795028686523,-20.1673526763916,20.5870361328125,-64.08633422851562,-11.41506290435791,1.5124664306640625,-39.38569641113281,-20.466249465942383,-4.1758575439453125,-9.830867767333984,-15.249011039733887,-4.37481689453125,3.8254776000976562,-17.375259399414062,10.940750122070312,-63.39482879638672,-14.173110961914062,-0.40106201171875,-43.799560546875,-25.175722122192383,-2.271331787109375,-9.935066223144531,-16.95195198059082,-1.8119659423828125,5.612815856933594,-13.716716766357422,1.084381103515625,-58.225276947021484,-16.799543380737305,-5.60150146484375,-38.82675552368164,-24.972810745239258,-2.3817977905273438,-8.411693572998047,-17.048433303833008,-0.2987213134765625,5.2654571533203125,-8.720165252685547,-6.0208740234375,-54.35983657836914,-9.67282485961914,5.71417236328125,-31.849040985107422,-16.609596252441406,3.5826187133789062,-7.763313293457031,-16.038843154907227,2.053497314453125,3.094898223876953
199899,1970-06-12 11:14:38,-31.895421981811523,-0.5347442626953125,-35.43360900878906,-22.007543563842773,6.263153076171875,-23.172286987304688,-11.034578323364258,-12.747665405273438,-14.6767578125,-20.187211990356445,20.4576416015625,-64.12151336669922,-11.47803783416748,1.4318695068359375,-39.37040328979492,-20.478721618652344,-4.2377777099609375,-9.77825927734375,-15.229742050170898,-4.403167724609375,3.8694496154785156,-17.37541389465332,10.818084716796875,-63.41583251953125,-14.176859855651855,-0.5232086181640625,-43.79705810546875,-25.176639556884766,-2.3491058349609375,-9.914642333984375,-16.942800521850586,-1.8382720947265625,5.631858825683594,-13.698318481445312,0.9763946533203125,-58.23151397705078,-16.74150848388672,-5.600151062011719,-38.852012634277344,-24.95473861694336,-2.4186477661132812,-8.454696655273438,-17.05704116821289,-0.3328094482421875,5.235446929931641,-8.68844985961914,-6.113212585449219,-54.354610443115234,-9.669685363769531,5.65155029296875,-31.861167907714844,-16.606233596801758,3.53900146484375,-7.79046630859375,-16.04861068725586,2.0285797119140625,3.0605087280273438
199905,1970-06-12 11:15:30,-31.89943504333496,-0.75164794921875,-35.426063537597656,-22.029563903808594,6.207366943359375,-23.166370391845703,-11.000059127807617,-12.8184814453125,-14.640947341918945,-20.26548957824707,20.263107299804688,-64.15857696533203,-11.603290557861328,1.3281707763671875,-39.337310791015625,-20.515453338623047,-4.3212890625,-9.664047241210938,-15.192267417907715,-4.4395904541015625,3.9737319946289062,-17.427568435668945,10.632705688476562,-63.43286895751953,-14.197693824768066,-0.680938720703125,-43.78813934326172,-25.180431365966797,-2.447357177734375,-9.881183624267578,-16.92934226989746,-1.8704681396484375,5.661651611328125,-13.722171783447266,0.8122711181640625,-58.22842025756836,-16.609556198120117,-5.66094970703125,-38.89980697631836,-24.924436569213867,-2.48931884765625,-8.52328872680664,-17.066009521484375,-0.374542236328125,5.203300476074219,-8.691871643066406,-6.255363464355469,-54.337886810302734,-9.594161987304688,5.534576416015625,-31.90450668334961,-16.562917709350586,3.480804443359375,-7.908008575439453,-16.076854705810547,2.0145111083984375,2.918254852294922
199909,1970-06-12 11:16:05,-31.874553680419922,-0.971405029296875,-35.44310760498047,-22.031444549560547,6.1390838623046875,-23.182771682739258,-10.955154418945312,-12.89495849609375,-14.607414245605469,-20.281688690185547,20.089691162109375,-64.20796966552734,-11.594508171081543,1.224700927734375,-39.34325408935547,-20.506580352783203,-4.3824615478515625,-9.655330657958984,-15.182686805725098,-4.4613800048828125,3.985931396484375,-17.42519187927246,10.466400146484375,-63.46117401123047,-14.188179969787598,-0.8003387451171875,-43.78919982910156,-25.183366775512695,-2.5187530517578125,-9.855731964111328,-16.916980743408203,-1.8911895751953125,5.691627502441406,-13.70248031616211,0.6641082763671875,-58.23493576049805,-16.567481994628906,-5.7697601318359375,-38.90176010131836,-24.913267135620117,-2.5552520751953125,-8.536426544189453,-17.06828498840332,-0.3977813720703125,5.194103240966797,-8.659778594970703,-6.385551452636719,-54.32786560058594,-9.568450927734375,5.444854736328125,-31.927656173706055,-16.550729751586914,3.433135986328125,-7.954231262207031,-16.088796615600586,1.9956436157226562,2.8649253845214844
199917,1970-06-12 11:17:32,-31.814617156982422,-1.5411224365234375,-35.476749420166016,-22.053050994873047,5.86083984375,-23.23418426513672,-10.827718734741211,-13.083770751953125,-14.534350395202637,-20.360218048095703,19.571502685546875,-64.343017578125,-11.550561904907227,0.91033935546875,-39.364707946777344,-20.457469940185547,-4.5916900634765625,-9.662269592285156,-15.155811309814453,-4.5528106689453125,3.984813690185547,-17.43206214904785,9.974441528320312,-63.538475036621094,-14.200108528137207,-1.1496124267578125,-43.777557373046875,-25.181419372558594,-2.763885498046875,-9.79483413696289,-16.887813568115234,-1.9852294921875,5.745979309082031,-13.64141845703125,0.2303314208984375,-58.252601623535156,-16.474655151367188,-6.136329650878906,-38.88508605957031,-24.88095474243164,-2.7994003295898438,-8.5540771484375,-17.07246208190918,-0.4974517822265625,5.171741485595703,-8.550094604492188,-6.758781433105469,-54.300079345703125,-9.565231323242188,5.192512512207031,-31.970624923706055,-16.562471389770508,3.2640380859375,-8.000843048095703,-16.10853385925293,1.8920440673828125,2.8240089416503906
199924,1970-06-12 11:18:32,-31.837947845458984,-1.75958251953125,-35.445648193359375,-22.077796936035156,5.73614501953125,-23.24180030822754,-10.81268310546875,-13.180755615234375,-14.457717895507812,-20.442344665527344,19.440704345703125,-64.35662841796875,-11.60639476776123,0.816497802734375,-39.350337982177734,-20.475784301757812,-4.60577392578125,-9.61666488647461,-15.15099048614502,-4.5342559814453125,4.02410888671875,-17.519088745117188,9.843612670898438,-63.53493881225586,-14.35045337677002,-1.225250244140625,-43.7264518737793,-25.225650787353516,-2.765655517578125,-9.679840087890625,-16.862533569335938,-1.9607696533203125,5.828033447265625,-13.726856231689453,0.108917236328125,-58.232879638671875,-16.570768356323242,-6.266746520996094,-38.82339859008789,-24.889362335205078,-2.822113037109375,-8.522090911865234,-17.074825286865234,-0.47843170166015625,5.165729522705078,-8.634159088134766,-6.874603271484375,-54.27223205566406,-9.657468795776367,5.119384765625,-31.954689025878906,-16.57622718811035,3.2524490356445312,-7.977039337158203,-16.104827880859375,1.9102935791015625,2.8328514099121094
199930,1970-06-12 11:19:24,-31.82430648803711,-1.7487640380859375,-35.458431243896484,-22.061817169189453,5.6853485107421875,-23.269439697265625,-10.769941329956055,-13.267440795898438,-14.41025161743164,-20.447101593017578,19.528274536132812,-64.32859802246094,-11.617866516113281,0.8441314697265625,-39.346370697021484,-20.49863052368164,-4.574188232421875,-9.583011627197266,-15.147130966186523,-4.50958251953125,4.066154479980469,-17.541301727294922,9.925079345703125,-63.51612854003906,-14.403571128845215,-0.9907073974609375,-43.714927673339844,-25.269054412841797,-2.6551666259765625,-9.597213745117188,-16.834362030029297,-1.9371490478515625,5.9167022705078125,-13.763919830322266,0.17925262451171875,-58.22395706176758,-16.632736206054688,-6.320640563964844,-38.78814697265625,-24.85550308227539,-2.8204727172851562,-8.62088394165039,-17.118131637573242,-0.47119903564453125,5.021045684814453,-8.681781768798828,-6.816825866699219,-54.27192687988281,-9.723670959472656,5.110618591308594,-31.936010360717773,-16.560598373413086,3.2737884521484375,-8.000732421875,-16.112144470214844,1.9505462646484375,2.7629470825195312
199938,1970-06-12 11:20:34,-31.678058624267578,-1.6666259765625,-35.59308624267578,-21.972530364990234,5.7462615966796875,-23.33885955810547,-10.729026794433594,-13.17962646484375,-14.520936965942383,-20.35757064819336,19.701553344726562,-64.30416107177734,-11.463154792785645,0.9337310791015625,-39.38970184326172,-20.460750579833984,-4.6051025390625,-9.64892578125,-15.138744354248047,-4.5629119873046875,4.037784576416016,-17.428733825683594,10.10308837890625,-63.51905822753906,-14.528251647949219,0.112579345703125,-43.68473815917969,-25.330720901489258,-2.3574676513671875,-9.51202392578125,-16.79531478881836,-2.0344085693359375,5.994514465332031,-13.637691497802734,0.34847259521484375,-58.25288391113281,-16.585617065429688,-6.4099578857421875,-38.793663024902344,-24.73863410949707,-2.9416732788085938,-8.911640167236328,-17.213998794555664,-0.5769424438476562,4.669979095458984,-8.546089172363281,-6.648338317871094,-54.31434631347656,-9.76286506652832,5.0477447509765625,-31.934051513671875,-16.48832130432129,3.2167510986328125,-8.171329498291016,-16.16246795654297,1.9385833740234375,2.4609603881835938
199947,1970-06-12 11:21:52,-31.431072235107422,-1.9951019287109375,-35.794578552246094,-21.845401763916016,5.7985992431640625,-23.445009231567383,-11.129405975341797,-12.297119140625,-14.986303329467773,-20.31866455078125,19.731399536132812,-64.30730438232422,-11.325393676757812,0.959747314453125,-39.42890930175781,-20.398622512817383,-4.6709747314453125,-9.748298645019531,-15.138004302978516,-4.635345458984375,3.957263946533203,-17.3492374420166,10.144454956054688,-63.53422546386719,-14.608078002929688,1.120208740234375,-43.643882751464844,-25.31839370727539,-2.10906982421875,-9.602725982666016,-16.82438850402832,-2.1529541015625,5.870292663574219,-13.525646209716797,0.39679718017578125,-58.27869415283203,-16.56479263305664,-6.296653747558594,-38.821109771728516,-24.619415283203125,-3.01861572265625,-9.21103286743164,-17.302379608154297,-0.71136474609375,4.3110198974609375,-8.41104507446289,-6.584892272949219,-54.34314727783203,-9.846847534179688,4.987754821777344,-31.917686462402344,-16.4370059967041,3.1369857788085938,-8.304637908935547,-16.205188751220703,1.894195556640625,2.200824737548828
199955,1970-06-12 11:23:01,-31.161222457885742,-2.4603424072265625,-36.00096893310547,-21.72040557861328,5.7266693115234375,-23.578445434570312,-11.567794799804688,-11.249755859375,-15.469352722167969,-20.324289321899414,19.559768676757812,-64.35794830322266,-11.16150188446045,0.9225006103515625,-39.47650146484375,-20.308624267578125,-4.78533935546875,-9.87985610961914,-15.13621711730957,-4.73590087890625,3.8433876037597656,-17.29027557373047,9.993927001953125,-63.57414245605469,-14.585591316223145,1.166229248046875,-43.65019989013672,-25.283000946044922,-2.227874755859375,-9.668922424316406,-16.833879470825195,-2.271209716796875,5.798072814941406,-13.410083770751953,0.27544403076171875,-58.30609130859375,-16.808536529541016,-6.1088714599609375,-38.746273040771484,-24.488975524902344,-3.10125732421875,-9.52591323852539,-17.40811538696289,-0.89520263671875,3.8235435485839844,-8.255352020263672,-6.6688690185546875,-54.356781005859375,-10.394500732421875,5.0285797119140625,-31.737117767333984,-16.490182876586914,3.0374069213867188,-8.235950469970703,-16.23522186279297,1.7981719970703125,2.055206298828125
199962,1970-06-12 11:24:02,-30.95948028564453,-2.7201690673828125,-36.15599822998047,-21.61709976196289,5.6816864013671875,-23.684032440185547,-11.761604309082031,-10.68255615234375,-15.723223686218262,-20.34682273864746,19.264678955078125,-64.43978118896484,-11.058209419250488,0.77642822265625,-39.50870132446289,-20.228731155395508,-4.92352294921875,-9.975391387939453,-15.131991386413574,-4.8246002197265625,3.7485504150390625,-17.250804901123047,9.72113037109375,-63.62714385986328,-14.563193321228027,0.99285888671875,-43.661964416503906,-25.243797302246094,-2.4041900634765625,-9.728931427001953,-16.84336280822754,-2.368621826171875,5.731178283691406,-13.315048217773438,0.04170989990234375,-58.32850646972656,-16.88634490966797,-6.069908142089844,-38.71855163574219,-24.36191177368164,-3.2183609008789062,-9.80868148803711,-17.481082916259766,-1.0501632690429688,3.431060791015625,-8.120967864990234,-6.8584442138671875,-54.35343551635742,-10.572431564331055,4.909111022949219,-31.697021484375,-16.483579635620117,2.912872314453125,-8.293949127197266,-16.26480484008789,1.7132339477539062,1.8869857788085938
199969,1970-06-12 11:25:03,-30.78227996826172,-3.03057861328125,-36.282386779785156,-21.55042266845703,5.4298095703125,-23.8035831451416,-11.629365921020508,-10.79071044921875,-15.747711181640625,-20.409618377685547,18.929244995117188,-64.519287109375,-11.01092529296875,0.5865936279296875,-39.525177001953125,-20.170608520507812,-5.122467041015625,-9.992904663085938,-15.09550666809082,-4.9470977783203125,3.7359466552734375,-17.23193359375,9.415054321289062,-63.678260803222656,-14.633428573608398,1.1865234375,-43.633636474609375,-25.204599380493164,-2.4925537109375,-9.808002471923828,-16.862091064453125,-2.512725830078125,5.613533020019531,-13.220611572265625,-0.216766357421875,-58.34959411621094,-16.880647659301758,-6.087043762207031,-38.718345642089844,-24.213706970214844,-3.3929367065429688,-10.112125396728516,-17.541303634643555,-1.240081787109375,3.037792205810547,-7.973075866699219,-7.061676025390625,-54.349308013916016,-10.746675491333008,4.785552978515625,-31.65729522705078,-16.456314086914062,2.7635421752929688,-8.398536682128906,-16.30252456665039,1.6030731201171875,1.6424407958984375
199976,1970-06-12 11:26:03,-29.769262313842773,-2.291656494140625,-37.17101287841797,-20.84067153930664,5.709075927734375,-24.363636016845703,-11.012716293334961,-10.988861083984375,-16.051067352294922,-18.694780349731445,19.772018432617188,-64.78563690185547,-10.005239486694336,1.120513916015625,-39.78019332885742,-19.920692443847656,-4.9488677978515625,-10.565315246582031,-15.194801330566406,-4.9616546630859375,3.2871665954589844,-15.557025909423828,10.241424560546875,-63.98121643066406,-13.371877670288086,1.9760589599609375,-44.008262634277344,-24.903865814208984,-2.234466552734375,-10.605949401855469,-17.034130096435547,-2.5482635498046875,5.049781799316406,-11.702560424804688,0.535736083984375,-58.670860290527344,-16.270694732666016,-5.280853271484375,-39.095985412597656,-24.180755615234375,-3.0731735229492188,-10.291618347167969,-17.54444122314453,-1.1800384521484375,3.0435867309570312,-6.572853088378906,-6.369392395019531,-54.62153625488281,-9.90452766418457,5.225593566894531,-31.861738204956055,-16.190879821777344,2.9149169921875,-8.851078033447266,-16.343238830566406,1.6325607299804688,1.1282844543457031
199984,1970-06-12 11:27:13,-21.220752716064453,3.589385986328125,-42.54339599609375,-15.590219497680664,8.892135620117188,-27.173309326171875,-5.7874627113342285,-10.31072998046875,-18.970134735107422,-6.799480438232422,30.492233276367188,-62.941219329833984,-2.4122352600097656,7.5740966796875,-40.25715637207031,-17.51565933227539,-3.9930267333984375,-14.49856948852539,-15.12735366821289,-6.1208343505859375,0.06354522705078125,-3.2430801391601562,21.077346801757812,-63.13265609741211,-4.379878997802734,9.50347900390625,-44.83235168457031,-22.04912757873535,-1.0383758544921875,-15.825271606445312,-17.48963165283203,-3.9440155029296875,0.8444786071777344,0.13410186767578125,10.702957153320312,-58.86370086669922,-6.217109680175781,2.0751495361328125,-42.168235778808594,-22.28919219970703,-1.9602813720703125,-14.12161636352539,-17.601703643798828,-2.4266815185546875,1.6596565246582031,4.817684173583984,3.3494491577148438,-55.07136535644531,-3.8550262451171875,10.283615112304688,-31.936857223510742,-15.137580871582031,3.5315704345703125,-10.361682891845703,-16.46146583557129,0.2422027587890625,-0.034038543701171875
199990,1970-06-12 11:28:05,-5.114887237548828,1.6158294677734375,-47.37480163574219,-6.759931564331055,7.5732269287109375,-30.94290542602539,1.84521484375,-7.1407928466796875,-21.1015682220459,7.334629058837891,31.600784301757812,-62.331382751464844,8.085491180419922,7.9964752197265625,-39.427215576171875,-11.663082122802734,-8.199020385742188,-18.157630920410156,-12.777912139892578,-9.74017333984375,-2.8565025329589844,12.847976684570312,23.2684326171875,-61.106571197509766,8.536346435546875,10.782394409179688,-43.93529510498047,-14.716011047363281,-5.1209564208984375,-22.246265411376953,-15.360427856445312,-7.856414794921875,-4.948719024658203,16.956329345703125,13.714096069335938,-55.712772369384766,5.22955322265625,3.8899993896484375,-42.17390823364258,-17.274826049804688,-6.4564361572265625,-18.972766876220703,-16.384933471679688,-6.76800537109375,-2.0472660064697266,21.712600708007812,7.4204559326171875,-50.406192779541016,3.8575286865234375,10.736434936523438,-31.78718376159668,-12.439170837402344,-0.1024627685546875,-13.936981201171875,-15.516197204589844,-4.2421417236328125,-3.5059452056884766
199997,1970-06-12 11:29:05,13.382080078125,9.332550048828125,-44.79920196533203,5.215717315673828,12.453521728515625,-29.634777069091797,7.8919525146484375,1.47857666015625,-20.86151695251465,26.710186004638672,40.729766845703125,-50.64838409423828,19.763092041015625,13.060546875,-33.5062141418457,-5.3359832763671875,-7.1008453369140625,-21.308595657348633,-10.857696533203125,-10.13848876953125,-6.754791259765625,32.084510803222656,32.48454284667969,-48.537017822265625,22.936744689941406,17.488754272460938,-35.88159942626953,-5.1620941162109375,-2.190216064453125,-26.57512664794922,-11.801666259765625,-7.501434326171875,-11.251863479614258,34.748600006103516,22.367774963378906,-43.26343536376953,14.193626403808594,12.68170166015625,-38.19468307495117,-12.515487670898438,-5.1400604248046875,-22.73792266845703,-14.700767517089844,-8.274581909179688,-5.820819854736328,37.7725715637207,15.507087707519531,-37.417205810546875,12.32958984375,14.2578125,-28.022720336914062,-8.477180480957031,0.1597137451171875,-16.646163940429688,-13.796035766601562,-5.2286224365234375,-7.3055267333984375
200005,1970-06-12 11:30:15,18.65922737121582,21.844329833984375,-38.050010681152344,10.512998580932617,18.13190460205078,-24.92438507080078,11.902702331542969,4.2040863037109375,-18.447853088378906,30.68619155883789,53.50022888183594,-33.67029571533203,22.64649200439453,22.023330688476562,-26.190345764160156,-2.9059715270996094,-0.928924560546875,-22.883255004882812,-9.763603210449219,-7.9270172119140625,-10.399040222167969,36.08143615722656,45.00786590576172,-33.36054992675781,26.139331817626953,27.03211212158203,-26.56011962890625,-2.0981903076171875,5.45458984375,-26.524070739746094,-10.205978393554688,-4.0149993896484375,-14.20821762084961,38.50159454345703,33.81645965576172,-30.880104064941406,12.636665344238281,21.43878936767578,-34.66716003417969,-14.114143371582031,-2.31060791015625,-22.26034164428711,-14.5958251953125,-8.527557373046875,-5.718921661376953,41.10149383544922,25.585346221923828,-26.895004272460938,11.173927307128906,19.93439483642578,-24.866439819335938,-10.179718017578125,1.7455368041992188,-15.5662841796875,-14.169822692871094,-5.613655090332031,-6.224372863769531
200012,1970-06-12 11:31:15,4.938579559326172,37.91020202636719,-28.48809051513672,3.53985595703125,25.726821899414062,-19.64978790283203,8.856948852539062,7.724006652832031,-19.014892578125,16.22112274169922,67.09989929199219,-13.118148803710938,13.215490341186523,34.34796142578125,-18.149169921875,-8.449697494506836,7.61419677734375,-20.089248657226562,-11.29245662689209,-4.866142272949219,-10.728775024414062,22.265283584594727,60.32862091064453,-17.470489501953125,16.04270362854004,39.615081787109375,-17.10895538330078,-9.199630737304688,14.876312255859375,-20.7784423828125,-13.051522254943848,0.01949310302734375,-12.321243286132812,26.235557556152344,49.721702575683594,-20.4683837890625,-0.504939079284668,34.57152557373047,-25.013458251953125,-19.894014358520508,2.0522079467773438,-17.323028564453125,-14.41322135925293,-9.342620849609375,-4.841255187988281,30.491024017333984,41.23163604736328,-20.917312622070312,1.632589340209961,29.072986602783203,-17.107688903808594,-14.66900634765625,4.3813934326171875,-10.7054443359375,-14.617570877075195,-6.448020935058594,-3.9735870361328125
