189946,1970-06-11 00:00:00,5.8068389892578125,13.370315551757812,-45.394493103027344,-3.1852493286132812,6.948822021484375,-31.655677795410156,-12.756135940551758,0.44696044921875,-18.350841522216797,-3.890289306640625,43.84043884277344,-54.77672576904297,1.1318340301513672,-26.259262084960938,-31.511810302734375,-0.49627685546875,-19.89111328125,11.706768035888672,-0.5851612091064453,-6.538818359375,14.940113067626953,-12.756856918334961,40.63938903808594,-51.24652099609375,7.367215633392334,-28.88336181640625,-35.08440017700195,5.561269760131836,-22.550140380859375,14.079944610595703,1.6573905944824219,-6.94647216796875,16.46678924560547,-20.15178871154785,34.61769104003906,-44.44127655029297,8.018447875976562,-24.313430786132812,-34.142066955566406,9.49763011932373,-21.483596801757812,12.178703308105469,3.8164942264556885,-7.0998687744140625,15.921356201171875,-25.865339279174805,31.46319580078125,-37.527801513671875,8.076011657714844,-13.743453979492188,-29.77368927001953,9.855413436889648,-14.50457763671875,6.439781188964844,5.190420150756836,-7.0805511474609375,13.927131652832031
189955,1970-06-11 00:01:18,5.282833099365234,15.215728759765625,-44.87446975708008,-11.648609161376953,2.0356903076171875,-30.34270477294922,-13.528579711914062,-2.485382080078125,-17.620227813720703,-9.918722152709961,44.186553955078125,-53.72870635986328,6.559726715087891,-24.114761352539062,-32.54646301269531,2.9363365173339844,-20.42193603515625,10.357294082641602,0.3701000213623047,-7.637939453125,14.416324615478516,-18.18385124206543,39.37141418457031,-50.59390640258789,13.045795440673828,-25.234588623046875,-36.22791290283203,9.321325302124023,-22.105255126953125,12.733922958374023,2.6587467193603516,-7.6138153076171875,16.03485107421875,-24.601707458496094,31.935256958007812,-44.20862579345703,9.93017292022705,-16.494796752929688,-38.08454132080078,13.637012481689453,-21.132400512695312,8.21731185913086,5.312367916107178,-7.93402099609375,15.076248168945312,-29.873632431030273,27.611724853515625,-37.582489013671875,8.326957702636719,-8.111923217773438,-31.708602905273438,12.622528076171875,-13.229156494140625,3.826763153076172,6.866989612579346,-7.3933868408203125,13.008541107177734
189963,1970-06-11 00:02:28,5.456394195556641,12.8521728515625,-45.58721160888672,-12.163227081298828,-1.012786865234375,-30.191787719726562,-14.04658317565918,-4.987335205078125,-16.65808868408203,-11.059778213500977,40.010009765625,-56.696441650390625,8.149307250976562,-24.584640502929688,-31.82778549194336,3.7311248779296875,-20.429931640625,10.082064628601074,0.5778827667236328,-7.89349365234375,14.271097183227539,-19.14352035522461,35.02587890625,-53.35932922363281,14.270177841186523,-25.87677001953125,-35.30147933959961,10.67190170288086,-21.552536010742188,12.620611190795898,3.3689842224121094,-7.4795379638671875,15.964404106140137,-25.314908981323242,27.732437133789062,-46.578678131103516,9.68782901763916,-16.370986938476562,-38.20020294189453,14.845518112182617,-20.402984619140625,7.962377071380615,5.888903617858887,-7.2447357177734375,15.20848560333252,-30.490510940551758,23.611679077148438,-39.75048828125,7.358488082885742,-7.943817138671875,-31.989456176757812,13.34561824798584,-12.668060302734375,3.2245168685913086,7.5302734375,-6.8319244384765625,12.948339462280273
189971,1970-06-11 00:03:37,4.449306488037109,10.1612548828125,-46.369140625,-11.400184631347656,-3.3216094970703125,-30.323532104492188,-13.367265701293945,-6.7846221923828125,-16.581832885742188,-14.056893348693848,35.47966003417969,-59.00173568725586,9.717131614685059,-24.970352172851562,-31.078662872314453,5.331899642944336,-20.036026000976562,10.152809143066406,1.3392601013183594,-7.7660369873046875,14.289876937866211,-21.749725341796875,30.140960693359375,-55.308013916015625,15.237739562988281,-25.740066528320312,-34.99570846557617,12.834954261779785,-20.6873779296875,12.040678977966309,4.654882431030273,-7.230133056640625,15.754770278930664,-27.36025047302246,22.857528686523438,-48.04640197753906,9.367875099182129,-16.424880981445312,-38.25682830810547,16.526247024536133,-19.158493041992188,7.739884376525879,6.760796546936035,-6.2562713623046875,15.284439086914062,-32.208412170410156,18.807373046875,-40.941246032714844,6.723873138427734,-8.11309814453125,-32.08651351928711,14.179206848144531,-11.803390502929688,2.934774398803711,8.204193115234375,-5.9832916259765625,12.958823204040527
189978,1970-06-11 00:04:38,3.4902420043945312,8.606704711914062,-46.76416778564453,-10.908891677856445,-5.2841796875,-30.225608825683594,-13.010011672973633,-8.768218994140625,-15.92262077331543,-16.653852462768555,33.01325988769531,-59.75266647338867,11.884096145629883,-24.155532836914062,-30.96938705444336,7.244569778442383,-19.602432250976562,9.808780670166016,2.2083206176757812,-7.86834716796875,14.125077247619629,-23.879667282104492,27.093429565429688,-56.00188446044922,17.08600425720215,-24.21649169921875,-35.22880554199219,14.867979049682617,-19.72918701171875,11.28646469116211,5.648113250732422,-7.1365509033203125,15.470098495483398,-28.88834571838379,19.484756469726562,-48.63449478149414,9.45991325378418,-14.708251953125,-38.92679977416992,18.28202247619629,-17.968490600585938,6.555299758911133,7.632304668426514,-5.9334869384765625,15.000164985656738,-33.418094635009766,15.160049438476562,-41.48117446899414,6.710929870605469,-7.0638275146484375,-32.33639907836914,15.054985046386719,-10.782577514648438,2.462993621826172,8.71354866027832,-5.469207763671875,12.853078842163086
189985,1970-06-11 00:05:39,2.9168052673339844,5.97760009765625,-47.21128463745117,-10.513580322265625,-8.080490112304688,-29.74364471435547,-13.667754173278809,-12.249740600585938,-12.759632110595703,-17.55974578857422,30.003097534179688,-61.06616973876953,14.511490821838379,-23.78436279296875,-30.1254940032959,8.607575416564941,-18.801498413085938,10.264705657958984,2.5641536712646484,-7.472930908203125,14.278867721557617,-24.396305084228516,23.627365112304688,-57.33298873901367,19.130800247192383,-22.81109619140625,-35.11560821533203,16.447643280029297,-18.685165405273438,10.863758087158203,6.294891357421875,-6.899139404296875,15.327484130859375,-28.989519119262695,15.84014892578125,-49.88190460205078,8.316530227661133,-12.451492309570312,-39.96141052246094,19.909854888916016,-16.885833740234375,4.305500030517578,8.785490989685059,-5.83587646484375,14.395174026489258,-33.358642578125,11.357818603515625,-42.72569274902344,5.074455261230469,-5.18914794921875,-32.98332214355469,15.830888748168945,-9.89697265625,0.6448097229003906,9.741525650024414,-5.3769073486328125,12.133890151977539
189992,1970-06-11 00:06:39,3.4080238342285156,3.7484130859375,-47.4075927734375,-10.08568000793457,-9.662139892578125,-29.41829490661621,-14.2269868850708,-13.893325805664062,-10.209819793701172,-16.799314498901367,27.017669677734375,-62.65329360961914,15.273173332214355,-24.874557495117188,-28.84112548828125,8.68332290649414,-18.266464233398438,11.130477905273438,2.4514389038085938,-6.8730621337890625,14.596471786499023,-23.630001068115234,20.734939575195312,-58.755332946777344,19.908885955810547,-23.995635986328125,-33.87159729003906,16.493227005004883,-18.080474853515625,11.779289245605469,6.158252716064453,-6.24249267578125,15.660865783691406,-28.268526077270508,13.236053466796875,-51.04119873046875,7.484018325805664,-13.244003295898438,-39.87110137939453,20.22340965270996,-16.507125854492188,4.312702178955078,8.958991050720215,-5.1371612548828125,14.553672790527344,-32.714569091796875,9.027923583984375,-43.76686096191406,4.1647186279296875,-5.5615081787109375,-33.04998779296875,15.893718719482422,-9.812728881835938,0.287872314453125,9.927037239074707,-5.050750732421875,12.123676300048828
190001,1970-06-11 00:07:57,3.1708412170410156,1.119293212890625,-47.558780670166016,-9.002857208251953,-9.800155639648438,-29.722370147705078,-14.49406623840332,-14.2294921875,-9.33358383178711,-15.085715293884277,24.54010009765625,-64.09220886230469,15.31019401550293,-26.353546142578125,-27.475679397583008,8.153812408447266,-17.953826904296875,12.005264282226562,2.0824031829833984,-6.3258056640625,14.898099899291992,-22.1087646484375,18.561752319335938,-60.05970001220703,20.006305694580078,-25.682815551757812,-32.55119323730469,15.936623573303223,-17.974319458007812,12.673957824707031,5.793060302734375,-5.802825927734375,15.966316223144531,-27.036184310913086,11.496139526367188,-52.11900329589844,6.770753860473633,-14.388229370117188,-39.6011962890625,19.914989471435547,-16.736160278320312,4.833683013916016,8.682818412780762,-4.5996856689453125,14.896812438964844,-31.699481964111328,7.69464111328125,-44.75734329223633,3.672290802001953,-6.1884918212890625,-32.99687576293945,15.622493743896484,-10.2332763671875,0.4479331970214844,9.628631591796875,-4.9198455810546875,12.414678573608398
190009,1970-06-11 00:09:07,2.4099254608154297,0.175323486328125,-47.616241455078125,-7.86683464050293,-8.982986450195312,-30.297405242919922,-15.209961891174316,-15.01214599609375,-6.554729461669922,-14.587578773498535,24.603607177734375,-64.18310546875,15.710996627807617,-26.184097290039062,-27.41135025024414,8.153237342834473,-17.956436157226562,12.00174331665039,1.9922962188720703,-6.378936767578125,14.887763977050781,-21.617191314697266,18.577880859375,-60.23340606689453,20.484548568725586,-25.505996704101562,-32.39238739013672,15.895282745361328,-17.91802978515625,12.804920196533203,5.654841423034668,-5.808563232421875,16.01371192932129,-26.5838623046875,11.4674072265625,-52.357460021972656,6.051733016967773,-13.557937622070312,-40.00846862792969,20.036943435668945,-16.619354248046875,4.7316741943359375,8.455119132995605,-4.3103485107421875,15.112751007080078,-31.29859161376953,7.623779296875,-45.05064010620117,3.144287109375,-5.49884033203125,-33.17307662963867,15.659448623657227,-10.180511474609375,0.3489227294921875,9.407503128051758,-4.8263702392578125,12.619218826293945
190017,1970-06-11 00:10:16,1.6680793762207031,-0.9952392578125,-47.63792419433594,-7.16156005859375,-8.73968505859375,-30.542495727539062,-15.715681076049805,-15.629150390625,-2.9015121459960938,-14.885313987731934,23.994827270507812,-64.34503173828125,15.92748737335205,-26.223464965820312,-27.24830436706543,8.342198371887207,-17.790878295898438,12.11789321899414,2.0719776153564453,-6.251068115234375,14.931060791015625,-21.85306167602539,17.931076049804688,-60.344207763671875,20.7122859954834,-25.58245849609375,-32.186622619628906,16.080093383789062,-17.640167236328125,12.959030151367188,5.721870422363281,-5.6068572998046875,16.061723709106445,-26.743732452392578,10.83099365234375,-52.411537170410156,5.098247528076172,-13.218917846679688,-40.2540283203125,20.262664794921875,-16.299209594726562,4.881706237792969,8.236620903015137,-3.6771392822265625,15.398052215576172,-31.414295196533203,6.9957733154296875,-45.07200241088867,2.5428848266601562,-5.2059783935546875,-33.27173614501953,15.734384536743164,-10.060440063476562,0.4469108581542969,9.155969619750977,-4.4946441650390625,12.923084259033203
190025,1970-06-11 00:11:25,1.6541309356689453,-1.0078582763671875,-47.638145446777344,-6.917911529541016,-8.558486938476562,-30.6497745513916,-15.722467422485352,-15.712013244628906,-2.3682823181152344,-14.822306632995605,24.171768188476562,-64.29332733154297,16.094402313232422,-26.05145263671875,-27.315128326416016,8.381935119628906,-17.795913696289062,12.08303451538086,2.054391860961914,-6.28369140625,14.919795989990234,-21.77560806274414,18.06561279296875,-60.33208465576172,21.091798782348633,-25.648788452148438,-31.885967254638672,16.04723358154297,-17.43621826171875,13.272010803222656,5.606819152832031,-5.45440673828125,16.15452003479004,-26.65740966796875,10.91693115234375,-52.43767547607422,4.571697235107422,-12.791976928710938,-40.4547119140625,20.375642776489258,-16.08392333984375,5.1197357177734375,7.923354625701904,-3.2374725341796875,15.658946990966797,-31.3306941986084,7.0361480712890625,-45.123878479003906,2.3154563903808594,-4.6903533935546875,-33.36489486694336,15.74306869506836,-10.035018920898438,0.6610145568847656,8.746490478515625,-4.33709716796875,13.256256103515625
190032,1970-06-11 00:12:26,1.66949462890625,-0.985504150390625,-47.63807678222656,-6.7988433837890625,-8.4932861328125,-30.694520950317383,-15.653553009033203,-15.760391235351562,-2.499675750732422,-14.799569129943848,24.152008056640625,-64.30599212646484,16.213993072509766,-25.982330322265625,-27.31024169921875,8.41794490814209,-17.770599365234375,12.09524154663086,2.0466480255126953,-6.2733306884765625,14.925216674804688,-21.739730834960938,18.02239990234375,-60.357940673828125,21.28507423400879,-25.652557373046875,-31.754230499267578,16.05863380432129,-17.334732055664062,13.390617370605469,5.570379257202148,-5.38897705078125,16.189054489135742,-26.61116600036621,10.855148315429688,-52.473976135253906,4.364620208740234,-12.7750244140625,-40.48292541503906,20.478260040283203,-15.9002685546875,5.281398773193359,7.809834003448486,-2.9607696533203125,15.770339965820312,-31.283447265625,6.9566497802734375,-45.16896057128906,2.2243576049804688,-4.6045074462890625,-33.38304138183594,15.78122329711914,-9.961288452148438,0.8416633605957031,8.54278564453125,-4.1511993408203125,13.44723129272461
190039,1970-06-11 00:13:27,1.7548274993896484,-1.02593994140625,-47.6341552734375,-6.737916946411133,-8.480377197265625,-30.71152114868164,-15.684340476989746,-15.729354858398438,-2.5022315979003906,-14.617216110229492,24.132568359375,-64.35498046875,16.20767593383789,-26.034408569335938,-27.264358520507812,8.353202819824219,-17.776046752929688,12.132057189941406,1.9990005493164062,-6.257232666015625,14.938426971435547,-21.578845977783203,18.021560668945312,-60.4158935546875,21.286109924316406,-25.7213134765625,-31.69786834716797,15.993621826171875,-17.357025146484375,13.439453125,5.523364067077637,-5.3829498291015625,16.2071590423584,-26.48193359375,10.871536254882812,-52.535926818847656,4.256641387939453,-12.860321044921875,-40.46741485595703,20.472158432006836,-15.861236572265625,5.420551300048828,7.723330497741699,-2.812408447265625,15.839946746826172,-31.177465438842773,6.9893341064453125,-45.23714065551758,2.1850624084472656,-4.6600799560546875,-33.377925872802734,15.773843765258789,-9.960159301757812,0.9818153381347656,8.410379409790039,-4.034019470214844,13.565834045410156
190047,1970-06-11 00:14:36,1.8088436126708984,-1.2706451416015625,-47.62623596191406,-6.746747970581055,-8.610260009765625,-30.673416137695312,-15.796547889709473,-15.6866455078125,-2.017547607421875,-14.493488311767578,23.960250854492188,-64.44727325439453,16.12077522277832,-26.185195922851562,-27.171314239501953,8.279189109802246,-17.761138916015625,12.204425811767578,1.9641456604003906,-6.203765869140625,14.965324401855469,-21.480018615722656,17.889328002929688,-60.4903678894043,21.193830490112305,-25.914779663085938,-31.60198402404785,15.929734230041504,-17.355361938476562,13.517265319824219,5.496474266052246,-5.32940673828125,16.233972549438477,-26.413949966430664,10.785537719726562,-52.587852478027344,4.138906478881836,-13.146682739257812,-40.38753128051758,20.455093383789062,-15.808929443359375,5.633632659912109,7.649062156677246,-2.6047515869140625,15.911331176757812,-31.127761840820312,6.94671630859375,-45.277915954589844,2.1586074829101562,-4.8335418701171875,-33.35497283935547,15.748231887817383,-9.984176635742188,1.1367378234863281,8.299270629882812,-3.9100875854492188,13.670154571533203
190055,1970-06-11 00:15:46,1.9272308349609375,-1.70733642578125,-47.607933044433594,-6.78398323059082,-8.892593383789062,-30.584524154663086,-15.96031665802002,-15.60235595703125,-1.2274894714355469,-14.349950790405273,23.583114624023438,-64.6182861328125,15.983709335327148,-26.46307373046875,-26.982418060302734,8.175498008728027,-17.711669921875,12.34539794921875,1.9197750091552734,-6.0943756103515625,15.015945434570312,-21.37013816833496,17.5782470703125,-60.62034606933594,21.011775970458984,-26.24652099609375,-31.44940185546875,15.870488166809082,-17.320281982421875,13.6314697265625,5.489100456237793,-5.2163543701171875,16.273136138916016,-26.34416961669922,10.557266235351562,-52.66911315917969,4.04914665222168,-13.62823486328125,-40.23672866821289,20.413681030273438,-15.769332885742188,5.889011383056641,7.602237224578857,-2.379058837890625,15.969013214111328,-31.080257415771484,6.7957611083984375,-45.33342742919922,2.1706161499023438,-5.1507568359375,-33.30668258666992,15.703006744384766,-10.03277587890625,1.3196907043457031,8.205127716064453,-3.7727279663085938,13.765254974365234
190059,1970-06-11 00:16:38,1.856424331665039,-1.7296905517578125,-47.60993957519531,-6.719297409057617,-8.832382202148438,-30.61623764038086,-15.92917537689209,-15.63299560546875,-1.2421073913574219,-14.522584915161133,23.513351440429688,-64.60513305664062,15.985804557800293,-26.452880859375,-26.991172790527344,8.226802825927734,-17.67962646484375,12.357261657714844,1.9514503479003906,-6.06689453125,15.022987365722656,-21.523130416870117,17.497283935546875,-60.58963394165039,20.979616165161133,-26.21282958984375,-31.498929977416992,15.946283340454102,-17.283096313476562,13.590156555175781,5.544835090637207,-5.198066711425781,16.260093688964844,-26.46780776977539,10.4716796875,-52.62419509887695,3.992950439453125,-13.701019287109375,-40.21762466430664,20.470409393310547,-15.695281982421875,5.889934539794922,7.638147354125977,-2.3164443969726562,15.961078643798828,-31.182138442993164,6.705596923828125,-45.27685546875,2.137989044189453,-5.195465087890625,-33.301849365234375,15.727624893188477,-9.991828918457031,1.3371772766113281,8.213794708251953,-3.7197418212890625,13.774497985839844
190067,1970-06-11 00:17:47,1.702383041381836,-1.614593505859375,-47.61974334716797,-6.649713516235352,-8.716033935546875,-30.66473388671875,-15.778463363647461,-15.749671936035156,-1.6309585571289062,-14.962265014648438,23.538864135742188,-64.49542236328125,16.09357452392578,-26.272003173828125,-27.10356903076172,8.403326988220215,-17.62835693359375,12.311622619628906,2.04327392578125,-6.0623016357421875,15.012630462646484,-21.89906120300293,17.458633422851562,-60.46595001220703,21.05939292907715,-25.978561401367188,-31.639467239379883,16.132827758789062,-17.171546936035156,13.511161804199219,5.638418197631836,-5.1687774658203125,16.237226486206055,-26.756546020507812,10.376556396484375,-52.49687194824219,3.928956985473633,-13.60931396484375,-40.255043029785156,20.627704620361328,-15.529312133789062,5.7800445556640625,7.726175308227539,-2.2725906372070312,15.924976348876953,-31.41196632385254,6.55706787109375,-45.13953399658203,2.065277099609375,-5.105743408203125,-33.32030487060547,15.809350967407227,-9.870452880859375,1.2734184265136719,8.280006408691406,-3.6790237426757812,13.745763778686523
190090,1970-06-11 00:21:06,1.907999038696289,-1.6029815673828125,-47.612335205078125,-6.616783142089844,-8.7578125,-30.659954071044922,-15.815227508544922,-15.700912475585938,-1.7412528991699219,-14.65293025970459,23.628814697265625,-64.53353881835938,16.07600975036621,-26.236190795898438,-27.14864730834961,8.351101875305176,-17.657852172851562,12.304885864257812,1.995981216430664,-6.062957763671875,15.018730163574219,-21.62125015258789,17.563995361328125,-60.535377502441406,21.263763427734375,-26.078582763671875,-31.419723510742188,15.853150367736816,-17.138763427734375,13.878841400146484,5.337048530578613,-5.046928405761719,16.376815795898438,-26.52800750732422,10.48870849609375,-52.59048080444336,4.068202972412109,-14.044265747070312,-40.091487884521484,20.673324584960938,-15.357902526855469,6.067874908447266,7.683568000793457,-2.0448532104492188,15.976375579833984,-31.221668243408203,6.675933837890625,-45.25398635864258,2.2455711364746094,-5.306396484375,-33.27726364135742,15.812505722045898,-9.837242126464844,1.475189208984375,8.17751693725586,-3.5609512329101562,13.83790397644043
190101,1970-06-11 00:22:42,2.118438720703125,-1.6168670654296875,-47.602970123291016,-6.579441070556641,-8.7679443359375,-30.66509246826172,-15.912452697753906,-15.607376098632812,-1.6958541870117188,-14.263980865478516,23.536148071289062,-64.65442657470703,15.980888366699219,-26.415069580078125,-27.031085968017578,8.195316314697266,-17.672882080078125,12.387794494628906,1.9053020477294922,-6.0214996337890625,15.047157287597656,-21.28754425048828,17.53082275390625,-60.663124084472656,21.205942153930664,-26.255538940429688,-31.311241149902344,15.644264221191406,-17.269866943359375,13.953147888183594,5.212835311889648,-5.088409423828125,16.40396499633789,-26.270397186279297,10.51275634765625,-52.71484375,4.133811950683594,-14.329849243164062,-39.98356628417969,20.57815933227539,-15.415184020996094,6.243587493896484,7.628822326660156,-1.9840927124023438,16.010238647460938,-31.01577377319336,6.7538604736328125,-45.38382339477539,2.399127960205078,-5.5137481689453125,-33.232810974121094,15.748233795166016,-9.914772033691406,1.6349906921386719,8.081216812133789,-3.5257186889648438,13.903345108032227
190110,1970-06-11 00:24:00,2.3462448120117188,-1.5992889404296875,-47.59288024902344,-6.441703796386719,-8.677902221679688,-30.719900131225586,-15.983735084533691,-15.512527465820312,-1.8850860595703125,-13.65119457244873,23.08746337890625,-64.94783782958984,15.861784934997559,-26.81439208984375,-26.70612335205078,7.9608049392700195,-17.616592407226562,12.618732452392578,1.7613639831542969,-5.868766784667969,15.124832153320312,-20.75688934326172,17.1876220703125,-60.94457244873047,20.984439849853516,-26.5281982421875,-31.23055076599121,15.437530517578125,-17.454200744628906,13.95404052734375,5.125009536743164,-5.136619567871094,16.416606903076172,-25.855243682861328,10.291061401367188,-52.96326446533203,4.231481552124023,-14.790924072265625,-39.805049896240234,20.40213966369629,-15.525924682617188,6.539802551269531,7.513553619384766,-1.8752365112304688,16.077728271484375,-30.680419921875,6.6454315185546875,-45.62712097167969,2.5728988647460938,-5.8685455322265625,-33.15896987915039,15.640867233276367,-10.044013977050781,1.8611106872558594,7.9396514892578125,-3.4533767700195312,14.002710342407227
190118,1970-06-11 00:25:10,2.462034225463867,-1.497955322265625,-47.590328216552734,-6.390098571777344,-8.60064697265625,-30.75238800048828,-15.994882583618164,-15.469200134277344,-2.13067626953125,-13.247608184814453,22.80963134765625,-65.12931823730469,15.807974815368652,-27.036300659179688,-26.51360321044922,7.8094072341918945,-17.579238891601562,12.764579772949219,1.6586761474609375,-5.768806457519531,15.174821853637695,-20.403547286987305,16.972274780273438,-61.12397766113281,20.92162322998047,-26.76251220703125,-31.07237434387207,15.290754318237305,-17.496017456054688,14.062854766845703,5.036462783813477,-5.09930419921875,16.455598831176758,-25.574512481689453,10.148513793945312,-53.12681579589844,4.23261833190918,-15.007843017578125,-39.72365188598633,20.299970626831055,-15.612510681152344,6.650665283203125,7.466046333312988,-1.8374862670898438,16.10419464111328,-30.451038360595703,6.5705413818359375,-45.79133605957031,2.656658172607422,-6.0180511474609375,-33.12554931640625,15.569040298461914,-10.135581970214844,1.9640922546386719,7.8551483154296875,-3.4395751953125,14.053672790527344
190126,1970-06-11 00:26:19,2.58154296875,-1.5045166015625,-47.58378601074219,-6.41331672668457,-8.671401977539062,-30.727678298950195,-16.014122009277344,-15.441886901855469,-2.1835479736328125,-12.990691184997559,22.620574951171875,-65.24690246582031,15.78946590423584,-27.169189453125,-26.38848114013672,7.719463348388672,-17.548416137695312,12.861343383789062,1.592987060546875,-5.69976806640625,15.207910537719727,-20.17628288269043,16.819839477539062,-61.24143981933594,20.907100677490234,-26.925003051757812,-30.941497802734375,15.205148696899414,-17.493507385253906,14.158470153808594,4.978811264038086,-5.053047180175781,16.487384796142578,-25.3913631439209,10.040618896484375,-53.23505783081055,4.135660171508789,-15.075729370117188,-39.70814895629883,20.249237060546875,-15.6744384765625,6.6596832275390625,7.449177265167236,-1.8152618408203125,16.114524841308594,-30.299938201904297,6.503875732421875,-45.90095138549805,2.66571044921875,-6.052001953125,-33.11863708496094,15.522838592529297,-10.200111389160156,1.995513916015625,7.803415298461914,-3.44696044921875,14.080656051635742
190138,1970-06-11 00:28:03,2.746868133544922,-1.63232421875,-47.5703125,-6.564031600952148,-8.9559326171875,-30.614028930664062,-16.063520431518555,-15.41796875,-1.9802894592285156,-12.850044250488281,22.3720703125,-65.36033630371094,15.758811950683594,-27.303009033203125,-26.26842498779297,7.665574073791504,-17.49908447265625,12.960403442382812,1.5544052124023438,-5.615814208984375,15.243097305297852,-20.053668975830078,16.603652954101562,-61.34062957763672,20.8598690032959,-27.0789794921875,-30.838842391967773,15.166852951049805,-17.46612548828125,14.233142852783203,4.957378387451172,-4.989753723144531,16.513097763061523,-25.294540405273438,9.869461059570312,-53.31310272216797,4.140926361083984,-15.250518798828125,-39.64080047607422,20.20963478088379,-15.683914184570312,6.756954193115234,7.41934871673584,-1.7515411376953125,16.13532257080078,-30.221027374267578,6.374237060546875,-45.97111129760742,2.7103919982910156,-6.1645660400390625,-33.09423828125,15.489513397216797,-10.236198425292969,2.0683822631835938,7.75468635559082,-3.4148483276367188,14.115360260009766
190145,1970-06-11 00:29:03,2.82427978515625,-1.605712890625,-47.566688537597656,-6.677045822143555,-9.090072631835938,-30.549985885620117,-16.071414947509766,-15.422615051269531,-1.8773345947265625,-12.883428573608398,22.307373046875,-65.37586975097656,15.749727249145508,-27.3189697265625,-26.25727081298828,7.676163673400879,-17.480010986328125,12.979877471923828,1.560098648071289,-5.5907745361328125,15.251714706420898,-20.083938598632812,16.541000366210938,-61.347652435302734,20.852901458740234,-27.133331298828125,-30.795753479003906,15.184301376342773,-17.408554077148438,14.284984588623047,4.961997985839844,-4.929862976074219,16.52968978881836,-25.319747924804688,9.813125610351562,-53.31153869628906,4.130979537963867,-15.295211791992188,-39.62461853027344,20.217620849609375,-15.668617248535156,6.768524169921875,7.426248550415039,-1.7302703857421875,16.134445190429688,-30.24224281311035,6.3236236572265625,-45.96414566040039,2.7179107666015625,-6.1841888427734375,-33.0899658203125,15.487537384033203,-10.236831665039062,2.0799636840820312,7.750389099121094,-3.4074935913085938,14.119495391845703
190151,1970-06-11 00:29:55,2.9002838134765625,-1.612091064453125,-47.56189727783203,-6.751739501953125,-9.203079223632812,-30.49969482421875,-16.10651397705078,-15.421905517578125,-1.5546302795410156,-12.915392875671387,22.276931762695312,-65.37994384765625,15.74365520477295,-27.32171630859375,-26.25804901123047,7.68673038482666,-17.468826293945312,12.988666534423828,1.5660438537597656,-5.57647705078125,15.256341934204102,-20.112716674804688,16.510223388671875,-61.34651565551758,20.82771110534668,-27.150955200195312,-30.797264099121094,15.217716217041016,-17.375221252441406,14.29000473022461,4.985301971435547,-4.898918151855469,16.531879425048828,-25.343488693237305,9.784194946289062,-53.305572509765625,4.124153137207031,-15.321502685546875,-39.61516571044922,20.22649383544922,-15.655563354492188,6.772239685058594,7.434027671813965,-1.7174606323242188,16.132232666015625,-30.26211929321289,6.2963714599609375,-45.954803466796875,2.731395721435547,-6.1825103759765625,-33.089168548583984,15.48443603515625,-10.240013122558594,2.087421417236328,7.743808746337891,-3.410400390625,14.122406005859375
190158,1970-06-11 00:30:56,3.1383285522460938,-1.493133544921875,-47.5506706237793,-6.981832504272461,-9.50079345703125,-30.356264114379883,-16.160491943359375,-15.431411743164062,-0.6182518005371094,-12.92158317565918,22.169235229492188,-65.41532135009766,15.783071517944336,-27.305801391601562,-26.250946044921875,7.715388298034668,-17.442779541015625,13.006660461425781,1.5697803497314453,-5.5487213134765625,15.266071319580078,-20.11174774169922,16.396865844726562,-61.37723159790039,20.76532554626465,-27.114639282226562,-30.871295928955078,15.33626651763916,-17.333213806152344,14.214073181152344,5.073127746582031,-4.874641418457031,16.512327194213867,-25.33560562133789,9.673583984375,-53.32950210571289,4.190818786621094,-15.388671875,-39.582122802734375,20.246055603027344,-15.604881286621094,6.83050537109375,7.418081283569336,-1.671722412109375,16.144371032714844,-30.25202178955078,6.188018798828125,-45.976165771484375,2.7894668579101562,-6.203094482421875,-33.080467224121094,15.48996353149414,-10.224334716796875,2.1229248046875,7.722967147827148,-3.3927078247070312,14.138071060180664
190165,1970-06-11 00:31:57,3.247690200805664,-1.5328521728515625,-47.54206085205078,-7.206594467163086,-9.869338989257812,-30.1856746673584,-16.14662742614746,-15.450897216796875,0.47771453857421875,-12.955385208129883,21.855880737304688,-65.51400756835938,15.889505386352539,-27.32073974609375,-26.171085357666016,7.780153274536133,-17.366790771484375,13.069602966308594,1.5821990966796875,-5.4787445068359375,15.290048599243164,-20.126840591430664,16.072845458984375,-61.45793914794922,20.817935943603516,-27.130844116210938,-30.821596145629883,15.445968627929688,-17.216941833496094,14.236591339111328,5.126054763793945,-4.787681579589844,16.52141761779785,-25.331462860107422,9.362533569335938,-53.38695526123047,4.289775848388672,-15.540695190429688,-39.51206588745117,20.297985076904297,-15.493736267089844,6.928703308105469,7.400928974151611,-1.5671768188476562,16.1627197265625,-30.24029541015625,5.88824462890625,-46.02322769165039,2.8514480590820312,-6.3128204345703125,-33.05441665649414,15.521839141845703,-10.163566589355469,2.181102752685547,7.715166091918945,-3.3141021728515625,14.160957336425781
190173,1970-06-11 00:33:06,3.2995967864990234,-1.6195068359375,-47.535614013671875,-7.331693649291992,-10.139541625976562,-30.065757751464844,-16.099620819091797,-15.464515686035156,1.1502304077148438,-12.890368461608887,21.63360595703125,-65.60054779052734,16.028486251831055,-27.308944702148438,-26.09853744506836,7.820444107055664,-17.308975219726562,13.122161865234375,1.5709686279296875,-5.4300079345703125,15.308576583862305,-20.050222396850586,15.836334228515625,-61.54431915283203,20.917373657226562,-27.132614135742188,-30.752620697021484,15.529446601867676,-17.103668212890625,14.282241821289062,5.150022506713867,-4.7053985595703125,16.537595748901367,-25.248687744140625,9.1295166015625,-53.466461181640625,4.435659408569336,-15.61175537109375,-39.467918395996094,20.326269149780273,-15.392723083496094,7.069496154785156,7.321832656860352,-1.4629364013671875,16.208450317382812,-30.16119956970215,5.6578216552734375,-46.10395812988281,2.9587554931640625,-6.3412017822265625,-33.03955078125,15.539789199829102,-10.120185852050781,2.253803253173828,7.663057327270508,-3.2640914916992188,14.200809478759766
190180,1970-06-11 00:34:07,3.293020248413086,-1.6525115966796875,-47.534934997558594,-7.417543411254883,-10.28790283203125,-29.99421501159668,-16.05613136291504,-15.480880737304688,1.4882164001464844,-12.95075798034668,21.490020751953125,-65.63584899902344,16.08901596069336,-27.293380737304688,-26.07756805419922,7.871451377868652,-17.269790649414062,13.143268585205078,1.5877952575683594,-5.398956298828125,15.317821502685547,-20.09522247314453,15.680877685546875,-61.569435119628906,20.912303924560547,-27.100357055664062,-30.784502029418945,15.631037712097168,-17.039146423339844,14.248497009277344,5.212015151977539,-4.6644744873046875,16.529767990112305,-25.275684356689453,8.974075317382812,-53.48002243041992,4.488033294677734,-15.650527954101562,-39.44664001464844,20.356746673583984,-15.325080871582031,7.128490447998047,7.29478120803833,-1.4014434814453125,16.22607421875,-30.178674697875977,5.501922607421875,-46.111392974853516,2.9836196899414062,-6.361724853515625,-33.03336715698242,15.559059143066406,-10.086074829101562,2.273693084716797,7.657466888427734,-3.231964111328125,14.21116828918457
190185,1970-06-11 00:35:08,3.3023204803466797,-1.6639862060546875,-47.53388977050781,-7.453424453735352,-10.368179321289062,-29.957658767700195,-16.026554107666016,-15.49273681640625,1.6722526550292969,-12.966117858886719,21.443649291992188,-65.6479721069336,16.144588470458984,-27.261749267578125,-26.076290130615234,7.901791572570801,-17.252532958984375,13.147727966308594,1.5931243896484375,-5.39007568359375,15.320402145385742,-20.10123634338379,15.622543334960938,-61.582305908203125,20.88060188293457,-27.02105712890625,-30.875591278076172,15.724971771240234,-17.023704528808594,14.163345336914062,5.277990341186523,-4.669212341308594,16.507482528686523,-25.272197723388672,8.90875244140625,-53.492584228515625,4.54493522644043,-15.626998901367188,-39.44944763183594,20.370574951171875,-15.292282104492188,7.159374237060547,7.2665910720825195,-1.382110595703125,16.240375518798828,-30.171466827392578,5.4299163818359375,-46.12464141845703,3.016368865966797,-6.3417205810546875,-33.03424072265625,15.570497512817383,-10.065719604492188,2.2855606079101562,7.645008087158203,-3.223968505859375,14.219690322875977
190202,1970-06-11 00:37:35,3.3023681640625,-1.7999114990234375,-47.5289306640625,-7.428842544555664,-10.655029296875,-29.862964630126953,-15.834470748901367,-15.675376892089844,1.7955207824707031,-13.1549654006958,20.96856689453125,-65.76376342773438,16.463356018066406,-27.178909301757812,-25.96322250366211,8.09496021270752,-17.10052490234375,13.228557586669922,1.644247055053711,-5.2935943603515625,15.348611831665039,-20.226518630981445,15.086456298828125,-61.67487335205078,21.20319366455078,-26.993515014648438,-30.679208755493164,15.935481071472168,-16.693824768066406,14.31985092163086,5.326938629150391,-4.4492950439453125,16.55243492126465,-25.32723617553711,8.35418701171875,-53.55600357055664,4.546199798583984,-15.43695068359375,-39.5240592956543,20.503765106201172,-15.166725158691406,7.045360565185547,7.276299476623535,-1.3448104858398438,16.239158630371094,-30.192646026611328,4.8560943603515625,-46.17474365234375,2.998371124267578,-6.098358154296875,-33.0816650390625,15.628353118896484,-9.996604919433594,2.1921043395996094,7.643947601318359,-3.2494964599609375,14.21445083618164
190209,1970-06-11 00:38:36,3.3867034912109375,-1.8079833984375,-47.52268981933594,-7.358419418334961,-10.735488891601562,-29.851579666137695,-15.75887680053711,-15.776847839355469,1.5559310913085938,-13.102904319763184,20.82049560546875,-65.82117462158203,16.6375732421875,-27.132568359375,-25.900562286376953,8.144232749938965,-17.047744750976562,13.26639175415039,1.6346778869628906,-5.2647857666015625,15.359533309936523,-20.157175064086914,14.912445068359375,-61.7398681640625,21.425439834594727,-27.013168334960938,-30.50702476501465,15.968217849731445,-16.522499084472656,14.481185913085938,5.282998085021973,-4.320831298828125,16.600481033325195,-25.245756149291992,8.16845703125,-53.623077392578125,4.470548629760742,-15.254196166992188,-39.60356903076172,20.555042266845703,-15.142463684082031,6.947418212890625,7.268261909484863,-1.3437652587890625,16.242843627929688,-30.11182403564453,4.6587066650390625,-46.24779510498047,2.9720458984375,-5.8987579345703125,-33.12021255493164,15.642581939697266,-9.989578247070312,2.1214981079101562,7.626308441162109,-3.2975006103515625,14.212869644165039
190217,1970-06-11 00:39:45,3.386831283569336,-1.85784912109375,-47.52075958251953,-7.382349014282227,-10.855453491210938,-29.802248001098633,-15.70295524597168,-15.8291015625,1.5902442932128906,-13.189353942871094,20.669403076171875,-65.85152435302734,16.72075653076172,-27.109375,-25.871265411376953,8.208090782165527,-16.999679565429688,13.288673400878906,1.657012939453125,-5.2338409423828125,15.367719650268555,-20.22234535217285,14.74371337890625,-61.75907897949219,21.520336151123047,-27.033767700195312,-30.421873092651367,16.03660011291504,-16.39288330078125,14.552738189697266,5.299877166748047,-4.227149963378906,16.61920928955078,-25.285865783691406,7.9953460693359375,-53.630271911621094,4.447431564331055,-15.212005615234375,-39.622398376464844,20.600811004638672,-15.094276428222656,6.916656494140625,7.273823261260986,-1.3174362182617188,16.242511749267578,-30.13816261291504,4.480743408203125,-46.248226165771484,2.9267845153808594,-5.8301239013671875,-33.136390686035156,15.664525985717773,-9.963661193847656,2.0810546875,7.636444091796875,-3.2955398559570312,14.207883834838867
190226,1970-06-11 00:41:03,3.3511104583740234,-1.8672027587890625,-47.522926330566406,-7.573249816894531,-11.10638427734375,-29.661556243896484,-15.629050254821777,-15.830924987792969,2.1878280639648438,-13.405875205993652,20.467559814453125,-65.87084197998047,16.774776458740234,-27.09222412109375,-25.85425567626953,8.306076049804688,-16.937637329101562,13.307025909423828,1.7099437713623047,-5.1919403076171875,15.376129150390625,-20.406450271606445,14.522552490234375,-61.75091552734375,21.359830856323242,-26.935150146484375,-30.621793746948242,16.3044376373291,-16.333641052246094,14.319881439208984,5.524444580078125,-4.2230072021484375,16.546974182128906,-25.426105499267578,7.7719573974609375,-53.59679412841797,4.391197204589844,-15.230560302734375,-39.62153625488281,20.67174530029297,-15.016494750976562,6.874210357666016,7.314521789550781,-1.2700881958007812,16.22800064086914,-30.249191284179688,4.2542877197265625,-46.19709396362305,2.8508987426757812,-5.82049560546875,-33.14469909667969,15.700197219848633,-9.9163818359375,2.0376739501953125,7.676136016845703,-3.2654037475585938,14.193443298339844
190234,1970-06-11 00:42:13,3.3573246002197266,-1.6894683837890625,-47.529136657714844,-7.94654655456543,-11.416213989257812,-29.445486068725586,-15.542245864868164,-15.707656860351562,3.3734169006347656,-13.45621109008789,20.4515380859375,-65.86556243896484,16.811798095703125,-27.055526733398438,-25.868633270263672,8.33970832824707,-16.925857543945312,13.300975799560547,1.7229461669921875,-5.190185546875,15.37527084350586,-20.4456787109375,14.494171142578125,-61.74461364746094,21.255962371826172,-26.8399658203125,-30.777267456054688,16.457921981811523,-16.349685668945312,14.124652862548828,5.670103073120117,-4.2762908935546875,16.483898162841797,-25.451906204223633,7.73419189453125,-53.59001159667969,4.342926025390625,-15.139434814453125,-39.66175842285156,20.69291877746582,-15.008575439453125,6.827629089355469,7.314504146575928,-1.2748794555664062,16.227630615234375,-30.26725196838379,4.2075347900390625,-46.189544677734375,2.8178749084472656,-5.6963653564453125,-33.16908264160156,15.700494766235352,-9.924263000488281,1.9965972900390625,7.665348052978516,-3.3019485473632812,14.190818786621094
190245,1970-06-11 00:43:48,3.597911834716797,-1.3513336181640625,-47.52234649658203,-8.320064544677734,-11.790771484375,-29.19363021850586,-15.438212394714355,-15.624053955078125,4.150001525878906,-13.4844331741333,20.295944213867188,-65.90789794921875,16.80856704711914,-27.02618408203125,-25.90137481689453,8.42794418334961,-16.888748168945312,13.292522430419922,1.7756328582763672,-5.1559295654296875,15.380800247192383,-20.463388442993164,14.333724975585938,-61.77619171142578,21.063819885253906,-26.747085571289062,-30.989482879638672,16.659608840942383,-16.35198211669922,13.883506774902344,5.854581832885742,-4.3038177490234375,16.41208839416504,-25.458221435546875,7.58056640625,-53.60896301269531,4.2761077880859375,-15.086624145507812,-39.68913650512695,20.711427688598633,-15.000961303710938,6.788116455078125,7.312956809997559,-1.2605514526367188,16.229446411132812,-30.268091201782227,4.0595855712890625,-46.20223617553711,2.7257614135742188,-5.5690155029296875,-33.19839096069336,15.698480606079102,-9.940483093261719,1.9306640625,7.6599273681640625,-3.3325119018554688,14.186601638793945
190253,1970-06-11 00:44:57,3.619710922241211,-1.4594573974609375,-47.517494201660156,-8.328691482543945,-11.909591674804688,-29.14289665222168,-15.414896011352539,-15.631675720214844,4.207603454589844,-13.504138946533203,20.0687255859375,-65.97340393066406,16.814247131347656,-27.060928344726562,-25.86138153076172,8.478988647460938,-16.838912963867188,13.323249816894531,1.8047752380371094,-5.1050567626953125,15.394371032714844,-20.475933074951172,14.11090087890625,-61.82331085205078,21.022157669067383,-26.800491333007812,-30.97162437438965,16.7377872467041,-16.285202026367188,13.86795425415039,5.914603233337402,-4.245643615722656,16.405719757080078,-25.462966918945312,7.37750244140625,-53.635032653808594,4.1044921875,-15.070388793945312,-39.713409423828125,20.742708206176758,-15.017601013183594,6.6544952392578125,7.384653091430664,-1.2691574096679688,16.196277618408203,-30.269054412841797,3.87408447265625,-46.217529296875,2.655956268310547,-5.518310546875,-33.21251678466797,15.694175720214844,-9.958709716796875,1.8707656860351562,7.677845001220703,-3.3565673828125,14.17123794555664
190260,1970-06-11 00:45:58,3.686429977416992,-1.37286376953125,-47.51494598388672,-8.384988784790039,-11.98382568359375,-29.09628677368164,-15.38299560546875,-15.630073547363281,4.328517913818359,-13.48568058013916,19.952896118164062,-66.01231384277344,16.821468353271484,-27.077545166015625,-25.839305877685547,8.501739501953125,-16.8143310546875,13.339771270751953,1.8157787322998047,-5.0790252685546875,15.401689529418945,-20.456031799316406,13.998016357421875,-61.855560302734375,20.993906021118164,-26.821685791015625,-30.972450256347656,16.78067398071289,-16.25653076171875,13.849754333496094,5.948314666748047,-4.2200469970703125,16.400135040283203,-25.44300079345703,7.2752838134765625,-53.65846252441406,4.0226593017578125,-15.034576416015625,-39.735347747802734,20.74787139892578,-15.032844543457031,6.603816986083984,7.395467281341553,-1.26947021484375,16.19131851196289,-30.250471115112305,3.7813873291015625,-46.237369537353516,2.6021881103515625,-5.44561767578125,-33.228763580322266,15.685815811157227,-9.981185913085938,1.8203964233398438,7.682126998901367,-3.3884811401367188,14.16131591796875
190268,1970-06-11 00:47:07,3.818563461303711,-1.029571533203125,-47.51319122314453,-8.396980285644531,-11.86590576171875,-29.1411190032959,-15.38391399383545,-15.640144348144531,4.288738250732422,-13.355064392089844,20.114776611328125,-65.98973083496094,16.80571937561035,-27.031600952148438,-25.897586822509766,8.473697662353516,-16.857070922851562,13.303638458251953,1.7977123260498047,-5.115081787109375,15.391868591308594,-20.340373992919922,14.160964965820312,-61.856605529785156,20.98944854736328,-26.7857666015625,-31.006526947021484,16.747089385986328,-16.30493927001953,13.833492279052734,5.926158905029297,-4.258674621582031,16.398170471191406,-25.349651336669922,7.427764892578125,-53.6817512512207,3.9067840576171875,-14.809967041015625,-39.83115005493164,20.71568489074707,-15.133506774902344,6.473644256591797,7.398670673370361,-1.3655166625976562,16.18204116821289,-30.173585891723633,3.924774169921875,-46.27564239501953,2.572612762451172,-5.240966796875,-33.263954162597656,15.653938293457031,-10.044593811035156,1.7444915771484375,7.663690567016602,-3.4952392578125,14.145349502563477
190274,1970-06-11 00:47:59,3.897449493408203,-0.7285003662109375,-47.51235580444336,-8.40336799621582,-11.73846435546875,-29.190847396850586,-15.383261680603027,-15.658607482910156,4.223217010498047,-13.317197799682617,20.1708984375,-65.98025512695312,16.75738525390625,-27.034637451171875,-25.92572784423828,8.456480979919434,-16.878204345703125,13.287769317626953,1.7959728240966797,-5.126312255859375,15.38833999633789,-20.31202507019043,14.225509643554688,-61.851112365722656,20.94997215270996,-26.801986694335938,-31.019210815429688,16.722476959228516,-16.335708618164062,13.826957702636719,5.918893814086914,-4.2742462158203125,16.39674186706543,-25.33245086669922,7.495513916015625,-53.680450439453125,3.8159408569335938,-14.738494873046875,-39.86644744873047,20.69504737854004,-15.192825317382812,6.400318145751953,7.418792724609375,-1.4113845825195312,16.16888427734375,-30.16252899169922,3.9958648681640625,-46.27676773071289,2.5442237854003906,-5.172332763671875,-33.276878356933594,15.631834030151367,-10.084342956542969,1.7130966186523438,7.657007217407227,-3.5402603149414062,14.13776969909668
190280,1970-06-11 00:48:51,3.8998031616210938,-0.4398345947265625,-47.515708923339844,-8.392654418945312,-11.572860717773438,-29.25997543334961,-15.378753662109375,-15.721588134765625,3.999706268310547,-13.377307891845703,20.165542602539062,-65.9697265625,16.6908016204834,-27.051376342773438,-25.95119857788086,8.464195251464844,-16.88372802734375,13.275859832763672,1.8160438537597656,-5.123870849609375,15.38679313659668,-20.373001098632812,14.228256225585938,-61.83042907714844,20.876022338867188,-26.839569091796875,-31.036577224731445,16.734615325927734,-16.336868286132812,13.810897827148438,5.943615913391113,-4.265235900878906,16.3901424407959,-25.39016342163086,7.5055389404296875,-53.65177917480469,3.7506675720214844,-14.745635986328125,-39.87001037597656,20.687236785888672,-15.220046997070312,6.360759735107422,7.448018550872803,-1.428924560546875,16.153900146484375,-30.214712142944336,4.0127410888671875,-46.24125289916992,2.5029945373535156,-5.175994873046875,-33.27943801879883,15.621919631958008,-10.102882385253906,1.6942214965820312,7.670267105102539,-3.5507125854492188,14.127958297729492
190287,1970-06-11 00:49:52,3.792142868041992,-0.3348541259765625,-47.5252799987793,-8.310050964355469,-11.37615966796875,-29.360517501831055,-15.381145477294922,-15.790534973144531,3.7083053588867188,-13.388082504272461,20.154922485351562,-65.97078704833984,16.65188217163086,-27.065231323242188,-25.961742401123047,8.464740753173828,-16.886825561523438,13.271568298339844,1.824563980102539,-5.120513916015625,15.38690185546875,-20.386638641357422,14.224258422851562,-61.82685089111328,20.833580017089844,-26.874282836914062,-31.035051345825195,16.739543914794922,-16.33232879638672,13.810298919677734,5.955829620361328,-4.2528839111328125,16.388919830322266,-25.405662536621094,7.507904052734375,-53.64411163330078,3.7285804748535156,-14.763595581054688,-39.86543273925781,20.678096771240234,-15.234832763671875,6.355060577392578,7.456462383270264,-1.4331741333007812,16.149627685546875,-30.22993278503418,4.0211029052734375,-46.23057556152344,2.4908714294433594,-5.181610107421875,-33.27947235107422,15.613140106201172,-10.117500305175781,1.6878776550292969,7.674104690551758,-3.5592422485351562,14.123727798461914
190295,1970-06-11 00:51:01,3.594728469848633,-0.6054534912109375,-47.537940979003906,-8.122503280639648,-11.199737548828125,-29.480581283569336,-15.414214134216309,-15.789955139160156,3.5709266662597656,-13.311383247375488,20.199630737304688,-65.9726333618164,16.63791275024414,-27.063827514648438,-25.97216796875,8.443656921386719,-16.902618408203125,13.264877319335938,1.8122444152832031,-5.1297149658203125,15.385293960571289,-20.319602966308594,14.274307250976562,-61.837379455566406,20.789745330810547,-26.88568115234375,-31.054555892944336,16.749862670898438,-16.343055725097656,13.785072326660156,5.974321365356445,-4.2581024169921875,16.380834579467773,-25.352519989013672,7.5593719482421875,-53.662017822265625,3.7700347900390625,-14.748031616210938,-39.86729431152344,20.65094757080078,-15.25726318359375,6.389442443847656,7.424252986907959,-1.4426193237304688,16.163619995117188,-30.186670303344727,4.074127197265625,-46.25419616699219,2.5143890380859375,-5.1697235107421875,-33.2795524597168,15.601232528686523,-10.134178161621094,1.6978721618652344,7.657487869262695,-3.5727462768554688,14.12933349609375
190302,1970-06-11 00:52:02,2.98590087890625,-1.4416961669921875,-47.56207275390625,-7.305896759033203,-10.4801025390625,-29.95505714416504,-15.498991012573242,-15.90716552734375,2.532848358154297,-13.21379566192627,20.241058349609375,-65.97955322265625,16.64824867248535,-27.05657958984375,-25.97308349609375,8.42153549194336,-16.915237426757812,13.262859344482422,1.7936649322509766,-5.138641357421875,15.384496688842773,-20.231098175048828,14.318145751953125,-61.85626220703125,20.938169479370117,-27.0966796875,-30.770153045654297,16.682889938354492,-16.126121520996094,14.117759704589844,5.854498863220215,-4.028900146484375,16.48175811767578,-25.278789520263672,7.6023406982421875,-53.69072341918945,3.8381080627441406,-14.719635009765625,-39.87128829956055,20.6230411529541,-15.271614074707031,6.445064544677734,7.371922016143799,-1.4439239501953125,16.18743896484375,-30.12466812133789,4.1165008544921875,-46.29085159301758,2.5489463806152344,-5.1592254638671875,-33.2785530090332,15.593854904174805,-10.142082214355469,1.7183647155761719,7.632946014404297,-3.5766830444335938,14.141613006591797
190307,1970-06-11 00:53:03,2.731962203979492,-1.8290557861328125,-47.56401824951172,-6.878351211547852,-10.121612548828125,-30.178720474243164,-15.526025772094727,-15.971099853515625,1.8810577392578125,-13.078533172607422,20.22161865234375,-66.01245880126953,16.66425323486328,-27.05010986328125,-25.969562530517578,8.413146018981934,-16.93951416015625,13.2371826171875,1.7896156311035156,-5.168182373046875,15.375068664550781,-20.106830596923828,14.304214477539062,-61.899986267089844,21.083009719848633,-27.22906494140625,-30.553627014160156,16.59158706665039,-16.013229370117188,14.35190200805664,5.73758602142334,-3.9030532836914062,16.553001403808594,-25.173564910888672,7.5944976806640625,-53.74125289916992,3.9177398681640625,-14.718170166015625,-39.86408996582031,20.593921661376953,-15.284507751464844,6.507289886474609,7.320344924926758,-1.4394912719726562,16.211219787597656,-30.035266876220703,4.1143035888671875,-46.34910583496094,2.5926246643066406,-5.182525634765625,-33.27155685424805,15.58845329284668,-10.143943786621094,1.7559623718261719,7.601999282836914,-3.5611724853515625,14.162185668945312
190314,1970-06-11 00:54:04,2.230195999145508,-2.3780059814453125,-47.565914154052734,-6.096170425415039,-9.36248779296875,-30.589126586914062,-15.48483657836914,-16.120620727539062,-0.13238143920898438,-12.895751953125,20.03082275390625,-66.10652160644531,16.642486572265625,-27.09625244140625,-25.935401916503906,8.431437492370605,-17.033599853515625,13.104141235351562,1.8510093688964844,-5.3070831298828125,15.320381164550781,-19.943933486938477,14.1396484375,-61.99043273925781,21.23843002319336,-27.488967895507812,-30.211328506469727,16.48862648010254,-15.932571411132812,14.558849334716797,5.66446590423584,-3.8236312866210938,16.59666633605957,-25.04094123840332,7.465728759765625,-53.82119369506836,3.9818344116210938,-14.817901611328125,-39.82076644897461,20.54119873046875,-15.313552856445312,6.604907989501953,7.265249252319336,-1.4081573486328125,16.238739013671875,-29.92531394958496,4.018463134765625,-46.42856979370117,2.6191177368164062,-5.313629150390625,-33.24879455566406,15.57411003112793,-10.154754638671875,1.819580078125,7.571628570556641,-3.5068817138671875,14.191970825195312
190321,1970-06-11 00:55:04,2.0031166076660156,-2.6243743896484375,-47.56306457519531,-5.507606506347656,-8.769302368164062,-30.875225067138672,-15.302932739257812,-16.118331909179688,-2.385692596435547,-12.750198364257812,19.928054809570312,-66.16578674316406,16.641355514526367,-27.197662353515625,-25.82977294921875,8.401498794555664,-17.0994873046875,13.037384033203125,1.874502182006836,-5.413238525390625,15.28033447265625,-19.8177547454834,14.060760498046875,-62.0488166809082,21.354555130004883,-27.72979736328125,-29.90786361694336,16.42619514465332,-15.899253845214844,14.665454864501953,5.660316467285156,-3.8140945434570312,16.60027503967285,-24.94207191467285,7.4144134521484375,-53.874168395996094,4.042606353759766,-14.881210327148438,-39.79102325439453,20.481632232666016,-15.349365234375,6.706001281738281,7.1993231773376465,-1.38482666015625,16.27007293701172,-29.84539031982422,3.9927215576171875,-46.482200622558594,2.627490997314453,-5.398773193359375,-33.23441696166992,15.554954528808594,-10.176216125488281,1.8630180358886719,7.544918060302734,-3.4760513305664062,14.213764190673828
190326,1970-06-11 00:55:48,2.0158119201660156,-2.666473388671875,-47.560184478759766,-5.385326385498047,-8.665496826171875,-30.926063537597656,-15.090896606445312,-16.01470184326172,-3.9327049255371094,-12.694971084594727,19.88726806640625,-66.18867492675781,16.626916885375977,-27.266067504882812,-25.766860961914062,8.40588092803955,-17.152847290039062,12.96426773071289,1.9195556640625,-5.5084228515625,15.240671157836914,-19.772281646728516,14.033279418945312,-62.069541931152344,21.39938735961914,-27.8712158203125,-29.743927001953125,16.418148040771484,-15.892005920410156,14.682296752929688,5.697207450866699,-3.8323745727539062,16.583436965942383,-24.909137725830078,7.4011383056640625,-53.89122772216797,4.085254669189453,-14.918014526367188,-39.77288055419922,20.444625854492188,-15.367652893066406,6.776679992675781,7.154813766479492,-1.3683395385742188,16.291091918945312,-29.820247650146484,3.9926300048828125,-46.49834442138672,2.626148223876953,-5.441650390625,-33.2275276184082,15.542951583862305,-10.190635681152344,1.8842697143554688,7.531988143920898,-3.4622802734375,14.223974227905273
190334,1970-06-11 00:56:57,2.04095458984375,-2.7340850830078125,-47.555274963378906,-5.364406585693359,-8.686492919921875,-30.923810958862305,-14.990758895874023,-15.941413879394531,-4.562938690185547,-12.64514446258545,19.85308837890625,-66.2084732055664,16.60340118408203,-27.349655151367188,-25.693344116210938,8.485099792480469,-17.248367309570312,12.78466796875,2.0576400756835938,-5.7039337158203125,15.150474548339844,-19.730520248413086,14.009674072265625,-62.088157653808594,21.485939025878906,-28.035400390625,-29.526426315307617,16.434314727783203,-15.902397155761719,14.652938842773438,5.782354354858398,-3.901336669921875,16.53782081604004,-24.87801742553711,7.3889923095703125,-53.90727233886719,4.165771484375,-14.964981079101562,-39.74687957763672,20.407733917236328,-15.372711181640625,6.8756561279296875,7.096339702606201,-1.3425140380859375,16.318790435791016,-29.79597282409668,3.991119384765625,-46.514034271240234,2.6311721801757812,-5.5048980712890625,-33.216712951660156,15.537878036499023,-10.192291259765625,1.9168548583984375,7.519599914550781,-3.4330215454101562,14.237617492675781
190341,1970-06-11 00:57:58,2.1027164459228516,-2.8818359375,-47.54385757446289,-5.439085006713867,-8.894012451171875,-30.85169219970703,-15.042816162109375,-15.980941772460938,-4.2420501708984375,-12.621905326843262,19.715545654296875,-66.25399017333984,16.61434555053711,-27.43243408203125,-25.59783172607422,8.587674140930176,-17.289947509765625,12.659408569335938,2.1903324127197266,-5.8339996337890625,15.082185745239258,-19.706274032592773,13.876510620117188,-62.12574768066406,21.58837890625,-28.139053344726562,-29.35258674621582,16.477210998535156,-15.939788818359375,14.56386947631836,5.888326644897461,-4.0081329345703125,16.474769592285156,-24.854427337646484,7.269256591796875,-53.934425354003906,4.19659423828125,-15.032562255859375,-39.71812438964844,20.409339904785156,-15.3505859375,6.920204162597656,7.082402229309082,-1.30682373046875,16.327743530273438,-29.77434539794922,3.88336181640625,-46.53699493408203,2.6412124633789062,-5.5814666748046875,-33.20313262939453,15.545818328857422,-10.174507141113281,1.9467887878417969,7.516633987426758,-3.3904953002929688,14.249368667602539
190347,1970-06-11 00:58:50,2.0831127166748047,-2.9282073974609375,-47.54188537597656,-5.39423942565918,-8.8656005859375,-30.86773681640625,-15.047906875610352,-15.983505249023438,-4.214286804199219,-12.60358715057373,19.68597412109375,-66.26627349853516,16.58869171142578,-27.450851440429688,-25.59473419189453,8.669458389282227,-17.349533081054688,12.521392822265625,2.299325942993164,-5.957916259765625,15.017385482788086,-19.689706802368164,13.849822998046875,-62.136959075927734,21.611431121826172,-28.173736572265625,-29.302330017089844,16.517547607421875,-16.00324249267578,14.448127746582031,5.979613304138184,-4.1146697998046875,16.415517807006836,-24.840675354003906,7.247100830078125,-53.94374084472656,4.220485687255859,-15.050216674804688,-39.708900451660156,20.400455474853516,-15.347251892089844,6.953727722167969,7.062234401702881,-1.2926177978515625,16.337604522705078,-29.762794494628906,3.8653564453125,-46.54588317871094,2.6326065063476562,-5.6241912841796875,-33.19660568237305,15.550806045532227,-10.163948059082031,1.9620208740234375,7.516115188598633,-3.3631591796875,14.25611686706543
190355,1970-06-11 00:59:59,1.9558124542236328,-3.006103515625,-47.54243469238281,-5.063997268676758,-8.504104614257812,-31.024986267089844,-14.868703842163086,-15.884414672851562,-5.126323699951172,-12.577219009399414,19.722930908203125,-66.26029205322266,16.537109375,-27.443511962890625,-25.635944366455078,8.765084266662598,-17.42047119140625,12.355236053466797,2.4236831665039062,-6.094268798828125,14.942926406860352,-19.667009353637695,13.887939453125,-62.13563919067383,21.615680694580078,-28.170974731445312,-29.30184555053711,16.562175750732422,-16.114097595214844,14.272758483886719,6.089127540588379,-4.2727203369140625,16.334688186645508,-24.823074340820312,7.2836151123046875,-53.946929931640625,4.266998291015625,-15.041030883789062,-39.70741271972656,20.381996154785156,-15.351089477539062,6.9992218017578125,7.026736736297607,-1.287841796875,16.35327911376953,-29.7486572265625,3.9005279541015625,-46.55198669433594,2.6125411987304688,-5.6683502197265625,-33.19068145751953,15.559764862060547,-10.147598266601562,1.9755592346191406,7.519702911376953,-3.3303451538085938,14.26192855834961
190363,1970-06-11 01:01:09,1.8789138793945312,-2.825408935546875,-47.55661392211914,-4.886499404907227,-8.179290771484375,-31.14056968688965,-14.500373840332031,-15.668388366699219,-6.6266937255859375,-12.542768478393555,19.69500732421875,-66.2751235961914,16.443992614746094,-27.53997802734375,-25.59235382080078,8.881725311279297,-17.365859985351562,12.348796844482422,2.545473098754883,-6.061737060546875,14.935914993286133,-19.637861251831055,13.867156982421875,-62.149497985839844,21.672470092773438,-28.276840209960938,-29.15757179260254,16.550100326538086,-16.089263916015625,14.314720153808594,6.101240158081055,-4.2680511474609375,16.331388473510742,-24.801036834716797,7.2708740234375,-53.958778381347656,4.274570465087891,-15.050537109375,-39.70299530029297,20.363866806030273,-15.366462707519531,7.018226623535156,7.011561870574951,-1.28662109375,16.359886169433594,-29.731273651123047,3.8952484130859375,-46.563533782958984,2.598926544189453,-5.7160186767578125,-33.18357467651367,15.559814453125,-10.144828796386719,1.9893646240234375,7.519474029541016,-3.3059844970703125,14.267717361450195
190370,1970-06-11 01:02:09,2.0515708923339844,-2.4259185791015625,-47.571533203125,-5.583215713500977,-8.75421142578125,-30.865924835205078,-14.901168823242188,-15.939117431640625,-4.855052947998047,-12.490167617797852,19.627105712890625,-66.3051986694336,16.397424697875977,-27.668701171875,-25.483165740966797,8.95679759979248,-17.26226806640625,12.439495086669922,2.610637664794922,-5.955963134765625,14.967187881469727,-19.589885711669922,13.805801391601562,-62.17829513549805,21.732362747192383,-28.362533569335938,-29.02947998046875,16.520275115966797,-16.042091369628906,14.401847839355469,6.072653770446777,-4.223411560058594,16.3536319732666,-24.760784149169922,7.219879150390625,-53.984107971191406,4.271884918212891,-15.045074462890625,-39.705360412597656,20.3488826751709,-15.386138916015625,7.018581390380859,7.001165390014648,-1.2914047241210938,16.36396026611328,-29.697233200073242,3.8536834716796875,-46.588706970214844,2.5534439086914062,-5.760162353515625,-33.179473876953125,15.566112518310547,-10.136589050292969,1.9820365905761719,7.53278923034668,-3.2778549194335938,14.267183303833008
190377,1970-06-11 01:03:10,2.3481922149658203,-2.2349090576171875,-47.567169189453125,-6.173164367675781,-9.424072265625,-30.55475425720215,-15.37376594543457,-16.146713256835938,-1.6132774353027344,-12.402920722961426,19.505172729492188,-66.35753631591797,16.382680892944336,-27.745346069335938,-25.40921401977539,9.024060249328613,-17.168716430664062,12.520076751708984,2.6530208587646484,-5.8525390625,15.000494003295898,-19.505977630615234,13.687881469726562,-62.23072052001953,21.78399085998535,-28.40203857421875,-28.952049255371094,16.503765106201172,-16.002182006835938,14.465045928955078,6.043140411376953,-4.18072509765625,16.375518798828125,-24.685771942138672,7.113983154296875,-54.032501220703125,4.287784576416016,-15.050186157226562,-39.70170593261719,20.34203338623047,-15.388702392578125,7.032802581787109,6.981803894042969,-1.2799224853515625,16.37313461303711,-29.631412506103516,3.758514404296875,-46.63836669921875,2.5284996032714844,-5.8065032958984375,-33.173301696777344,15.576324462890625,-10.120681762695312,1.9831161499023438,7.5386810302734375,-3.2434844970703125,14.27192497253418
190384,1970-06-11 01:04:11,2.388162612915039,-2.298248291015625,-47.562164306640625,-6.200267791748047,-9.541656494140625,-30.512741088867188,-15.413141250610352,-16.167015075683594,-0.8571510314941406,-12.340147018432617,19.352432250976562,-66.4139404296875,16.357566833496094,-27.796875,-25.36902618408203,9.126423835754395,-17.06201171875,12.591556549072266,2.716339111328125,-5.733734130859375,15.035001754760742,-19.441680908203125,13.535369873046875,-62.28417205810547,21.834064483642578,-28.417373657226562,-28.899229049682617,16.500869750976562,-15.950782775878906,14.524993896484375,6.014172554016113,-4.126228332519531,16.39999008178711,-24.62432098388672,6.972442626953125,-54.0789680480957,4.276142120361328,-15.062149047851562,-39.698429107666016,20.353946685791016,-15.371864318847656,7.0351409912109375,6.9732208251953125,-1.2522506713867188,16.378929138183594,-29.5755558013916,3.62652587890625,-46.68424987792969,2.489490509033203,-5.8508148193359375,-33.16846466064453,15.593660354614258,-10.094322204589844,1.9812355041503906,7.546205520629883,-3.1986541748046875,14.278064727783203
190395,1970-06-11 01:05:46,2.407194137573242,-2.4568023681640625,-47.55327606201172,-6.054115295410156,-9.5260009765625,-30.546960830688477,-15.425338745117188,-16.17298126220703,-0.4070930480957031,-12.24237060546875,19.178573608398438,-66.48242950439453,16.31385612487793,-27.839599609375,-25.350322723388672,9.227448463439941,-16.939987182617188,12.682357788085938,2.768840789794922,-5.581146240234375,15.082763671875,-19.345626831054688,13.364883422851562,-62.35086441040039,21.844207763671875,-28.398696899414062,-28.909931182861328,16.480226516723633,-15.906227111816406,14.597103118896484,5.951537132263184,-4.0510101318359375,16.441537857055664,-24.53640365600586,6.817108154296875,-54.138694763183594,4.188972473144531,-15.086273193359375,-39.69855499267578,20.378849029541016,-15.351036071777344,7.008506774902344,6.983590126037598,-1.2073822021484375,16.377883911132812,-29.497394561767578,3.484588623046875,-46.74447250366211,2.42431640625,-5.894012451171875,-33.1656494140625,15.610389709472656,-10.070610046386719,1.9701385498046875,7.555063247680664,-3.1494140625,14.284326553344727
190416,1970-06-11 01:08:48,1.8586502075195312,-2.591766357421875,-47.57071304321289,-5.248355865478516,-8.5355224609375,-30.985702514648438,-15.185710906982422,-16.28624725341797,-1.9555435180664062,-12.610881805419922,19.427017211914062,-66.34126281738281,16.152353286743164,-27.632064819335938,-25.678688049316406,9.652158737182617,-16.761123657226562,12.603649139404297,3.0631656646728516,-5.417999267578125,15.085350036621094,-19.659948348999023,13.545059204101562,-62.21351623535156,21.93574333190918,-28.0855712890625,-29.145544052124023,16.527873992919922,-15.751449584960938,14.710639953613281,5.843945503234863,-3.9000778198242188,16.516456604003906,-24.776931762695312,6.9215850830078125,-54.0157585144043,3.926860809326172,-14.8231201171875,-39.82428741455078,20.548133850097656,-15.252029418945312,6.724609375,7.1239776611328125,-1.2371139526367188,16.315078735351562,-29.688690185546875,3.51885986328125,-46.62063217163086,2.24176025390625,-5.7391510009765625,-33.20562744140625,15.702285766601562,-9.952125549316406,1.8374710083007812,7.6518707275390625,-3.1282730102539062,14.237361907958984
190431,1970-06-11 01:10:58,1.8470191955566406,-2.62335205078125,-47.56943893432617,-5.243745803833008,-8.602432250976562,-30.967967987060547,-15.11381721496582,-16.353729248046875,-1.9493484497070312,-12.798548698425293,19.328994750976562,-66.33395385742188,16.163293838500977,-27.590988159179688,-25.715930938720703,9.842820167541504,-16.650970458984375,12.602195739746094,3.1870956420898438,-5.332794189453125,15.09004020690918,-19.81369400024414,13.41607666015625,-62.19268035888672,22.012779235839844,-27.986679077148438,-29.182565689086914,16.610992431640625,-15.645538330078125,14.730030059814453,5.856829643249512,-3.8282852172851562,16.528682708740234,-24.887392044067383,6.7731475830078125,-53.983787536621094,3.895008087158203,-14.846908569335938,-39.81855010986328,20.645179748535156,-15.143684387207031,6.672050476074219,7.182315826416016,-1.1902236938476562,16.29297637939453,-29.772287368774414,3.351409912109375,-46.57963943481445,2.2048721313476562,-5.7974853515625,-33.197959899902344,15.76287841796875,-9.858726501464844,1.822113037109375,7.704854965209961,-3.057830810546875,14.22408676147461
190444,1970-06-11 01:13:08,1.8437023162841797,-2.805694580078125,-47.55916213989258,-5.272089004516602,-8.797805786132812,-30.908206939697266,-15.050788879394531,-16.416168212890625,-1.9118804931640625,-12.895793914794922,19.12860107421875,-66.37319946289062,16.233137130737305,-27.58880615234375,-25.67424774169922,9.965156555175781,-16.551040649414062,12.637622833251953,3.2527637481689453,-5.2536163330078125,15.103797912597656,-19.88457679748535,13.194686889648438,-62.21742248535156,22.10272216796875,-27.939178466796875,-29.160093307495117,16.683944702148438,-15.539268493652344,14.76003646850586,5.870541572570801,-3.755035400390625,16.540618896484375,-24.927915573120117,6.5479888916015625,-53.99286651611328,3.932445526123047,-14.940567016601562,-39.779815673828125,20.72039794921875,-15.026596069335938,6.703525543212891,7.196460723876953,-1.1067886352539062,16.292613983154297,-29.796466827392578,3.1215362548828125,-46.58015441894531,2.20684814453125,-5.86468505859375,-33.1860237121582,15.808036804199219,-9.783157348632812,1.838134765625,7.722406387329102,-2.9856796264648438,14.229894638061523
190468,1970-06-11 01:16:36,1.9651260375976562,-3.5155487060546875,-47.50709533691406,-5.228124618530273,-9.23223876953125,-30.788740158081055,-15.243772506713867,-16.345497131347656,-0.3519630432128906,-12.319960594177246,18.28619384765625,-66.7191162109375,16.176074981689453,-28.01959228515625,-25.240081787109375,9.878376007080078,-16.393142700195312,12.90865707397461,3.19488525390625,-5.0226287841796875,15.194452285766602,-19.37010955810547,12.446929931640625,-62.53300094604492,21.929039001464844,-28.291854858398438,-28.95043182373047,16.62355613708496,-15.562530517578125,14.803596496582031,5.870512008666992,-3.6817550659179688,16.557092666625977,-24.507671356201172,5.94036865234375,-54.25489044189453,3.7477378845214844,-15.28802490234375,-39.66547393798828,20.624406814575195,-15.118133544921875,6.793121337890625,7.162832260131836,-0.9710235595703125,16.31607437133789,-29.447263717651367,2.6416473388671875,-46.831233978271484,2.107494354248047,-6.127777099609375,-33.144920349121094,15.74355697631836,-9.875587463378906,1.8963165283203125,7.664592742919922,-2.8856582641601562,14.281692504882812
190511,1970-06-11 01:22:49,1.793985366821289,-3.6669158935546875,-47.50242233276367,-4.226474761962891,-8.190093994140625,-31.23416519165039,-14.302013397216797,-16.018417358398438,-6.207630157470703,-11.438663482666016,17.756027221679688,-67.0185546875,16.218719482421875,-28.49432373046875,-24.67490005493164,9.641399383544922,-16.0892333984375,13.458492279052734,2.946531295776367,-4.5766448974609375,15.384340286254883,-18.57610321044922,12.0040283203125,-62.85964584350586,21.832666397094727,-28.608505249023438,-28.71109390258789,16.470930099487305,-15.557975769042969,14.977962493896484,5.750688552856445,-3.5578689575195312,16.626087188720703,-23.851947784423828,5.6092681884765625,-54.581382751464844,3.6736793518066406,-15.371536254882812,-39.640113830566406,20.462446212768555,-15.316642761230469,6.838100433349609,7.071358680725098,-0.9715194702148438,16.35589599609375,-28.897850036621094,2.412933349609375,-47.18449401855469,1.9074935913085938,-6.3425750732421875,-33.116615295410156,15.69964599609375,-9.950187683105469,1.8702545166015625,7.660722732543945,-2.7938079833984375,14.30201530456543
190520,1970-06-11 01:24:07,1.9514579772949219,-3.6254730224609375,-47.49939727783203,-4.133581161499023,-8.164215087890625,-31.253366470336914,-14.337635040283203,-16.026748657226562,-6.10308837890625,-11.182576179504395,17.718490600585938,-67.07169342041016,16.16382598876953,-28.44573974609375,-24.76681137084961,9.625349044799805,-16.094284057617188,13.463939666748047,2.9140281677246094,-4.533294677734375,15.403350830078125,-18.342771530151367,11.980484008789062,-62.9326171875,21.805267333984375,-28.647293090820312,-28.6932430267334,16.420936584472656,-15.5084228515625,15.083877563476562,5.670840263366699,-3.460601806640625,16.673974990844727,-23.656450271606445,5.6002960205078125,-54.667320251464844,3.7836647033691406,-15.394821166992188,-39.620731353759766,20.413448333740234,-15.347282409667969,6.915401458740234,7.01179313659668,-0.9741363525390625,16.381366729736328,-28.732412338256836,2.4174652099609375,-47.28518295288086,2.0029869079589844,-6.37481689453125,-33.10478210449219,15.679746627807617,-9.970260620117188,1.9293174743652344,7.610162734985352,-2.79052734375,14.329622268676758
190555,1970-06-11 01:29:20,6.427048683166504,5.584053039550781,-46.911155700683594,-9.827341079711914,-10.408164978027344,-29.250762939453125,-15.746877670288086,-15.779121398925781,1.6514167785644531,-6.722469806671143,30.14958953857422,-63.11431884765625,19.287845611572266,-28.69615936279297,-22.0982666015625,7.4443769454956055,-16.670494079589844,14.128944396972656,1.3603887557983398,-6.1283111572265625,15.063156127929688,-14.170129776000977,23.86988067626953,-60.58002471923828,27.229684829711914,-27.94689178466797,-24.43265151977539,12.713720321655273,-16.607192993164062,17.327552795410156,2.898803234100342,-5.386962890625,16.874042510986328,-20.045318603515625,16.154197692871094,-54.006797790527344,24.9166259765625,-22.82061004638672,-26.06723403930664,16.797996520996094,-13.839927673339844,15.045082092285156,5.637728214263916,-4.1060791015625,16.42618179321289,-25.60654067993164,11.73974609375,-47.684043884277344,6.9503936767578125,-3.0017013549804688,-32.91289138793945,15.636905670166016,-10.168167114257812,1.0384597778320312,8.27532958984375,-5.9443206787109375,12.931499481201172
190561,1970-06-11 01:30:29,11.736555099487305,18.3287353515625,-42.41999053955078,-2.2121143341064453,-7.043205261230469,-31.71772003173828,-10.149349212646484,-19.521465301513672,-3.9465103149414062,-2.5452957153320312,48.99046325683594,-50.309669494628906,32.38481140136719,-12.987434387207031,-21.59571075439453,9.291799545288086,-18.350616455078125,10.481826782226562,0.0031871795654296875,-10.760734558105469,12.268333435058594,-7.754325866699219,40.60235595703125,-52.26685333251953,39.93510055541992,-9.436538696289062,-20.870525360107422,13.426496505737305,-18.23798370361328,14.99288558959961,0.8292331695556641,-10.460113525390625,14.56207275390625,-11.926376342773438,29.79985809326172,-50.48997497558594,37.03382110595703,-5.498863220214844,-20.478702545166016,16.758769989013672,-13.910011291503906,15.024181365966797,3.4860610961914062,-8.593032836914062,15.246986389160156,-16.887413024902344,22.119647979736328,-47.88340759277344,28.33102798461914,2.496490478515625,-18.21255111694336,14.015830993652344,-7.432456970214844,9.863971710205078,4.736476898193359,-7.3796539306640625,13.933639526367188
