174012,1970-06-05 20:48:06,-12.508183479309082,-7.627281188964844,-45.370849609375,9.769137382507324,10.784812927246094,-29.133583068847656,13.829280853271484,13.061279296875,-11.739933013916016,-14.352676391601562,26.65740966796875,-63.411277770996094,32.03719711303711,-14.95928955078125,-20.82455825805664,10.00447940826416,-10.222564697265625,18.1207275390625,-1.4903316497802734,-2.6983642578125,16.025081634521484,-8.63825798034668,32.49662780761719,-57.53132629394531,31.721370697021484,-20.872116088867188,-26.029766082763672,8.73902702331543,-17.005157470703125,19.290813446044922,-2.479921340942383,-4.7846221923828125,17.12054443359375,-2.5162010192871094,35.58326721191406,-48.03131103515625,27.77281951904297,-20.787139892578125,-24.853248596191406,6.85615348815918,-19.195144653320312,16.870399475097656,-2.5639209747314453,-6.673736572265625,16.350868225097656,0.4474601745605469,38.7469482421875,-39.569664001464844,17.371952056884766,-16.340316772460938,-23.912063598632812,5.409444808959961,-15.584426879882812,8.766204833984375,-0.2597389221191406,-8.608306884765625,14.031013488769531
174034,1970-06-05 20:51:16,-18.37014389038086,16.681243896484375,-40.71140670776367,8.636955261230469,10.626220703125,-29.546579360961914,15.946088790893555,4.605316162109375,-14.972820281982422,-0.13302230834960938,42.502044677734375,-55.95681381225586,9.931777000427246,-21.367355346679688,-33.59494400024414,3.775195598602295,-20.119293212890625,10.67298698425293,-0.3216733932495117,-6.426055908203125,14.996932029724121,8.672490119934082,41.85394287109375,-51.12278366088867,7.311626434326172,-18.22698974609375,-41.638397216796875,-1.2461419105529785,-26.307418823242188,6.636882781982422,-2.6277520656585693,-9.947982788085938,14.70673942565918,16.35670280456543,38.139251708984375,-43.097129821777344,3.0594863891601562,-28.481353759765625,-31.631797790527344,-5.987548828125,-21.51226806640625,14.193033218383789,-4.347258567810059,-6.044708251953125,16.21808433532715,21.663400650024414,36.73493957519531,-35.33448791503906,-1.6216697692871094,-19.376068115234375,-27.613677978515625,-5.787332534790039,-15.521041870117188,8.636377334594727,-4.037181854248047,-6.562164306640625,14.549186706542969
174047,1970-06-05 20:53:09,-3.330476760864258,-6.241851806640625,-47.149681091308594,10.410260200500488,-8.41107177734375,-29.688282012939453,11.088603973388672,-6.8370208740234375,-18.16507911682129,-13.590173721313477,10.90692138671875,-68.0731430053711,-6.93743896484375,-3.6743621826171875,-40.276485443115234,-3.877349853515625,-4.332183837890625,-22.34165382385254,-2.7115936279296875,-4.1824798583984375,-15.538970947265625,-3.828723430633545,10.080307006835938,-65.75889587402344,1.424154281616211,5.1521453857421875,-45.72599411010742,0.4567744731903076,1.254913330078125,-27.127439498901367,0.11550545692443848,-0.0363922119140625,-17.948287963867188,5.573147773742676,8.40106201171875,-58.97345733642578,2.5459632873535156,-1.9004974365234375,-42.55613708496094,0.6987838745117188,-3.9879608154296875,-26.14725112915039,0.041156768798828125,-4.0312042236328125,-17.38421630859375,12.962718963623047,9.22576904296875,-53.04844284057617,-6.4449310302734375,-20.676345825195312,-25.913856506347656,-8.12606430053711,-16.530899047851562,-3.111186981201172,-7.924256324768066,-13.951988220214844,3.686178207397461
174068,1970-06-05 20:56:11,-1.6590404510498047,-11.94317626953125,-46.12757110595703,10.87840747833252,-11.140426635742188,-28.601839065551758,11.458918571472168,-8.273635864257812,-17.317970275878906,-13.546008110046387,2.061187744140625,-68.91925048828125,-7.061662673950195,-1.5841217041015625,-40.39118194580078,-3.9243240356445312,-2.4159393310546875,-22.6210994720459,-2.7387466430664062,-2.545074462890625,-15.884811401367188,-3.775283098220825,2.027099609375,-66.49919128417969,-0.29920387268066406,3.183349609375,-45.92620086669922,-0.3472762107849121,0.80078125,-27.146265029907227,-0.3205404281616211,-0.0475311279296875,-17.945770263671875,5.641750335693359,1.65679931640625,-59.539337158203125,2.9993982315063477,-2.69891357421875,-42.48338317871094,1.3628292083740234,-3.6925048828125,-26.164461135864258,0.6556606292724609,-3.5347747802734375,-17.47966766357422,12.926990509033203,3.5622406005859375,-53.7353515625,-3.8070850372314453,-21.142379760742188,-26.0592098236084,-6.711614608764648,-17.10857391357422,-3.3516786098480225,-7.008292198181152,-14.398727416992188,3.8210389614105225
174078,1970-06-05 20:57:38,-1.5451927185058594,-14.3643798828125,-45.43590545654297,11.141140937805176,-12.554069519042969,-27.906707763671875,11.576705932617188,-9.071464538574219,-16.83331298828125,-13.50279426574707,-1.329742431640625,-68.94572448730469,-7.368314743041992,-1.62847900390625,-40.33460235595703,-4.103187561035156,-2.3352813720703125,-22.59781837463379,-2.8689193725585938,-2.4434051513671875,-15.877803802490234,-3.733996629714966,-1.187896728515625,-66.52179718017578,-1.243044376373291,2.4312286376953125,-45.95631790161133,-0.9043359756469727,0.3219451904296875,-27.14332389831543,-0.6895084381103516,-0.3902587890625,-17.931201934814453,5.679508686065674,-1.166290283203125,-59.54737091064453,2.492738723754883,-2.6773529052734375,-42.517486572265625,1.1057806015014648,-3.5386962890625,-26.19782066345215,0.5095119476318359,-3.375213623046875,-17.516036987304688,12.948333740234375,1.059906005859375,-53.837730407714844,-3.290294647216797,-21.57648468017578,-25.772192001342773,-6.478706359863281,-17.253875732421875,-3.0517184734344482,-6.870586395263672,-14.354331970214844,4.21759033203125
174103,1970-06-05 21:01:15,-1.2575817108154297,-17.17613983154297,-44.45832824707031,11.524576187133789,-14.191200256347656,-26.950101852416992,12.177701950073242,-10.007179260253906,-15.850295066833496,-12.630172729492188,-6.0396881103515625,-68.85933685302734,-8.229499816894531,-1.069793701171875,-40.18650436401367,-4.593902587890625,-1.9865875244140625,-22.536653518676758,-3.2178993225097656,-2.1995697021484375,-15.846527099609375,-2.8945398330688477,-5.6153564453125,-66.33696746826172,-2.918260097503662,1.972686767578125,-45.90241241455078,-1.91107177734375,-0.1194610595703125,-27.09271240234375,-1.3650531768798828,-0.785675048828125,-17.87945556640625,6.430846214294434,-5.0156402587890625,-59.27051544189453,2.033013343811035,-2.2654876708984375,-42.56586456298828,0.8497858047485352,-3.30010986328125,-26.238481521606445,0.3477325439453125,-3.2469482421875,-17.54422378540039,13.601516723632812,-2.32666015625,-53.63645935058594,-1.8874187469482422,-20.860870361328125,-26.492233276367188,-5.850725173950195,-17.378311157226562,-3.570173978805542,-6.53870964050293,-14.533699035644531,4.129966735839844
174118,1970-06-05 21:03:42,-0.6618404388427734,-17.295372009277344,-44.424957275390625,10.858946800231934,-14.278427124023438,-27.17947006225586,13.070403099060059,-10.200302124023438,-14.99301528930664,-11.900260925292969,-7.0594940185546875,-68.892333984375,-8.466630935668945,-0.4747314453125,-40.14866256713867,-4.743858337402344,-1.6832275390625,-22.530282974243164,-3.3325347900390625,-2.0113372802734375,-15.847846984863281,-2.1909799575805664,-6.64569091796875,-66.2686767578125,-3.280557632446289,2.125640869140625,-45.87110900878906,-2.154526710510254,-0.1485748291015625,-27.074295043945312,-1.5421009063720703,-0.874359130859375,-17.86093521118164,7.058788776397705,-5.982757568359375,-59.109107971191406,2.460188865661621,-1.64208984375,-42.571937561035156,1.0908641815185547,-2.9807891845703125,-26.267770767211914,0.4942302703857422,-3.07861328125,-17.571029663085938,14.180984497070312,-3.2423095703125,-53.438480377197266,-1.9193286895751953,-20.662315368652344,-26.64510726928711,-5.927799224853516,-17.373809814453125,-3.463365077972412,-6.583133697509766,-14.43157958984375,4.40812349319458
174138,1970-06-05 21:06:35,1.1837005615234375,-17.760726928710938,-44.230079650878906,11.14455795288086,-14.913749694824219,-26.718772888183594,11.186306953430176,-10.771942138671875,-16.07805061340332,-10.78915023803711,-7.8079986572265625,-68.99446868896484,-8.317646026611328,-0.6688690185546875,-40.17702865600586,-4.727287292480469,-1.799591064453125,-22.524770736694336,-3.3599166870117188,-2.0982513427734375,-15.830787658691406,-1.1269221305847168,-7.7767333984375,-66.17216491699219,-3.2511348724365234,1.3378753662109375,-45.90293502807617,-2.240078926086426,-0.7894134521484375,-27.05624771118164,-1.6541433334350586,-1.3918914794921875,-17.81802749633789,7.994488716125488,-7.3916168212890625,-58.829917907714844,3.5273189544677734,-1.3894195556640625,-42.505836486816406,1.6659622192382812,-2.80645751953125,-26.256792068481445,0.8304119110107422,-2.9610443115234375,-17.578563690185547,15.114449501037598,-4.8647308349609375,-53.05819320678711,-2.6841049194335938,-20.731040954589844,-26.525386810302734,-6.683696746826172,-17.13538360595703,-3.269503116607666,-7.230083465576172,-14.04339599609375,4.642069339752197
174156,1970-06-05 21:09:12,-0.8542041778564453,-16.400100708007812,-44.75993728637695,9.628678321838379,-14.232658386230469,-27.66286277770996,7.296557426452637,-9.921882629394531,-18.654449462890625,-11.965306282043457,-6.05859375,-68.97631072998047,-9.498025894165039,0.1055755615234375,-39.91992950439453,-5.404930114746094,-1.3629913330078125,-22.402681350708008,-3.845447540283203,-1.7880706787109375,-15.758197784423828,-2.2599682807922363,-6.199676513671875,-66.30957794189453,-4.366891384124756,2.3509674072265625,-45.769447326660156,-2.9128713607788086,-0.1714935302734375,-27.003097534179688,-2.105409622192383,-0.9721221923828125,-17.798255920410156,6.980055809020996,-6.08782958984375,-59.107730865478516,2.8831787109375,-0.37542724609375,-42.57540512084961,1.2601604461669922,-2.125030517578125,-26.34325408935547,0.5543975830078125,-2.47503662109375,-17.66437530517578,14.218441009521484,-3.7759552001953125,-53.39346694946289,-3.9284591674804688,-21.311866760253906,-25.90267562866211,-7.023908615112305,-17.02582550048828,-3.1254920959472656,-7.343936920166016,-14.067916870117188,4.3817853927612305
174169,1970-06-05 21:11:13,0.4664878845214844,-17.028656005859375,-44.53035354614258,11.062829971313477,-14.229812622070312,-27.1226863861084,8.345695495605469,-9.888946533203125,-18.22718048095703,-10.754081726074219,-6.89947509765625,-69.09669494628906,-9.525190353393555,-0.1077117919921875,-39.9134521484375,-5.367301940917969,-1.292236328125,-22.41591453552246,-3.7908554077148438,-1.6296844482421875,-15.78857421875,-1.0888400077819824,-6.63128662109375,-66.29739379882812,-4.09567928314209,2.147430419921875,-45.80451202392578,-2.6435508728027344,-0.029815673828125,-27.031320571899414,-1.8692054748535156,-0.735076904296875,-17.835956573486328,8.038519859313965,-6.1057281494140625,-58.97126007080078,3.4396543502807617,-1.018341064453125,-42.523529052734375,1.7101020812988281,-2.4172515869140625,-26.292648315429688,0.9162235260009766,-2.6094818115234375,-17.629928588867188,15.097213745117188,-3.4712677001953125,-53.17244338989258,-3.0501670837402344,-22.345680236816406,-25.138486862182617,-6.360446929931641,-17.341392517089844,-2.7934985160827637,-6.851659774780273,-14.303825378417969,4.415322780609131
174182,1970-06-05 21:13:07,0.1288013458251953,-17.972511291503906,-44.160125732421875,11.762799263000488,-14.642127990722656,-26.60373306274414,9.701942443847656,-10.214241027832031,-17.35550308227539,-10.2786865234375,-7.40924072265625,-69.11626434326172,-9.739791870117188,0.467498779296875,-39.859031677246094,-5.473052978515625,-0.92523193359375,-22.408496856689453,-3.857177734375,-1.3506622314453125,-15.798843383789062,-0.6342425346374512,-6.9463043212890625,-66.27103424072266,-4.087464332580566,2.2615203857421875,-45.79975128173828,-2.6106691360473633,0.0674896240234375,-27.034448623657227,-1.8324708938598633,-0.65606689453125,-17.842845916748047,8.445075988769531,-6.216033935546875,-58.90287780761719,3.4297685623168945,-1.5977935791015625,-42.506500244140625,1.7377567291259766,-2.772552490234375,-26.255739212036133,0.9543437957763672,-2.8424072265625,-17.591854095458984,15.42398452758789,-3.423065185546875,-53.08170700073242,-2.652751922607422,-22.55743408203125,-24.994033813476562,-6.063323974609375,-17.47614288330078,-2.608323574066162,-6.59674072265625,-14.366828918457031,4.5953240394592285
174199,1970-06-05 21:15:33,1.3073482513427734,-17.72820281982422,-44.239646911621094,12.234894752502441,-14.385406494140625,-26.53076171875,10.711631774902344,-10.090972900390625,-16.82573127746582,-9.685848236083984,-7.9583740234375,-69.14083862304688,-9.658315658569336,0.545440673828125,-39.87786102294922,-5.4190216064453125,-0.863800048828125,-22.424074172973633,-3.814411163330078,-1.299346923828125,-15.813522338867188,-0.06816816329956055,-7.3779754638671875,-66.22737121582031,-3.9133338928222656,2.5478057861328125,-45.799930572509766,-2.4881982803344727,0.2956085205078125,-27.044466018676758,-1.7413997650146484,-0.4754638671875,-17.857688903808594,8.947919845581055,-6.5070037841796875,-58.79711151123047,2.9507503509521484,-1.0782470703125,-42.55876922607422,1.4571647644042969,-2.464324951171875,-26.30350685119629,0.7738609313964844,-2.6469268798828125,-17.631175994873047,15.854191780090332,-3.6050262451171875,-52.94272994995117,-2.1984119415283203,-21.948158264160156,-25.573862075805664,-5.814731597900391,-17.523529052734375,-2.845669746398926,-6.401744842529297,-14.450675964355469,4.608181953430176
174212,1970-06-05 21:17:26,1.8296279907226562,-18.89110565185547,-43.73698425292969,13.663919448852539,-14.974563598632812,-25.48673439025879,11.493402481079102,-10.370956420898438,-16.125041961669922,-9.425039291381836,-8.432693481445312,-69.12065124511719,-9.650863647460938,0.2760009765625,-39.88243865966797,-5.410671234130859,-0.995574951171875,-22.42062759399414,-3.806316375732422,-1.3808746337890625,-15.808563232421875,0.1804370880126953,-7.7916259765625,-66.17976379394531,-3.887618064880371,2.4775543212890625,-45.80597686767578,-2.4649810791015625,0.27911376953125,-27.04676628112793,-1.7218637466430664,-0.4735260009765625,-17.859634399414062,9.16830825805664,-6.834442138671875,-58.72597122192383,2.6655712127685547,-0.9546661376953125,-42.580535888671875,1.2899398803710938,-2.3798828125,-26.320011138916016,0.666351318359375,-2.58807373046875,-17.64429473876953,16.0426082611084,-3.865509033203125,-52.86753845214844,-1.5204963684082031,-20.51842498779297,-26.781696319580078,-5.592395782470703,-17.496437072753906,-3.4033541679382324,-6.276832580566406,-14.510932922363281,4.590625286102295
174227,1970-06-05 21:19:36,1.5832195281982422,-19.063575744628906,-43.67171096801758,13.645464897155762,-15.005630493164062,-25.478343963623047,11.890644073486328,-10.367759704589844,-15.836485862731934,-9.159215927124023,-8.563034057617188,-69.1403579711914,-9.841730117797852,-0.18634033203125,-39.83628845214844,-5.50848388671875,-1.2634429931640625,-22.383283615112305,-3.8696517944335938,-1.5727081298828125,-15.775230407714844,0.43274593353271484,-7.852996826171875,-66.17134094238281,-4.214129447937012,2.1453399658203125,-45.793861389160156,-2.649031639099121,0.08929443359375,-27.030654907226562,-1.8383893966674805,-0.5939483642578125,-17.844417572021484,9.391396522521973,-6.8268585205078125,-58.69158935546875,2.6111221313476562,-1.3517303466796875,-42.573158264160156,1.268198013305664,-2.6219482421875,-26.29805564880371,0.6589984893798828,-2.745574951171875,-17.620750427246094,16.22747039794922,-3.8050537109375,-52.81548309326172,-1.0909576416015625,-19.33831787109375,-27.666156768798828,-5.517915725708008,-17.533065795898438,-3.335725784301758,-6.172845840454102,-14.322975158691406,5.271438121795654
174244,1970-06-05 21:22:21,3.066255569458008,-18.85688018798828,-43.68250274658203,16.7897891998291,-14.703117370605469,-23.715717315673828,15.413986206054688,-9.835220336914062,-12.858830451965332,-8.279317855834961,-8.08331298828125,-69.30886840820312,-9.849658966064453,-0.0712127685546875,-39.83470153808594,-5.499626159667969,-1.1956024169921875,-22.389190673828125,-3.855632781982422,-1.5225067138671875,-15.783584594726562,1.269322395324707,-7.2804718017578125,-66.22603607177734,-4.175405502319336,2.3720703125,-45.786224365234375,-2.609771728515625,0.2425384521484375,-27.033531188964844,-1.8033838272094727,-0.4813385009765625,-17.85137939453125,10.13043212890625,-6.2079620361328125,-58.63737487792969,2.8117494583129883,-1.2178802490234375,-42.564414978027344,1.4096240997314453,-2.55908203125,-26.297046661376953,0.7638187408447266,-2.7120361328125,-17.621715545654297,16.862369537353516,-3.1525115966796875,-52.65934753417969,-0.7599124908447266,-18.427955627441406,-28.2915096282959,-5.438079833984375,-17.6171875,-3.0074446201324463,-6.0075225830078125,-14.054664611816406,6.116849899291992
174265,1970-06-05 21:25:23,3.7530746459960938,-19.003433227539062,-43.565223693847656,16.7643985748291,-14.86102294921875,-23.635116577148438,15.343953132629395,-9.9927978515625,-12.821040153503418,-7.584888458251953,-8.078399658203125,-69.38887023925781,-9.955638885498047,-0.15460205078125,-39.808109283447266,-5.5710906982421875,-1.202972412109375,-22.371118545532227,-3.9135360717773438,-1.504150390625,-15.77109146118164,1.9356904029846191,-7.3523712158203125,-66.20195770263672,-4.193361759185791,2.4447174072265625,-45.780765533447266,-2.62503719329834,0.335205078125,-27.03106117248535,-1.816248893737793,-0.39251708984375,-17.852249145507812,10.721574783325195,-6.34674072265625,-58.517295837402344,2.9049673080444336,-1.1685943603515625,-42.559539794921875,1.4530506134033203,-2.5159149169921875,-26.298851013183594,0.7850704193115234,-2.6764678955078125,-17.626216888427734,17.41273307800293,-3.3419647216796875,-52.468204498291016,-0.3551177978515625,-17.623245239257812,-28.807497024536133,-5.601230621337891,-17.58617401123047,-2.8871171474456787,-6.181730270385742,-13.719108581542969,6.679224014282227
174281,1970-06-05 21:27:41,3.895254135131836,-19.730506896972656,-43.22822189331055,15.120128631591797,-14.96124267578125,-24.65880584716797,15.045974731445312,-9.993247985839844,-13.169121742248535,-6.922883987426758,-8.3104248046875,-69.4306640625,-10.215814590454102,0.4158782958984375,-39.740264892578125,-5.710552215576172,-0.833648681640625,-22.35275650024414,-4.008304595947266,-1.2190704345703125,-15.771900177001953,2.5610337257385254,-7.4432830810546875,-66.1705551147461,-4.420748233795166,3.2350921630859375,-45.710289001464844,-2.740139961242676,0.8592071533203125,-27.008056640625,-1.882308006286621,-0.0180511474609375,-17.849708557128906,11.270977020263672,-6.2989501953125,-58.41912841796875,2.727248191833496,-0.9280242919921875,-42.57721710205078,1.3597345352172852,-2.4146270751953125,-26.313331604003906,0.7311973571777344,-2.6359710693359375,-17.63463592529297,17.87093734741211,-3.1884002685546875,-52.323490142822266,0.2725963592529297,-16.973548889160156,-29.195911407470703,-5.350446701049805,-17.670249938964844,-2.849193572998047,-6.011491775512695,-13.609725952148438,7.048205852508545
174298,1970-06-05 21:30:09,4.260496139526367,-19.644874572753906,-43.23276138305664,15.419611930847168,-15.007537841796875,-24.44428825378418,16.137195587158203,-9.890205383300781,-11.893144607543945,-6.592966079711914,-9.332870483398438,-69.33280181884766,-10.47233772277832,1.10150146484375,-39.66032409667969,-5.864143371582031,-0.453125,-22.32392692565918,-4.121849060058594,-0.9599456787109375,-15.76053237915039,2.875216484069824,-8.414413452148438,-66.04115295410156,-4.6236467361450195,4.07537841796875,-45.62294006347656,-2.855799674987793,1.427154541015625,-26.97200584411621,-1.9573631286621094,0.391876220703125,-17.83734130859375,11.548174858093262,-7.15301513671875,-58.2664680480957,2.341541290283203,-0.023651123046875,-42.61027145385742,1.112680435180664,-1.910491943359375,-26.366317749023438,0.5586338043212891,-2.339080810546875,-17.682758331298828,18.118391036987305,-3.950775146484375,-52.18620300292969,0.4437141418457031,-16.437881469726562,-29.498743057250977,-5.363584518432617,-17.706825256347656,-2.5852110385894775,-5.951147079467773,-13.286643981933594,7.686906814575195
174309,1970-06-05 21:31:44,4.275701522827148,-19.711074829101562,-43.20112228393555,15.426830291748047,-15.153297424316406,-24.34963035583496,16.079238891601562,-10.036636352539062,-11.84887981414795,-6.525150299072266,-9.79998779296875,-69.27473449707031,-10.450414657592773,1.179443359375,-39.66386413574219,-5.859676361083984,-0.4172210693359375,-22.325796127319336,-4.123241424560547,-0.94091796875,-15.76131820678711,2.9422483444213867,-8.909027099609375,-65.97329711914062,-4.598913192749023,4.157562255859375,-45.618019104003906,-2.855375289916992,1.420379638671875,-26.972408294677734,-1.9650449752807617,0.354522705078125,-17.8372802734375,11.608640670776367,-7.6383056640625,-58.192806243896484,2.308222770690918,0.13275146484375,-42.61188888549805,1.0763664245605469,-1.8426361083984375,-26.37265396118164,0.5247669219970703,-2.3130340576171875,-17.68722152709961,18.185771942138672,-4.42767333984375,-52.124446868896484,0.5188827514648438,-15.882026672363281,-29.80048370361328,-5.471412658691406,-17.692214965820312,-2.45601749420166,-5.9779815673828125,-13.006843566894531,8.131752014160156
174335,1970-06-05 21:35:30,3.777040481567383,-19.989967346191406,-43.11936569213867,15.425264358520508,-15.704002380371094,-23.99915885925293,14.74014663696289,-10.686943054199219,-12.968778610229492,-6.193031311035156,-11.080337524414062,-69.11207580566406,-10.166288375854492,0.7276458740234375,-39.748477935791016,-5.720909118652344,-0.7099456787109375,-22.35437774658203,-4.03741455078125,-1.171295166015625,-15.768096923828125,3.2646007537841797,-10.297821044921875,-65.755615234375,-4.447588920593262,3.812408447265625,-45.66315460205078,-2.791388511657715,1.1935882568359375,-26.990089416503906,-1.9372472763061523,0.189971923828125,-17.84283447265625,11.895265579223633,-9.030059814453125,-57.93503189086914,2.200296401977539,-0.14532470703125,-42.617557525634766,0.9628324508666992,-2.055267333984375,-26.361328125,0.4214515686035156,-2.48223876953125,-17.667037963867188,18.48594856262207,-5.8192138671875,-51.881507873535156,0.7405490875244141,-15.399971008300781,-30.047786712646484,-5.823858261108398,-17.63616943359375,-2.0077383518218994,-6.206369400024414,-12.307594299316406,9.002439498901367
174348,1970-06-05 21:37:22,4.165857315063477,-19.26451873779297,-43.41276931762695,14.684501647949219,-15.429862976074219,-24.633283615112305,15.64614200592041,-10.594245910644531,-11.942873001098633,-5.913423538208008,-11.393569946289062,-69.08563232421875,-9.926942825317383,0.81011962890625,-39.807334899902344,-5.5948944091796875,-0.7016754150390625,-22.38650894165039,-3.9531593322753906,-1.189483642578125,-15.788074493408203,3.531886577606201,-10.654144287109375,-65.68499755859375,-4.262099742889404,3.8480072021484375,-45.6778564453125,-2.7025442123413086,1.1358184814453125,-27.001625061035156,-1.8900775909423828,0.1060943603515625,-17.84857940673828,12.130736351013184,-9.401412963867188,-57.82703399658203,2.1601734161376953,0.0761871337890625,-42.619789123535156,0.8999919891357422,-2.0308074951171875,-26.36544418334961,0.35689258575439453,-2.531829833984375,-17.661418914794922,18.711048126220703,-6.2017059326171875,-51.756351470947266,1.1374645233154297,-14.701057434082031,-30.383577346801758,-5.859308242797852,-17.594512939453125,-2.2548828125,-6.316186904907227,-12.224342346191406,9.039417266845703
174362,1970-06-05 21:39:24,4.419059753417969,-18.72087860107422,-43.62505340576172,13.243669509887695,-14.817352294921875,-25.798553466796875,14.855951309204102,-10.382888793945312,-13.083128929138184,-5.556987762451172,-11.459732055664062,-69.10427856445312,-10.0377197265625,1.3002471923828125,-39.76654052734375,-5.643802642822266,-0.4491424560546875,-22.380725860595703,-3.979228973388672,-1.028656005859375,-15.79281997680664,3.8667211532592773,-10.570693969726562,-65.67962646484375,-4.37979793548584,4.1090850830078125,-45.64397048950195,-2.764216423034668,1.228790283203125,-26.99130630493164,-1.9262781143188477,0.131378173828125,-17.844547271728516,12.424680709838867,-9.183700561523438,-57.79960250854492,1.986302375793457,0.26422119140625,-42.62749481201172,0.8050355911254883,-2.01806640625,-26.369489669799805,0.30000782012939453,-2.5816802978515625,-17.65526580810547,18.937721252441406,-5.881561279296875,-51.71125793457031,1.6862068176269531,-13.900955200195312,-30.732669830322266,-5.5755615234375,-17.68262481689453,-2.284902811050415,-6.103883743286133,-12.100967407226562,9.346056938171387
174374,1970-06-05 21:41:26,5.396785736083984,-19.377578735351562,-43.226478576660156,13.171207427978516,-15.019088745117188,-25.718868255615234,16.014863967895508,-10.335403442382812,-11.677999496459961,-5.40800666809082,-11.730545043945312,-69.07064819335938,-10.04672622680664,1.6136627197265625,-39.752784729003906,-5.651679992675781,-0.316131591796875,-22.381011962890625,-3.9858131408691406,-0.963592529296875,-15.79526138305664,4.008110046386719,-10.822677612304688,-65.63008880615234,-4.523188591003418,4.70098876953125,-45.57280731201172,-2.858264923095703,1.5368804931640625,-26.965715408325195,-1.9939985275268555,0.30767822265625,-17.834938049316406,12.549016952514648,-9.400115966796875,-57.7379150390625,1.9039344787597656,0.6073760986328125,-42.62774658203125,0.7379436492919922,-1.891510009765625,-26.38083267211914,0.24487590789794922,-2.5492095947265625,-17.660831451416016,19.04758071899414,-6.070556640625,-51.649024963378906,1.9475326538085938,-13.579238891601562,-30.860790252685547,-5.523445129394531,-17.68549346923828,-2.3870255947113037,-6.11622428894043,-12.06939697265625,9.378755569458008
174382,1970-06-05 21:42:35,5.358236312866211,-19.950408935546875,-42.969932556152344,12.712396621704102,-15.431755065917969,-25.7054386138916,15.812301635742188,-10.686080932617188,-11.63833236694336,-5.411417007446289,-12.330886840820312,-68.96572875976562,-10.008756637573242,1.631134033203125,-39.76164627075195,-5.649547576904297,-0.30938720703125,-22.38164520263672,-3.995899200439453,-0.9621124267578125,-15.792800903320312,4.008432388305664,-11.518768310546875,-65.51148223876953,-4.498064041137695,4.90228271484375,-45.55408477783203,-2.855790138244629,1.7036895751953125,-26.955951690673828,-2.000046730041504,0.4428558349609375,-17.831417083740234,12.550089836120605,-10.136398315429688,-57.61297607421875,1.9045686721801758,0.888580322265625,-42.62278747558594,0.7122526168823242,-1.6865692138671875,-26.395431518554688,0.2116689682006836,-2.4007720947265625,-17.682048797607422,19.079938888549805,-6.836944580078125,-51.54121017456055,1.9006328582763672,-13.795372009277344,-30.767709732055664,-5.715822219848633,-17.6212158203125,-2.409350872039795,-6.316730499267578,-12.020851135253906,9.307941436767578
174392,1970-06-05 21:44:02,6.116090774536133,-20.021461486816406,-42.835487365722656,12.970972061157227,-15.3287353515625,-25.6378173828125,16.20819091796875,-10.505821228027344,-11.25141429901123,-5.035892486572266,-12.8330078125,-68.90254211425781,-10.102283477783203,2.4035491943359375,-39.698753356933594,-5.6975860595703125,0.099090576171875,-22.37138557434082,-4.02655029296875,-0.6964111328125,-15.798969268798828,4.3621826171875,-11.88812255859375,-65.42283630371094,-4.539641380310059,5.446136474609375,-45.488136291503906,-2.8770751953125,1.9802093505859375,-26.93478775024414,-2.0126562118530273,0.5955047607421875,-17.825546264648438,12.860591888427734,-10.35504150390625,-57.505523681640625,1.9787378311157227,1.04168701171875,-42.615936279296875,0.7766647338867188,-1.635986328125,-26.396799087524414,0.26447200775146484,-2.3954620361328125,-17.68206024169922,19.330928802490234,-6.9403533935546875,-51.43375778198242,2.164213180541992,-14.002204895019531,-30.656665802001953,-5.504934310913086,-17.70378875732422,-2.292248010635376,-6.2093658447265625,-12.022918701171875,9.3772611618042
174405,1970-06-05 21:45:54,5.303415298461914,-20.709930419921875,-42.61593246459961,12.023364067077637,-15.814811706542969,-25.803956985473633,16.136810302734375,-10.846534729003906,-11.02851676940918,-5.12126350402832,-13.698867797851562,-68.72932434082031,-10.061220169067383,2.25384521484375,-39.717960357666016,-5.690055847167969,0.0159759521484375,-22.37351417541504,-4.030792236328125,-0.7557525634765625,-15.795158386230469,4.283771514892578,-12.808029174804688,-65.2541732788086,-4.441183090209961,5.4414520263671875,-45.4984130859375,-2.842771530151367,1.930084228515625,-26.942068099975586,-2.0038986206054688,0.5323333740234375,-17.828529357910156,12.792160987854004,-11.2601318359375,-57.35047912597656,1.9958038330078125,1.2413482666015625,-42.60979461669922,0.7441387176513672,-1.597808837890625,-26.400075912475586,0.21628475189208984,-2.4255523681640625,-17.678607940673828,19.294111251831055,-7.833892822265625,-51.319114685058594,2.119344711303711,-14.321563720703125,-30.51192855834961,-5.668790817260742,-17.670333862304688,-2.146436929702759,-6.354997634887695,-11.867424011230469,9.477231979370117
174421,1970-06-05 21:48:13,5.403232574462891,-20.949691772460938,-42.486000061035156,11.532358169555664,-15.987968444824219,-25.921100616455078,17.364086151123047,-10.777275085449219,-9.055984497070312,-5.101129531860352,-14.038177490234375,-68.66232299804688,-9.806015014648438,2.2444305419921875,-39.78226852416992,-5.563179016113281,-0.0386505126953125,-22.405372619628906,-3.9508018493652344,-0.825103759765625,-15.8118896484375,4.304597854614258,-13.242294311523438,-65.16606140136719,-4.213838577270508,5.3591156005859375,-45.52980041503906,-2.731684684753418,1.8442230224609375,-26.959569931030273,-1.9438447952270508,0.453399658203125,-17.837360382080078,12.809708595275879,-11.75244140625,-57.24768829345703,2.0709753036499023,1.235565185546875,-42.60637283325195,0.750432014465332,-1.64398193359375,-26.397062301635742,0.1967325210571289,-2.4830474853515625,-17.670856475830078,19.336711883544922,-8.370819091796875,-51.21821212768555,2.183582305908203,-14.208236694335938,-30.56034278869629,-5.841548919677734,-17.606605529785156,-2.206033706665039,-6.529901504516602,-11.760597229003906,9.491497039794922
174436,1970-06-05 21:50:30,5.424404144287109,-20.83049774169922,-42.541866302490234,10.601177215576172,-16.181060791015625,-26.197370529174805,16.047443389892578,-11.787826538085938,-10.15868091583252,-5.40070915222168,-13.9915771484375,-68.64892578125,-9.110092163085938,2.3026580810546875,-39.944061279296875,-5.239124298095703,-0.067047119140625,-22.483285903930664,-3.7625961303710938,-0.8807830810546875,-15.854736328125,4.012068748474121,-13.670623779296875,-65.09624481201172,-3.637838363647461,5.4315032958984375,-45.57086944580078,-2.4680347442626953,1.8629150390625,-26.98369598388672,-1.8138866424560547,0.4516448974609375,-17.851089477539062,12.534332275390625,-12.594940185546875,-57.12936782836914,2.4575281143188477,1.5064697265625,-42.57710266113281,0.8623647689819336,-1.4616851806640625,-26.404367446899414,0.19700908660888672,-2.3575897216796875,-17.688026428222656,19.19045639038086,-9.5343017578125,-51.06963348388672,1.5435562133789062,-14.872756958007812,-30.281936645507812,-6.624763488769531,-17.28252410888672,-2.5317270755767822,-7.26268196105957,-11.823951721191406,8.859307289123535
174458,1970-06-05 21:53:34,6.025012969970703,-20.657737731933594,-42.54529571533203,11.152400970458984,-16.03626251220703,-26.057167053222656,14.813051223754883,-11.744232177734375,-11.929736137390137,-4.821413040161133,-13.970718383789062,-68.6962890625,-8.614826202392578,1.9335784912109375,-40.07331085205078,-4.946170806884766,-0.3317718505859375,-22.547204971313477,-3.5464134216308594,-1.100311279296875,-15.89080810546875,4.564757347106934,-13.560073852539062,-65.08296203613281,-3.031771659851074,5.2549591064453125,-45.63587188720703,-2.105802536010742,1.69781494140625,-27.025257110595703,-1.571889877319336,0.3080291748046875,-17.877079010009766,13.024690628051758,-12.408294677734375,-57.060482025146484,2.792398452758789,1.3556060791015625,-42.5615234375,1.0735435485839844,-1.6397857666015625,-26.386159896850586,0.3406991958618164,-2.5230560302734375,-17.662994384765625,19.6110897064209,-9.2882080078125,-50.9550666809082,1.5883312225341797,-15.701042175292969,-29.858518600463867,-6.226066589355469,-17.309608459472656,-3.255201816558838,-7.24445915222168,-12.724052429199219,7.527020454406738
174475,1970-06-05 21:56:01,5.335689544677734,-20.735687255859375,-42.5993766784668,11.120622634887695,-16.04742431640625,-26.063875198364258,13.207630157470703,-11.622955322265625,-13.789034843444824,-4.287569046020508,-13.967071533203125,-68.73240661621094,-8.21558952331543,1.4768829345703125,-40.17645263671875,-4.693950653076172,-0.637847900390625,-22.594491958618164,-3.3510513305664062,-1.343658447265625,-15.914478302001953,5.074750900268555,-13.39495849609375,-65.07937622070312,-2.5586185455322266,4.9567718505859375,-45.69817352294922,-1.811269760131836,1.4467926025390625,-27.061182022094727,-1.3682193756103516,0.1003570556640625,-17.896190643310547,13.47952651977539,-12.103805541992188,-57.020233154296875,3.0014915466308594,1.118927001953125,-42.554176330566406,1.2491683959960938,-1.78997802734375,-26.368663787841797,0.4855527877807617,-2.6224517822265625,-17.645118713378906,19.984210968017578,-8.875350952148438,-50.883628845214844,1.6143417358398438,-16.66564178466797,-29.329633712768555,-5.832902908325195,-17.40399169921875,-3.4729104042053223,-7.045812606811523,-13.259040832519531,6.752344131469727
174502,1970-06-05 22:00:13,5.012823104858398,-21.527015686035156,-42.24457550048828,11.103937149047852,-16.42529296875,-25.834598541259766,12.82476806640625,-11.700088500976562,-14.082086563110352,-4.061819076538086,-14.239120483398438,-68.6902847290039,-7.787881851196289,0.8479156494140625,-40.279701232910156,-4.427577972412109,-0.91339111328125,-22.638757705688477,-3.1487274169921875,-1.4879608154296875,-15.942928314208984,5.28989315032959,-13.541488647460938,-65.03190612792969,-2.271479606628418,4.2954559326171875,-45.78022384643555,-1.6055421829223633,1.1271514892578125,-27.089359283447266,-1.211465835571289,-0.06707763671875,-17.907634735107422,13.671825408935547,-12.122329711914062,-56.970489501953125,2.9983739852905273,0.2813873291015625,-42.568172454833984,1.2788934707641602,-2.3030853271484375,-26.327381134033203,0.5254173278808594,-2.9553680419921875,-17.591278076171875,20.131816864013672,-8.795318603515625,-50.83932113647461,2.7899913787841797,-14.997909545898438,-30.130643844604492,-5.426328659057617,-17.42273712158203,-3.99827241897583,-6.904441833496094,-13.282218933105469,6.852084159851074
174568,1970-06-05 22:09:45,4.7198944091796875,-21.303062438964844,-42.3915901184082,13.37332534790039,-16.720115661621094,-24.537845611572266,14.383949279785156,-11.653518676757812,-12.528746604919434,-3.877054214477539,-14.9794921875,-68.54334259033203,-7.379854202270508,1.0048065185546875,-40.352848052978516,-4.200984954833984,-0.93267822265625,-22.681114196777344,-2.9894943237304688,-1.5706329345703125,-15.965641021728516,5.464864730834961,-14.22991943359375,-64.8702392578125,-1.9134902954101562,4.6171875,-45.76526641845703,-1.4058942794799805,1.2468414306640625,-27.0952091217041,-1.0871391296386719,-0.03350830078125,-17.915706634521484,13.825420379638672,-12.713058471679688,-56.80442810058594,2.836719512939453,0.5206756591796875,-42.576995849609375,1.1320343017578125,-2.3616485595703125,-26.328916549682617,0.3978586196899414,-3.1174774169921875,-17.566627502441406,20.266136169433594,-9.311737060546875,-50.693782806396484,4.055458068847656,-13.459091186523438,-30.708030700683594,-5.450437545776367,-17.51171875,-3.551781177520752,-7.028474807739258,-12.398666381835938,8.24095630645752
174586,1970-06-05 22:12:21,4.663362503051758,-20.59149169921875,-42.74796676635742,12.594316482543945,-16.20172882080078,-25.286380767822266,14.581738471984863,-11.428627014160156,-12.507256507873535,-3.9446983337402344,-14.4161376953125,-68.66018676757812,-7.487861633300781,0.53466796875,-40.3419189453125,-4.250282287597656,-1.1595916748046875,-22.661457061767578,-3.017688751220703,-1.7026824951171875,-15.946784973144531,5.400961875915527,-13.66314697265625,-64.99732208251953,-1.9963607788085938,4.040008544921875,-45.8162841796875,-1.443373680114746,0.920867919921875,-27.106277465820312,-1.104360580444336,-0.234649658203125,-17.91314697265625,13.770313262939453,-12.183486938476562,-56.9337158203125,2.712656021118164,0.094696044921875,-42.588157653808594,1.066864013671875,-2.6121978759765625,-26.307966232299805,0.36309814453125,-3.268951416015625,-17.53982162475586,20.209442138671875,-8.81005859375,-50.80595779418945,4.254611968994141,-13.174049377441406,-30.804534912109375,-5.46014404296875,-17.536338806152344,-3.4127063751220703,-7.026121139526367,-12.206138610839844,8.525470733642578
174605,1970-06-05 22:15:06,4.903837203979492,-20.195823669433594,-42.909507751464844,11.782112121582031,-15.812110900878906,-25.916650772094727,15.505880355834961,-11.239791870117188,-11.528520584106445,-3.8851280212402344,-13.966110229492188,-68.75652313232422,-7.426979064941406,0.2552032470703125,-40.35590744018555,-4.212821960449219,-1.34759521484375,-22.658048629760742,-2.9889068603515625,-1.849853515625,-15.935810089111328,5.457352638244629,-13.2373046875,-65.08068084716797,-1.8760442733764648,3.5716552734375,-45.86025619506836,-1.3889398574829102,0.5344390869140625,-27.119489669799805,-1.0768556594848633,-0.5483551025390625,-17.90796661376953,13.8197021484375,-11.810638427734375,-57.000274658203125,2.791685104370117,-0.0635223388671875,-42.583106994628906,1.1232109069824219,-2.675933837890625,-26.299213409423828,0.4062213897705078,-3.2878570556640625,-17.535343170166016,20.2535400390625,-8.4775390625,-50.8449592590332,4.472787857055664,-12.928741455078125,-30.87747573852539,-5.497037887573242,-17.535972595214844,-3.3548622131347656,-7.080671310424805,-12.053543090820312,8.695745468139648
174621,1970-06-05 22:17:42,5.16094970703125,-19.984939575195312,-42.9780387878418,11.285604476928711,-15.6112060546875,-26.257173538208008,16.47062873840332,-11.129570007324219,-10.223652839660645,-3.8068199157714844,-13.664901733398438,-68.82139587402344,-7.255067825317383,-0.0867156982421875,-40.38787841796875,-4.121967315673828,-1.5985565185546875,-22.658445358276367,-2.927623748779297,-2.057861328125,-15.921676635742188,5.53118896484375,-13.0054931640625,-65.12117004394531,-1.709578514099121,3.229400634765625,-45.892127990722656,-1.3175725936889648,0.2256011962890625,-27.12738037109375,-1.0442590713500977,-0.809844970703125,-17.899978637695312,13.882929801940918,-11.660324096679688,-57.01585388183594,2.94378662109375,-0.1735382080078125,-42.57255554199219,1.1912612915039062,-2.7840423583984375,-26.284992218017578,0.4372987747192383,-3.3795623779296875,-17.517154693603516,20.321767807006836,-8.389755249023438,-50.83229446411133,4.708934783935547,-12.629890441894531,-30.96592903137207,-5.535373687744141,-17.484115600585938,-3.55641508102417,-7.202627182006836,-12.068763732910156,8.573620796203613
174639,1970-06-05 22:20:18,5.498804092407227,-20.05535125732422,-42.90327072143555,10.503376007080078,-15.447341918945312,-26.675317764282227,15.662829399108887,-11.256248474121094,-11.297999382019043,-3.2613086700439453,-13.6236572265625,-68.85758209228516,-6.885519027709961,-0.4010467529296875,-40.450626373291016,-3.9125709533691406,-1.8150482177734375,-22.679250717163086,-2.7786941528320312,-2.2315673828125,-15.924964904785156,6.047098159790039,-12.965118408203125,-65.0833511352539,-1.4495582580566406,2.9051361083984375,-45.92274475097656,-1.1729469299316406,-0.0192718505859375,-27.134946823120117,-0.9534244537353516,-0.999420166015625,-17.895465850830078,14.334386825561523,-11.623641967773438,-56.91154098510742,3.223896026611328,-0.3712921142578125,-42.550994873046875,1.3540229797363281,-2.945220947265625,-26.259532928466797,0.5403861999511719,-3.5061492919921875,-17.489376068115234,20.72370719909668,-8.355865478515625,-50.67535400390625,4.639303207397461,-13.787239074707031,-30.47893714904785,-6.078529357910156,-17.568862915039062,-1.8355660438537598,-7.344522476196289,-10.647682189941406,10.184531211853027
174650,1970-06-05 22:21:53,5.476099014282227,-19.920738220214844,-42.968841552734375,9.837060928344727,-15.145790100097656,-27.09891700744629,14.155820846557617,-11.170166015625,-13.21030044555664,-2.9320449829101562,-13.557662963867188,-68.88540649414062,-6.851423263549805,-0.5193328857421875,-40.45507049560547,-3.8723526000976562,-1.863037109375,-22.682262420654297,-2.7379989624023438,-2.253753662109375,-15.928886413574219,6.3586649894714355,-12.7830810546875,-65.08966064453125,-1.4703898429870605,2.718963623046875,-45.93347930908203,-1.1516103744506836,-0.0694122314453125,-27.13578224182129,-0.9201850891113281,-0.997100830078125,-17.89733123779297,14.60978889465332,-11.345840454101562,-56.89756774902344,3.2151193618774414,-0.597412109375,-42.54908752441406,1.3905153274536133,-3.0564117431640625,-26.244918823242188,0.5895938873291016,-3.5608978271484375,-17.47671890258789,20.94208526611328,-8.004348754882812,-50.64230728149414,4.734931945800781,-13.4122314453125,-30.631181716918945,-6.400794982910156,-17.550193786621094,-0.056754112243652344,-6.977762222290039,-8.590995788574219,12.187919616699219
174666,1970-06-05 22:24:12,6.927164077758789,-18.922378540039062,-43.20998764038086,10.859678268432617,-14.325172424316406,-27.154569625854492,14.16820240020752,-10.493202209472656,-13.741423606872559,-1.9379329681396484,-12.333816528320312,-69.15003967285156,-6.733686447143555,0.2932281494140625,-40.47710037231445,-3.7672195434570312,-1.303497314453125,-22.738954544067383,-2.641826629638672,-1.8003082275390625,-16.002662658691406,7.2931742668151855,-11.368804931640625,-65.25383758544922,-1.5895648002624512,4.3238525390625,-45.806297302246094,-1.1427688598632812,1.1278228759765625,-27.112794876098633,-0.8705291748046875,-0.0689849853515625,-17.92743682861328,15.427552223205566,-9.85382080078125,-56.959625244140625,3.549593925476074,0.387725830078125,-42.52491760253906,1.6873035430908203,-2.3933258056640625,-26.296306610107422,0.8389053344726562,-3.0893707275390625,-17.556060791015625,21.60692596435547,-6.4533538818359375,-50.584381103515625,5.630298614501953,-11.665924072265625,-31.189464569091797,-6.188070297241211,-17.615936279296875,0.607691764831543,-6.547281265258789,-7.2316741943359375,13.261817932128906
174680,1970-06-05 22:26:14,4.772983551025391,-19.52722930908203,-43.232521057128906,8.75909423828125,-14.487091064453125,-27.819358825683594,12.546050071716309,-10.539398193359375,-15.20492172241211,-3.6164779663085938,-12.986557006835938,-68.96287536621094,-7.0123443603515625,-1.428985595703125,-40.40556335449219,-3.850025177001953,-2.956512451171875,-22.56961441040039,-2.6466064453125,-3.35430908203125,-15.749588966369629,5.69931697845459,-11.820968627929688,-65.33212280273438,-3.1632776260375977,4.57098388671875,-45.700538635253906,-2.089052200317383,0.974853515625,-27.06228256225586,-1.503793716430664,-0.3457794189453125,-17.882244110107422,14.030075073242188,-10.085784912109375,-57.279502868652344,2.1622180938720703,0.507537841796875,-42.616729736328125,0.8424367904663086,-2.5201873779296875,-26.325077056884766,0.28069114685058594,-3.2906646728515625,-17.537277221679688,20.319730758666992,-6.517791748046875,-51.10685729980469,4.422399520874023,-12.67822265625,-30.988418579101562,-6.147956848144531,-17.486228942871094,2.3274993896484375,-5.718801498413086,-5.806396484375,14.304573059082031
174693,1970-06-05 22:28:06,3.0814743041992188,-36.96759033203125,-29.950729370117188,6.3036651611328125,-26.343734741210938,-18.07720947265625,8.909273147583008,-18.399246215820312,-9.042366027832031,-8.30911636352539,-40.45686340332031,-56.84898376464844,-1.1472930908203125,-21.792770385742188,-34.75030517578125,-1.6503143310546875,-16.78826141357422,-15.760135650634766,-1.6917953491210938,-13.901473999023438,-8.37807846069336,1.1006507873535156,-39.97052001953125,-53.30713653564453,-0.8171215057373047,-18.772987365722656,-42.027931213378906,-2.8044071197509766,-16.495223999023438,-21.394493103027344,-3.0708541870117188,-13.41650390625,-11.520545959472656,9.799057960510254,-36.84423828125,-46.108428955078125,0.14766940474510193,-17.918006896972656,-38.730369567871094,-2.413973808288574,-15.921829223632812,-20.993778228759766,-2.9833710193634033,-13.016616821289062,-11.83767318725586,16.909456253051758,-32.47483825683594,-41.55406188964844,0.8217792510986328,-22.874420166015625,-24.832687377929688,-9.59993839263916,-14.663162231445312,6.4665069580078125,-7.058951377868652,-0.7445831298828125,14.854515075683594
