195196,1970-06-11 19:01:34,-27.72435760498047,33.28764343261719,-19.910720825195312,-16.72130012512207,7.2295989990234375,-26.993423461914062,-6.08827018737793,-6.5150299072265625,-20.49779510498047,-15.358306884765625,46.892730712890625,-50.02800750732422,-20.132701873779297,13.028350830078125,-33.29804992675781,-20.538700103759766,-10.539947509765625,-0.1497802734375,-6.262799263000488,-10.713485717773438,10.597343444824219,-11.302082061767578,38.2989501953125,-53.347503662109375,-21.13711166381836,20.260147094726562,-35.52729034423828,-26.259435653686523,-6.8985748291015625,-0.730194091796875,-8.854180335998535,-10.822021484375,11.253578186035156,-6.8834075927734375,27.467628479003906,-52.703460693359375,-23.68490982055664,14.970428466796875,-32.18742370605469,-25.31396484375,-6.9173126220703125,3.3800277709960938,-8.39784049987793,-9.31524658203125,12.695114135742188,-1.3957977294921875,19.76671600341797,-51.71665954589844,-16.820045471191406,15.92584228515625,-24.57703399658203,-18.593326568603516,-1.140655517578125,1.4035720825195312,-10.663978576660156,-6.9683380126953125,10.428886413574219
195205,1970-06-11 19:02:53,-26.165691375732422,34.09861755371094,-20.63458251953125,-18.850875854492188,7.7669677734375,-25.39354705810547,-10.838491439819336,-3.0504913330078125,-19.310447692871094,-13.738822937011719,45.23942565917969,-51.983123779296875,-19.702774047851562,14.698379516601562,-32.856998443603516,-22.186504364013672,-6.3277587890625,0.8183479309082031,-8.02849006652832,-8.839614868164062,11.122505187988281,-11.328018188476562,35.93211364746094,-54.964195251464844,-22.91867446899414,20.398162841796875,-34.323299407958984,-26.769367218017578,-3.3792877197265625,3.1085166931152344,-9.012585639953613,-8.611373901367188,12.914066314697266,-8.458358764648438,24.626571655273438,-53.86552429199219,-21.792709350585938,14.705215454101562,-33.614776611328125,-26.258068084716797,-1.13922119140625,3.047405242919922,-10.659961700439453,-5.625213623046875,13.159996032714844,-4.053314208984375,16.270919799804688,-52.78363037109375,-13.40087890625,16.931365966796875,-25.96772003173828,-18.415084838867188,2.81268310546875,1.3986892700195312,-11.306417465209961,-4.0170135498046875,11.2724609375
195213,1970-06-11 19:04:02,-28.96424674987793,32.77264404296875,-18.978164672851562,-21.786361694335938,6.38983154296875,-23.346054077148438,-13.671225547790527,-1.89569091796875,-17.583404541015625,-18.913570404052734,44.1065673828125,-51.32732391357422,-20.313573837280273,14.78985595703125,-32.441375732421875,-22.573078155517578,-4.670074462890625,1.2639732360839844,-8.489885330200195,-7.9585113525390625,11.440690994262695,-17.013671875,34.6788330078125,-54.299339294433594,-24.750221252441406,20.986465454101562,-32.65630340576172,-26.682430267333984,-1.824371337890625,4.732988357543945,-8.99843692779541,-7.843536376953125,13.403831481933594,-14.219497680664062,23.3529052734375,-53.21611022949219,-21.383975982666016,13.40032958984375,-34.413307189941406,-26.358776092529297,0.851043701171875,2.135735511779785,-11.456053733825684,-3.913970947265625,13.111177444458008,-9.85464859008789,14.945159912109375,-52.410037994384766,-13.142677307128906,14.73187255859375,-27.401077270507812,-18.157238006591797,4.3569793701171875,0.5606670379638672,-11.826979637145996,-1.7242279052734375,11.322073936462402
195220,1970-06-11 19:05:03,-31.09849739074707,30.695846557617188,-19.0733642578125,-23.47796058654785,3.91522216796875,-22.225444793701172,-15.028331756591797,-2.6713409423828125,-16.33049774169922,-23.15563201904297,40.6103515625,-52.461639404296875,-19.042028427124023,13.163070678710938,-33.88154220581055,-22.816600799560547,-3.51300048828125,0.1123737096786499,-9.541732788085938,-6.8216094970703125,11.345768928527832,-21.324966430664062,31.037063598632812,-54.97681427001953,-24.244096755981445,19.720748901367188,-33.804664611816406,-26.90961456298828,-0.1304473876953125,3.679291248321533,-10.2047119140625,-6.4121551513671875,13.300518035888672,-18.287704467773438,19.83209228515625,-53.401824951171875,-19.80726432800293,10.55047607421875,-36.297088623046875,-26.402572631835938,1.6988067626953125,-0.29833221435546875,-12.72622299194336,-2.3765106201171875,12.282459259033203,-13.748207092285156,11.539398193359375,-52.393829345703125,-12.917083740234375,10.935302734375,-29.225757598876953,-18.03618812561035,4.6971435546875,-1.2710933685302734,-12.743463516235352,0.2926177978515625,10.419129371643066
195228,1970-06-11 19:06:12,-33.11602783203125,26.745376586914062,-21.474594116210938,-24.212764739990234,-1.4002227783203125,-21.73235321044922,-15.756328582763672,-4.5492095947265625,-15.189298629760742,-26.031963348388672,34.96510314941406,-55.11247634887695,-18.65741729736328,9.885574340820312,-35.18523406982422,-22.895925521850586,-2.8931732177734375,-0.5976924896240234,-10.399407386779785,-5.4149169921875,11.350619316101074,-24.23177719116211,25.194717407226562,-56.73227310180664,-23.86312484741211,16.26190185546875,-35.85444259643555,-26.994556427001953,0.9733428955078125,2.833385467529297,-10.842904090881348,-4.5911407470703125,13.546534538269043,-21.01480484008789,14.22198486328125,-54.18136215209961,-18.180648803710938,6.1033935546875,-38.122581481933594,-26.12406349182129,1.9762115478515625,-3.7011775970458984,-14.537732124328613,-0.5489044189453125,10.335199356079102,-16.35260772705078,6.095977783203125,-52.56153869628906,-11.998001098632812,6.064300537109375,-30.98143196105957,-17.639097213745117,4.4370880126953125,-4.2611541748046875,-14.252586364746094,2.35516357421875,7.896627426147461
195234,1970-06-11 19:07:04,-33.64982223510742,24.964706420898438,-22.75076675415039,-24.1981201171875,-3.559356689453125,-21.501068115234375,-15.979710578918457,-4.9611968994140625,-14.822532653808594,-26.426292419433594,33.11256408691406,-56.060829162597656,-17.606351852416992,8.872940063476562,-35.98765563964844,-22.918458938598633,-2.4321441650390625,-1.3341751098632812,-10.901021957397461,-4.7813262939453125,11.162980079650879,-24.719970703125,23.27484130859375,-57.33855056762695,-22.787870407104492,14.897262573242188,-37.12443161010742,-27.041547775268555,1.6352081298828125,1.9396858215332031,-11.29509162902832,-3.72332763671875,13.442962646484375,-21.555992126464844,12.37835693359375,-54.4207878112793,-17.639524459838867,4.8382110595703125,-38.555904388427734,-25.697994232177734,2.255126953125,-5.882030487060547,-15.741758346557617,0.2370452880859375,8.402629852294922,-16.936511993408203,4.280570983886719,-52.55583190917969,-11.641845703125,4.93365478515625,-31.31618309020996,-17.16075897216797,4.4388885498046875,-5.898090362548828,-15.082773208618164,3.1276092529296875,5.811004638671875
195241,1970-06-11 19:08:05,-33.96895980834961,25.068634033203125,-22.154415130615234,-24.736591339111328,-3.450531005859375,-20.897579193115234,-16.557828903198242,-4.2286224365234375,-14.409337997436523,-27.359634399414062,33.24830627441406,-55.53023910522461,-15.725971221923828,9.126251220703125,-36.78627014160156,-22.872169494628906,-1.6789398193359375,-2.6450233459472656,-11.57827091217041,-4.3708648681640625,10.63694953918457,-25.81222915649414,23.384613037109375,-56.810142517089844,-17.767362594604492,14.22210693359375,-40.01864242553711,-26.887834548950195,3.1979827880859375,-2.121051788330078,-13.178712844848633,-2.4981842041015625,11.926280975341797,-22.718795776367188,12.458663940429688,-53.92721939086914,-17.952394485473633,5.278900146484375,-38.35314178466797,-25.431865692138672,2.8150482177734375,-6.735462188720703,-16.24063491821289,0.6544647216796875,7.367275238037109,-18.160018920898438,4.308349609375,-52.14341735839844,-11.691036224365234,5.0695953369140625,-31.276123046875,-16.77728843688965,4.690032958984375,-6.746042251586914,-15.42786979675293,3.588043212890625,4.488487243652344
195247,1970-06-11 19:08:57,-34.54200744628906,24.324844360351562,-22.097434997558594,-24.915225982666016,-3.74639892578125,-20.632736206054688,-16.893354415893555,-3.527130126953125,-14.207250595092773,-28.175392150878906,32.914306640625,-55.32090759277344,-13.903654098510742,9.18011474609375,-37.49984359741211,-22.69371795654297,-1.4306182861328125,-3.9874305725097656,-12.159337043762207,-4.2532806396484375,10.018259048461914,-26.57282257080078,23.058334350585938,-56.59242248535156,-15.897167205810547,13.164505004882812,-41.151126861572266,-26.765514373779297,3.1422882080078125,-3.3785781860351562,-13.481748580932617,-2.2652740478515625,11.630416870117188,-23.373008728027344,12.161590576171875,-53.71503829956055,-18.273479461669922,5.58355712890625,-38.157859802246094,-25.34597396850586,2.8726043701171875,-7.028553009033203,-16.439449310302734,0.64544677734375,6.913116455078125,-18.73892593383789,4.047782897949219,-51.95914077758789,-11.995906829833984,5.036651611328125,-31.165802001953125,-16.722270965576172,4.59344482421875,-6.946128845214844,-15.551044464111328,3.5723876953125,4.0549774169921875
195255,1970-06-11 19:10:06,-35.323307037353516,23.214599609375,-22.056529998779297,-25.04037094116211,-4.3091583251953125,-20.369709014892578,-17.202659606933594,-2.8905792236328125,-13.978017807006836,-29.287994384765625,32.185272216796875,-55.17180633544922,-13.363763809204102,9.040084838867188,-37.72943878173828,-22.619495391845703,-1.66363525390625,-4.306024551391602,-12.148452758789062,-4.3927154541015625,9.97119140625,-27.52722930908203,22.35321044921875,-56.41887664794922,-15.562250137329102,12.726959228515625,-41.41593933105469,-26.757774353027344,2.8154754638671875,-3.7116355895996094,-13.51864242553711,-2.3743743896484375,11.565650939941406,-24.110454559326172,11.52587890625,-53.528934478759766,-18.666227340698242,5.5391998291015625,-37.973777770996094,-25.41969871520996,2.5849456787109375,-6.872241973876953,-16.420011520385742,0.407379150390625,6.977149963378906,-19.319095611572266,3.5010986328125,-51.78608703613281,-12.390161514282227,4.7769317626953125,-31.0522403717041,-16.813495635986328,4.2989044189453125,-6.914379119873047,-15.617265701293945,3.347503662109375,3.991863250732422
195262,1970-06-11 19:11:07,-35.77798843383789,22.732803344726562,-21.82430648803711,-25.15923309326172,-4.6485595703125,-20.147403717041016,-17.364688873291016,-2.7639617919921875,-13.802175521850586,-30.06884002685547,31.878341674804688,-54.92943572998047,-13.557089805603027,8.899581909179688,-37.6938591003418,-22.60546112060547,-1.8191680908203125,-4.316812515258789,-12.141139030456543,-4.4676513671875,9.94677734375,-28.23036003112793,22.061691284179688,-56.18569564819336,-14.843331336975098,12.8201904296875,-41.65041732788086,-26.617887496948242,2.9382476806640625,-4.531707763671875,-13.927973747253418,-2.3079681396484375,11.083343505859375,-24.690113067626953,11.267837524414062,-53.319236755371094,-18.92206382751465,5.5989837646484375,-37.83815002441406,-25.508548736572266,2.4475555419921875,-6.587429046630859,-16.31421661376953,0.251708984375,7.228157043457031,-19.810983657836914,3.2880020141601562,-51.61393356323242,-12.554458618164062,4.898582458496094,-30.967180252075195,-16.888099670410156,4.244476318359375,-6.764570236206055,-15.596979141235352,3.2196807861328125,4.1722412109375
195271,1970-06-11 19:12:25,-36.12327575683594,22.120208740234375,-21.884929656982422,-25.153837203979492,-5.1387939453125,-20.034751892089844,-17.412822723388672,-2.8947601318359375,-13.714441299438477,-30.597427368164062,31.188552856445312,-55.03342819213867,-12.669316291809082,8.755905151367188,-38.03480911254883,-22.43860626220703,-1.8249969482421875,-5.111688613891602,-12.502876281738281,-4.453521728515625,9.49472427368164,-28.65595817565918,21.384521484375,-56.23203659057617,-14.419322967529297,12.023757934570312,-42.035125732421875,-26.584213256835938,2.5905609130859375,-4.924446105957031,-13.997634887695312,-2.3017730712890625,10.996528625488281,-24.988479614257812,10.648910522460938,-53.30744171142578,-18.844337463378906,5.5971527099609375,-37.87718963623047,-25.571815490722656,2.294891357421875,-6.394260406494141,-16.192607879638672,0.09295654296875,7.500274658203125,-20.016807556152344,2.7340774536132812,-51.56681442260742,-12.494863510131836,4.8648223876953125,-30.996593475341797,-16.952844619750977,4.14129638671875,-6.665855407714844,-15.569552421569824,3.0736236572265625,4.3796844482421875
195278,1970-06-11 19:13:26,-36.07708740234375,21.988525390625,-22.092838287353516,-24.981199264526367,-5.526275634765625,-20.147300720214844,-17.301685333251953,-3.15673828125,-13.797054290771484,-30.466264724731445,30.783279418945312,-55.33356475830078,-12.505998611450195,8.558395385742188,-38.13368606567383,-22.421783447265625,-1.979339599609375,-5.128055572509766,-12.447670936584473,-4.4941558837890625,9.547962188720703,-28.468130111694336,20.984130859375,-56.477745056152344,-13.988261222839355,11.781082153320312,-42.24894714355469,-26.642318725585938,2.345458984375,-4.729400634765625,-13.685644149780273,-2.45111083984375,11.351245880126953,-24.761024475097656,10.280807495117188,-53.48554611206055,-18.594528198242188,5.8394775390625,-37.963966369628906,-25.563663482666016,2.3240509033203125,-6.416278839111328,-16.17099380493164,0.0239410400390625,7.547298431396484,-19.757997512817383,2.399627685546875,-51.683143615722656,-12.370804786682129,4.7463226318359375,-31.064651489257812,-16.961715698242188,4.054473876953125,-6.696586608886719,-15.580219268798828,3.0038299560546875,4.390159606933594
195285,1970-06-11 19:14:26,-36.016151428222656,22.42950439453125,-21.746234893798828,-24.95210075378418,-5.7198944091796875,-20.129318237304688,-17.346616744995117,-3.0313262939453125,-13.768728256225586,-30.6661319732666,30.67626953125,-55.282562255859375,-12.493125915527344,8.692672729492188,-38.10752487182617,-22.531314849853516,-2.2176361083984375,-4.513648986816406,-11.858301162719727,-4.6695404052734375,10.192237854003906,-28.621219635009766,20.887847900390625,-56.43604278564453,-13.582886695861816,11.9615478515625,-42.33043670654297,-26.744327545166016,2.1632232666015625,-4.212242126464844,-13.111736297607422,-2.727447509765625,11.949859619140625,-24.85920524597168,10.200485229492188,-53.45537185668945,-18.730588912963867,6.1469268798828125,-37.84836959838867,-25.590694427490234,2.340728759765625,-6.301433563232422,-16.145305633544922,-0.0676422119140625,7.601829528808594,-19.81614112854004,2.3424606323242188,-51.66350173950195,-12.466796875,4.8516082763671875,-31.00996208190918,-17.00288963317871,4.0252838134765625,-6.609214782714844,-15.571250915527344,2.9216461181640625,4.476593017578125
195291,1970-06-11 19:15:18,-36.03220748901367,22.78265380859375,-21.348888397216797,-24.939987182617188,-5.675079345703125,-20.156993865966797,-17.379785537719727,-2.8415069580078125,-13.767385482788086,-30.836069107055664,31.111724853515625,-54.943641662597656,-12.49227523803711,8.996994018554688,-38.037109375,-22.54663848876953,-2.2994842529296875,-4.394615173339844,-11.699399948120117,-4.8235626220703125,10.303529739379883,-28.759801864624023,21.34197998046875,-56.195167541503906,-13.516995429992676,12.139297485351562,-42.30091857910156,-26.776397705078125,2.01873779296875,-4.078090667724609,-12.947427749633789,-2.9084014892578125,12.085567474365234,-24.958393096923828,10.638702392578125,-53.32357406616211,-18.757823944091797,6.6435546875,-37.75083923339844,-25.595762252807617,2.3934478759765625,-6.260921478271484,-16.142728805541992,-0.194000244140625,7.605129241943359,-19.88686752319336,2.7805404663085938,-51.614585876464844,-12.471147537231445,5.604698181152344,-30.880977630615234,-16.99913787841797,4.210845947265625,-6.502376556396484,-15.564579010009766,2.8436431884765625,4.549430847167969
195296,1970-06-11 19:16:02,-36.09557342529297,22.647552490234375,-21.385562896728516,-24.8425235748291,-5.992706298828125,-20.185405731201172,-17.36107063293457,-2.8970184326171875,-13.779420852661133,-30.889257431030273,31.047988891601562,-54.949825286865234,-12.49655532836914,8.96173095703125,-38.04402542114258,-22.547992706298828,-2.3836212158203125,-4.342525482177734,-11.631175994873047,-4.8654327392578125,10.360919952392578,-28.78617286682129,21.284271240234375,-56.20355987548828,-13.497794151306152,12.072494506835938,-42.32615661621094,-26.797836303710938,1.9039764404296875,-3.9915313720703125,-12.843576431274414,-2.972503662109375,12.180412292480469,-24.957700729370117,10.590194702148438,-53.333553314208984,-18.720436096191406,6.748870849609375,-37.75071716308594,-25.594133377075195,2.3834381103515625,-6.271385192871094,-16.143993377685547,-0.240936279296875,7.601100921630859,-19.866090774536133,2.7450485229492188,-51.624481201171875,-12.350666046142578,6.063209533691406,-30.84275245666504,-16.97474479675293,4.3457794189453125,-6.477275848388672,-15.561698913574219,2.816619873046875,4.576011657714844
195303,1970-06-11 19:17:20,-36.07166290283203,22.467910766601562,-21.614181518554688,-24.68061065673828,-6.261932373046875,-20.301956176757812,-17.307497024536133,-2.87652587890625,-13.85092544555664,-30.712867736816406,30.915451049804688,-55.123146057128906,-12.698368072509766,8.752670288085938,-38.02586364746094,-22.60943603515625,-2.6467132568359375,-3.8418045043945312,-11.21165657043457,-4.9342803955078125,10.782258987426758,-28.580354690551758,21.15557861328125,-56.35697555541992,-13.402657508850098,11.500961303710938,-42.51512145996094,-26.867237091064453,1.5382537841796875,-3.669719696044922,-12.467557907104492,-3.045806884765625,12.54745864868164,-24.73908233642578,10.473861694335938,-53.45823287963867,-18.67938995361328,6.9715576171875,-37.73057556152344,-25.604228973388672,2.4140777587890625,-6.218231201171875,-16.122652053833008,-0.294403076171875,7.6443939208984375,-19.636301040649414,2.642913818359375,-51.71764373779297,-12.244034767150879,6.223846435546875,-30.853267669677734,-16.976423263549805,4.37274169921875,-6.454700469970703,-15.555414199829102,2.77166748046875,4.624576568603516
195309,1970-06-11 19:18:12,-36.13035583496094,22.276412963867188,-21.71413803100586,-24.58673095703125,-6.4881591796875,-20.34478759765625,-17.319610595703125,-2.7462310791015625,-13.862226486206055,-30.767480850219727,30.58917236328125,-55.274513244628906,-12.422416687011719,8.623855590820312,-38.14625549316406,-22.58322525024414,-2.798126220703125,-3.888378143310547,-11.126129150390625,-4.98138427734375,10.848989486694336,-28.57296371459961,20.839324951171875,-56.478424072265625,-13.392614364624023,11.22198486328125,-42.59276580810547,-26.87285041809082,1.3276824951171875,-3.7106246948242188,-12.454231262207031,-3.0836181640625,12.55145263671875,-24.674030303955078,10.188446044921875,-53.54338836669922,-18.72913932800293,6.975799560546875,-37.70512390136719,-25.629993438720703,2.3093719482421875,-6.1515045166015625,-16.09621238708496,-0.3902740478515625,7.695648193359375,-19.52811050415039,2.3929901123046875,-51.770751953125,-12.256454467773438,6.3234405517578125,-30.82807731628418,-17.016429901123047,4.3351593017578125,-6.374195098876953,-15.541763305664062,2.6724090576171875,4.727741241455078
195316,1970-06-11 19:19:12,-36.36137771606445,21.5606689453125,-22.048416137695312,-24.419740676879883,-7.062774658203125,-20.35454559326172,-17.2929630279541,-2.8809814453125,-13.868139266967773,-30.986289978027344,29.719039916992188,-55.62584686279297,-11.529563903808594,8.469451904296875,-38.459877014160156,-22.510557174682617,-3.00799560546875,-4.144626617431641,-11.004016876220703,-5.0435028076171875,10.94441032409668,-28.66963005065918,19.986465454101562,-56.737091064453125,-13.261406898498535,10.116180419921875,-42.90964126586914,-26.89449691772461,0.745697021484375,-3.7163925170898438,-12.287572860717773,-3.079925537109375,12.715545654296875,-24.649085998535156,9.4105224609375,-53.6970329284668,-18.73019790649414,6.430267333984375,-37.801456451416016,-25.63134765625,1.9528350830078125,-6.268268585205078,-16.131877899169922,-0.511688232421875,7.613410949707031,-19.413301467895508,1.6946182250976562,-51.841453552246094,-12.33073616027832,6.03802490234375,-30.855663299560547,-17.055030822753906,4.1132965087890625,-6.41790771484375,-15.585037231445312,2.52813720703125,4.664218902587891
195337,1970-06-11 19:22:16,-36.342010498046875,21.113525390625,-22.508262634277344,-24.15631866455078,-7.60028076171875,-20.474910736083984,-17.27463722229004,-2.660552978515625,-13.934860229492188,-30.686044692993164,29.3770751953125,-55.97285842895508,-10.970601081848145,8.347366333007812,-38.64960479736328,-22.479389190673828,-3.0683746337890625,-4.267704010009766,-10.947397232055664,-5.0186920166015625,11.012393951416016,-28.34449005126953,19.643310546875,-57.01959991455078,-11.81702709197998,12.606277465820312,-42.671756744384766,-26.674972534179688,1.8704681396484375,-4.7569580078125,-12.977794647216797,-3.237030029296875,11.968879699707031,-24.32396125793457,9.090530395507812,-53.9000358581543,-18.647462844848633,5.7168426513671875,-37.9566650390625,-25.560388565063477,1.7062530517578125,-6.620128631591797,-16.284353256225586,-0.465728759765625,7.284660339355469,-19.085933685302734,1.3939971923828125,-51.9718017578125,-12.504338264465332,4.8407440185546875,-30.996538162231445,-17.10798454284668,3.67059326171875,-6.544197082519531,-15.631026268005371,2.488616943359375,4.529636383056641
195349,1970-06-11 19:23:59,-36.10989761352539,20.80230712890625,-23.162124633789062,-23.862041473388672,-7.945709228515625,-20.687740325927734,-17.07227897644043,-2.9543609619140625,-14.123779296875,-30.070514678955078,28.705215454101562,-56.651405334472656,-11.713013648986816,7.611572265625,-38.583595275878906,-22.380168914794922,-3.107269287109375,-4.735401153564453,-11.674339294433594,-4.8885498046875,10.301326751708984,-27.69152069091797,18.967269897460938,-57.566707611083984,-12.851005554199219,12.345184326171875,-42.44864273071289,-26.595216751098633,1.8892669677734375,-5.177520751953125,-13.670358657836914,-3.00604248046875,11.23568344116211,-23.68280792236328,8.458648681640625,-54.28704071044922,-18.604473114013672,5.2596435546875,-38.04376983642578,-25.558734893798828,1.537078857421875,-6.667778015136719,-16.305946350097656,-0.452972412109375,7.23699951171875,-18.449312210083008,0.79681396484375,-52.21371841430664,-12.40398120880127,5.261985778808594,-30.968202590942383,-17.16644287109375,3.8065948486328125,-6.309192657470703,-15.541484832763672,2.4416961669921875,4.8518218994140625
195356,1970-06-11 19:24:59,-36.20433044433594,20.364822387695312,-23.402244567871094,-23.763683319091797,-8.303817749023438,-20.660301208496094,-17.033952713012695,-3.1577606201171875,-14.126039505004883,-30.14570426940918,28.118820190429688,-56.904964447021484,-11.946088790893555,7.2157135009765625,-38.58819580078125,-22.34320831298828,-3.2331390380859375,-4.824825286865234,-11.815032958984375,-4.8648834228515625,10.151029586791992,-27.71320343017578,18.387237548828125,-57.74419021606445,-13.358101844787598,10.879409790039062,-42.6923713684082,-26.65157699584961,1.275665283203125,-5.074222564697266,-13.607669830322266,-2.9014129638671875,11.338813781738281,-23.65267562866211,7.925140380859375,-54.38059997558594,-18.643234252929688,4.8600006103515625,-38.07793426513672,-25.557832717895508,1.344635009765625,-6.712665557861328,-16.324586868286133,-0.4832916259765625,7.192890167236328,-18.381000518798828,0.30728912353515625,-52.242977142333984,-12.419928550720215,4.911308288574219,-31.019367218017578,-17.150012969970703,3.649078369140625,-6.4454803466796875,-15.601957321166992,2.4129180908203125,4.668670654296875
195364,1970-06-11 19:26:09,-36.10969543457031,20.057357788085938,-23.810436248779297,-23.619186401367188,-8.55615234375,-20.722942352294922,-17.028959274291992,-2.951416015625,-14.176589965820312,-29.86009407043457,27.511444091796875,-57.3506965637207,-12.163948059082031,6.658782958984375,-38.620243072509766,-22.331701278686523,-3.387237548828125,-4.772090911865234,-11.862709045410156,-4.78955078125,10.131231307983398,-27.401145935058594,17.777877807617188,-58.082942962646484,-13.390142440795898,10.184280395507812,-42.853511810302734,-26.665712356567383,1.03271484375,-5.05517578125,-13.574151992797852,-2.824066162109375,11.398361206054688,-23.33820915222168,7.3572235107421875,-54.59584426879883,-18.68350601196289,4.36761474609375,-38.11783218383789,-25.536678314208984,1.1859588623046875,-6.822193145751953,-16.384807586669922,-0.4471435546875,7.057010650634766,-18.06293296813965,-0.22817230224609375,-52.35420227050781,-12.420491218566895,4.492912292480469,-31.082504272460938,-17.109973907470703,3.5072174072265625,-6.628047943115234,-15.674968719482422,2.436676025390625,4.4042816162109375
195369,1970-06-11 19:27:01,-36.04648208618164,20.21881103515625,-23.769638061523438,-23.683935165405273,-8.512969970703125,-20.666751861572266,-17.10455894470215,-2.72076416015625,-14.131647109985352,-29.84242820739746,27.46185302734375,-57.38364791870117,-12.408931732177734,6.5171051025390625,-38.56643295288086,-22.36202049255371,-3.3484649658203125,-4.656063079833984,-11.865348815917969,-4.717041015625,10.162113189697266,-27.419034957885742,17.717666625976562,-58.0928955078125,-13.513875961303711,9.959808349609375,-42.867427825927734,-26.67081069946289,1.060272216796875,-5.022472381591797,-13.589605331420898,-2.7227935791015625,11.404590606689453,-23.38821792602539,7.292144775390625,-54.58317184448242,-18.81980323791504,4.354949951171875,-38.05217742919922,-25.541810989379883,1.2684326171875,-6.788059234619141,-16.394367218017578,-0.365234375,7.0395050048828125,-18.136747360229492,-0.3058319091796875,-52.32828140258789,-12.525830268859863,4.443115234375,-31.0473690032959,-17.098390579223633,3.5426559448242188,-6.639087677001953,-15.680444717407227,2.5127716064453125,4.341579437255859
195376,1970-06-11 19:28:01,-36.11283874511719,20.149459838867188,-23.72775650024414,-23.772926330566406,-8.589492797851562,-20.532472610473633,-17.27582359313965,-2.20294189453125,-14.013029098510742,-30.065099716186523,27.011093139648438,-57.48127746582031,-12.682069778442383,6.187591552734375,-38.5318489074707,-22.384166717529297,-3.4332275390625,-4.484783172607422,-11.802637100219727,-4.6629180908203125,10.259647369384766,-27.629844665527344,17.265594482421875,-58.129119873046875,-13.969112396240234,8.6201171875,-43.01158905029297,-26.741357803344727,0.5836334228515625,-4.716014862060547,-13.394342422485352,-2.584228515625,11.664859771728516,-23.572729110717773,6.8710174560546875,-54.55842971801758,-19.067420959472656,4.1051025390625,-37.95655822753906,-25.55693244934082,1.205780029296875,-6.742408752441406,-16.408145904541016,-0.32965087890625,7.00909423828125,-18.303071975708008,-0.7032546997070312,-52.266502380371094,-12.724205017089844,4.2181396484375,-30.998044967651367,-17.10137176513672,3.4704055786132812,-6.669502258300781,-15.707331657409668,2.5368499755859375,4.228931427001953
195384,1970-06-11 19:29:11,-36.12372589111328,20.328598022460938,-23.55777359008789,-23.868560791015625,-8.491439819335938,-20.462186813354492,-17.379426956176758,-1.8621368408203125,-13.934127807617188,-30.258350372314453,26.752685546875,-57.50071716308594,-12.83506965637207,6.0270843505859375,-38.506614685058594,-22.416744232177734,-3.558319091796875,-4.216518402099609,-11.596389770507812,-4.6716461181640625,10.48832893371582,-27.798269271850586,17.011795043945312,-58.1236457824707,-14.260859489440918,7.7964324951171875,-43.072994232177734,-26.819313049316406,0.201995849609375,-4.285457611083984,-13.07044792175293,-2.562896728515625,12.031234741210938,-23.705720901489258,6.6392364501953125,-54.52949905395508,-19.39909553527832,4.0089263916015625,-37.79844284057617,-25.56930160522461,1.1482696533203125,-6.705440521240234,-16.44485855102539,-0.339141845703125,6.92205810546875,-18.410913467407227,-0.91375732421875,-52.2253532409668,-12.913447380065918,4.288551330566406,-30.90999984741211,-17.080724716186523,3.4672012329101562,-6.723854064941406,-15.755775451660156,2.5367431640625,4.044776916503906
195391,1970-06-11 19:30:12,-36.08657455444336,20.512863159179688,-23.45476531982422,-23.971359252929688,-8.268539428710938,-20.433284759521484,-17.322490692138672,-2.2700347900390625,-13.944540023803711,-30.367944717407227,26.386032104492188,-57.61225128173828,-12.86113166809082,5.8814849853515625,-38.52043151855469,-22.432281494140625,-3.6837005615234375,-4.021717071533203,-11.413681030273438,-4.6836395263671875,10.681612014770508,-27.871295928955078,16.651840209960938,-58.192874908447266,-14.48427677154541,6.8991851806640625,-43.15143585205078,-26.874359130859375,-0.1963043212890625,-3.925792694091797,-12.788650512695312,-2.5187225341796875,12.339454650878906,-23.739154815673828,6.3106231689453125,-54.5539665222168,-19.5900821685791,3.851226806640625,-37.716251373291016,-25.56462860107422,1.0589752197265625,-6.737888336181641,-16.490217208862305,-0.35888671875,6.812282562255859,-18.415578842163086,-1.2122039794921875,-52.21763229370117,-13.050651550292969,4.5044097900390625,-30.821544647216797,-17.044897079467773,3.5072860717773438,-6.793621063232422,-15.808488845825195,2.533172607421875,3.8359451293945312
195398,1970-06-11 19:31:12,-36.03732681274414,20.627685546875,-23.42977523803711,-24.030311584472656,-8.157760620117188,-20.408546447753906,-17.317216873168945,-2.3531646728515625,-13.937313079833984,-30.377094268798828,26.235198974609375,-57.6762809753418,-12.978506088256836,5.760009765625,-38.499412536621094,-22.489439010620117,-3.78790283203125,-3.581623077392578,-11.052675247192383,-4.658843994140625,11.065216064453125,-27.883729934692383,16.498611450195312,-58.23054885864258,-14.245424270629883,7.5125885009765625,-43.128509521484375,-26.91855239868164,-0.0201568603515625,-3.6156234741210938,-12.4637451171875,-2.6233367919921875,12.646297454833984,-23.7537784576416,6.1662445068359375,-54.564109802246094,-19.796234130859375,3.8775482177734375,-37.605751037597656,-25.556211471557617,1.1019439697265625,-6.762886047363281,-16.539798736572266,-0.3210601806640625,6.692928314208984,-18.43189239501953,-1.3517379760742188,-52.20845031738281,-13.141040802001953,5.0439910888671875,-30.69931411743164,-16.98672866821289,3.708251953125,-6.832481384277344,-15.840415000915527,2.599761962890625,3.655437469482422
195406,1970-06-11 19:32:22,-36.08660125732422,20.618133544921875,-23.36224365234375,-24.09613609313965,-8.156021118164062,-20.33148765563965,-17.327556610107422,-2.511932373046875,-13.896688461303711,-30.546815872192383,25.988800048828125,-57.69818878173828,-12.972705841064453,5.645904541015625,-38.51826477050781,-22.50930404663086,-3.873779296875,-3.3579978942871094,-10.831487655639648,-4.643096923828125,11.288314819335938,-28.037948608398438,16.254684448242188,-58.225101470947266,-14.072840690612793,8.3411865234375,-43.03276443481445,-26.93798065185547,0.22265625,-3.460803985595703,-12.294254302978516,-2.76361083984375,12.781604766845703,-23.882343292236328,5.9417877197265625,-54.53288650512695,-20.061452865600586,3.9677276611328125,-37.45549392700195,-25.59304428100586,1.1268463134765625,-6.617938995361328,-16.517576217651367,-0.3259735107421875,6.747344970703125,-18.542470932006836,-1.559112548828125,-52.16349411010742,-13.193760871887207,5.6742401123046875,-30.566396713256836,-16.97883415222168,3.9223175048828125,-6.7318267822265625,-15.82439136505127,2.620697021484375,3.709491729736328
195415,1970-06-11 19:33:40,-36.07440948486328,20.629974365234375,-23.370624542236328,-24.114316940307617,-8.032394409179688,-20.359140396118164,-17.338821411132812,-2.3906097412109375,-13.904036521911621,-30.54979133605957,25.778976440429688,-57.790672302246094,-12.973093032836914,5.5950469970703125,-38.52555465698242,-22.507732391357422,-3.9698944091796875,-3.2546958923339844,-10.71668815612793,-4.6724853515625,11.385339736938477,-28.0056209564209,16.05291748046875,-58.29659652709961,-14.163814544677734,7.7652587890625,-43.11063003540039,-26.955413818359375,-0.056182861328125,-3.3292770385742188,-12.170629501342773,-2.74053955078125,12.904293060302734,-23.81917381286621,5.761322021484375,-54.579856872558594,-20.018892288208008,4.05047607421875,-37.46940612792969,-25.616016387939453,1.097900390625,-6.533378601074219,-16.47182846069336,-0.3846435546875,6.855236053466797,-18.456403732299805,-1.7164077758789062,-52.18907165527344,-13.077893257141113,6.035881042480469,-30.546907424926758,-16.986103057861328,4.0135498046875,-6.659324645996094,-15.804372787475586,2.5728607177734375,3.82647705078125
195420,1970-06-11 19:34:23,-36.07919692993164,20.4971923828125,-23.479812622070312,-24.055126190185547,-8.108047485351562,-20.399127960205078,-17.310348510742188,-2.4173736572265625,-13.934855461120605,-30.486236572265625,25.650192260742188,-57.88146209716797,-12.927751541137695,5.539215087890625,-38.548858642578125,-22.50187110900879,-4.034698486328125,-3.215282440185547,-10.658212661743164,-4.685150146484375,11.434921264648438,-27.920421600341797,15.929000854492188,-58.371402740478516,-14.16165542602539,7.53997802734375,-43.151309967041016,-26.957271575927734,-0.176666259765625,-3.3099632263183594,-12.141746520996094,-2.73785400390625,12.93204116821289,-23.719770431518555,5.6504364013671875,-54.63471221923828,-19.971378326416016,4.018341064453125,-37.49821090698242,-25.620269775390625,1.0507049560546875,-6.524463653564453,-16.4599609375,-0.4179840087890625,6.881732940673828,-18.346059799194336,-1.8132553100585938,-52.224693298339844,-13.005355834960938,6.199729919433594,-30.545063018798828,-16.99298858642578,4.0469207763671875,-6.621448516845703,-15.793854713439941,2.5379180908203125,3.892669677734375
195427,1970-06-11 19:35:41,-36.090457916259766,20.154006958007812,-23.75794219970703,-23.921051025390625,-8.302200317382812,-20.478540420532227,-17.25740623474121,-2.4347381591796875,-13.997359275817871,-30.336502075195312,25.32843017578125,-58.101402282714844,-12.813451766967773,5.349334716796875,-38.61378479003906,-22.47695541381836,-4.155914306640625,-3.2351226806640625,-10.636483192443848,-4.6920318603515625,11.452320098876953,-27.727319717407227,15.61669921875,-58.54757308959961,-14.046453475952148,7.1287994384765625,-43.25871658325195,-26.951290130615234,-0.3834991455078125,-3.341022491455078,-12.115982055664062,-2.7250213623046875,12.95888900756836,-23.499797821044922,5.3685302734375,-54.758060455322266,-20.013959884643555,3.7191162109375,-37.506378173828125,-25.660999298095703,0.86541748046875,-6.390224456787109,-16.401031494140625,-0.485931396484375,7.016654968261719,-18.105266571044922,-2.0642013549804688,-52.299354553222656,-12.957534790039062,6.412635803222656,-30.521421432495117,-17.014728546142578,4.0707244873046875,-6.5506591796875,-15.781567573547363,2.470428466796875,3.9848289489746094
195435,1970-06-11 19:36:50,-35.97814178466797,19.92626953125,-24.117664337158203,-23.775060653686523,-8.360549926757812,-20.624298095703125,-17.19558334350586,-2.2864532470703125,-14.0980863571167,-29.929777145385742,25.312255859375,-58.318992614746094,-12.736062049865723,5.304962158203125,-38.64549255371094,-22.48407745361328,-4.176910400390625,-3.1576499938964844,-10.564894676208496,-4.67059326171875,11.527099609375,-27.32894515991211,15.597122192382812,-58.739784240722656,-13.990849494934082,6.257415771484375,-43.41128921508789,-26.9576416015625,-0.661529541015625,-3.2449188232421875,-12.013957023620605,-2.592742919921875,13.080448150634766,-23.137908935546875,5.347442626953125,-54.91401290893555,-20.130977630615234,3.427154541015625,-37.47154998779297,-25.70560073852539,0.7590179443359375,-6.2222747802734375,-16.345844268798828,-0.4820098876953125,7.144535064697266,-17.76800537109375,-2.0893020629882812,-52.413902282714844,-12.874410629272461,6.611015319824219,-30.514272689819336,-17.01097297668457,4.1431884765625,-6.514884948730469,-15.769896507263184,2.4731597900390625,4.029094696044922
195444,1970-06-11 19:38:08,-35.935516357421875,19.668365478515625,-24.391353607177734,-23.598674774169922,-8.612411499023438,-20.722997665405273,-17.14149284362793,-2.230072021484375,-14.172791481018066,-29.69097328186035,25.1168212890625,-58.52518844604492,-12.99179744720459,4.941864013671875,-38.608489990234375,-22.487884521484375,-4.36505126953125,-2.8622589111328125,-10.38401985168457,-4.6456146240234375,11.70025634765625,-27.06317710876465,15.407562255859375,-58.91260528564453,-14.359478950500488,5.109130859375,-43.44124221801758,-26.98379898071289,-1.10528564453125,-2.8869476318359375,-11.80648422241211,-2.46258544921875,13.29278564453125,-22.865896224975586,5.176483154296875,-55.0441780090332,-20.008699417114258,3.2691497802734375,-37.55107498168945,-25.689876556396484,0.6651611328125,-6.297504425048828,-16.36361312866211,-0.512786865234375,7.101581573486328,-17.490070343017578,-2.2413864135742188,-52.50102615356445,-12.795595169067383,6.5579071044921875,-30.55885124206543,-17.003456115722656,4.09515380859375,-6.564685821533203,-15.788065910339355,2.4351959228515625,3.9807701110839844
195452,1970-06-11 19:39:18,-35.80820846557617,19.683700561523438,-24.56561279296875,-23.48586082458496,-8.720626831054688,-20.80573844909668,-17.069944381713867,-2.305450439453125,-14.246891975402832,-29.414182662963867,25.049728393554688,-58.6934700012207,-12.970491409301758,4.89569091796875,-38.62153244018555,-22.493337631225586,-4.368072509765625,-2.814403533935547,-10.35416030883789,-4.6221923828125,11.735929489135742,-26.7934513092041,15.337539672851562,-59.05399703979492,-14.332843780517578,4.6578216552734375,-43.500732421875,-26.986177444458008,-1.2220458984375,-2.816802978515625,-11.75160026550293,-2.37469482421875,13.357257843017578,-22.622188568115234,5.1089019775390625,-55.15108871459961,-19.93108367919922,3.201019287109375,-37.59819030761719,-25.687332153320312,0.661376953125,-6.308277130126953,-16.360897064208984,-0.4932708740234375,7.109222412109375,-17.264114379882812,-2.3096771240234375,-52.57280731201172,-12.755926132202148,6.6513824462890625,-30.555234909057617,-17.009550094604492,4.1329803466796875,-6.525066375732422,-15.774457931518555,2.4370574951171875,4.033233642578125
195461,1970-06-11 19:40:36,-35.80712890625,19.589141845703125,-24.64264678955078,-23.458284378051758,-8.823760986328125,-20.793371200561523,-17.035551071166992,-2.48431396484375,-14.25798511505127,-29.323631286621094,25.296676635742188,-58.632835388183594,-13.057868003845215,5.055145263671875,-38.57151794433594,-22.524919509887695,-4.252960205078125,-2.737049102783203,-10.328768730163574,-4.5982666015625,11.767663955688477,-26.751680374145508,15.572128295898438,-59.01152420043945,-14.209826469421387,5.779815673828125,-43.4063835144043,-27.004581451416016,-0.8018951416015625,-2.7912635803222656,-11.711854934692383,-2.503753662109375,13.36859130859375,-22.629253387451172,5.316131591796875,-55.128597259521484,-19.924747467041016,3.2975311279296875,-37.59320831298828,-25.699186325073242,0.7718963623046875,-6.247142791748047,-16.33332061767578,-0.4280853271484375,7.176536560058594,-17.306781768798828,-2.133514404296875,-52.56622314453125,-12.769662857055664,6.783226013183594,-30.520492553710938,-17.00618553161621,4.2308807373046875,-6.470867156982422,-15.749801635742188,2.5013427734375,4.0898284912109375
195467,1970-06-11 19:41:28,-35.763458251953125,19.454818725585938,-24.81189727783203,-23.35588836669922,-8.981216430664062,-20.841169357299805,-16.921634674072266,-2.86785888671875,-14.321508407592773,-29.181503295898438,25.02972412109375,-58.818016052246094,-13.015481948852539,4.87030029296875,-38.6096076965332,-22.508262634277344,-4.326690673828125,-2.758434295654297,-10.345280647277832,-4.583221435546875,11.759031295776367,-26.58470916748047,15.310256958007812,-59.15532684326172,-14.118776321411133,5.6494598388671875,-43.45322799682617,-26.995868682861328,-0.8652191162109375,-2.8558616638183594,-11.744450569152832,-2.4972381591796875,13.341190338134766,-22.450931549072266,5.0773162841796875,-55.22393798828125,-19.846202850341797,3.1325531005859375,-37.648826599121094,-25.711666107177734,0.6820831298828125,-6.20611572265625,-16.299514770507812,-0.45477294921875,7.251369476318359,-17.119338989257812,-2.3507766723632812,-52.618309020996094,-12.706794738769531,6.734519958496094,-30.557497024536133,-17.036605834960938,4.1873626708984375,-6.418949127197266,-15.729022979736328,2.44671630859375,4.201332092285156
195475,1970-06-11 19:42:38,-35.598045349121094,19.402725219726562,-25.089012145996094,-23.179351806640625,-9.06793212890625,-21.000099182128906,-16.757143020629883,-3.16192626953125,-14.452422142028809,-28.802703857421875,24.75,-59.122318267822266,-12.963115692138672,4.74591064453125,-38.6427001953125,-22.480175018310547,-4.3980712890625,-2.8722610473632812,-10.44957160949707,-4.6026611328125,11.658788681030273,-26.169763565063477,15.038665771484375,-59.40947723388672,-14.191978454589844,5.0944671630859375,-43.49797058105469,-26.975391387939453,-1.0788421630859375,-2.9742164611816406,-11.890311241149902,-2.4379119873046875,13.222431182861328,-22.03180694580078,4.8321075439453125,-55.41440963745117,-19.75438117980957,3.0342559814453125,-37.70512390136719,-25.69092559814453,0.5988311767578125,-6.299877166748047,-16.337657928466797,-0.4939422607421875,7.162422180175781,-16.695308685302734,-2.5694808959960938,-52.74418258666992,-12.717674255371094,6.748405456542969,-30.54990577697754,-17.06570816040039,4.1367950439453125,-6.374275207519531,-15.728821754455566,2.3751983642578125,4.242919921875
195482,1970-06-11 19:43:38,-35.48440933227539,19.511856079101562,-25.165233612060547,-23.089096069335938,-9.072418212890625,-21.097366333007812,-16.680837631225586,-3.240936279296875,-14.523019790649414,-28.61910629272461,24.576644897460938,-59.28357696533203,-12.888200759887695,4.65008544921875,-38.67938995361328,-22.45453643798828,-4.471649169921875,-2.9579010009765625,-10.505599975585938,-4.62567138671875,11.599187850952148,-25.953306198120117,14.873565673828125,-59.54583740234375,-14.197023391723633,4.6755828857421875,-43.54334259033203,-26.956867218017578,-1.2593994140625,-3.0696563720703125,-11.981512069702148,-2.40740966796875,13.145469665527344,-21.800006866455078,4.6859130859375,-55.5185432434082,-19.726642608642578,2.927947998046875,-37.72804641723633,-25.653182983398438,0.5150299072265625,-6.459079742431641,-16.41353988647461,-0.529632568359375,6.984157562255859,-16.451404571533203,-2.69464111328125,-52.81452560424805,-12.759126663208008,6.742919921875,-30.53382682800293,-17.06099510192871,4.0891876220703125,-6.417461395263672,-15.761144638061523,2.3354339599609375,4.143894195556641
195488,1970-06-11 19:44:30,-35.437191009521484,19.476364135742188,-25.259090423583984,-23.004423141479492,-9.156478881835938,-21.153472900390625,-16.629091262817383,-3.3044891357421875,-14.567967414855957,-28.506986618041992,24.415359497070312,-59.404109954833984,-12.846590995788574,4.573577880859375,-38.70234680175781,-22.436588287353516,-4.5308380126953125,-3.003681182861328,-10.533204078674316,-4.642333984375,11.567449569702148,-25.814748764038086,14.719024658203125,-59.64438247680664,-14.197097778320312,4.4493255615234375,-43.567020416259766,-26.94426727294922,-1.3700408935546875,-3.132251739501953,-12.040026664733887,-2.4001617431640625,13.093223571777344,-21.646541595458984,4.5482330322265625,-55.589996337890625,-19.851293563842773,2.84539794921875,-37.6689338684082,-25.634441375732422,0.4501190185546875,-6.537853240966797,-16.47539520263672,-0.55584716796875,6.8348846435546875,-16.286529541015625,-2.8142242431640625,-52.859371185302734,-12.866926193237305,6.742767333984375,-30.488588333129883,-17.05569839477539,4.0520477294921875,-6.4550018310546875,-15.79517936706543,2.31341552734375,4.024940490722656
195498,1970-06-11 19:45:57,-35.23230743408203,19.545806884765625,-25.490989685058594,-22.819122314453125,-9.165603637695312,-21.349315643310547,-16.495561599731445,-3.354400634765625,-14.707701683044434,-28.038354873657227,24.480560302734375,-59.59999084472656,-12.711099624633789,4.673004150390625,-38.73519515991211,-22.410877227783203,-4.50799560546875,-3.2220535278320312,-10.70627498626709,-4.6862030029296875,11.389497756958008,-25.33819007873535,14.786224365234375,-59.831825256347656,-14.067569732666016,4.3003387451171875,-43.62396240234375,-26.913591384887695,-1.432281494140625,-3.359874725341797,-12.225500106811523,-2.392913818359375,12.921558380126953,-21.196727752685547,4.6123504638671875,-55.75779724121094,-20.10381507873535,3.034759521484375,-37.519935607910156,-25.62342643737793,0.4932098388671875,-6.577800750732422,-16.55176544189453,-0.5729217529296875,6.646358489990234,-15.854484558105469,-2.7506103515625,-52.99390411376953,-12.96043586730957,6.799407958984375,-30.436357498168945,-17.03744888305664,4.039215087890625,-6.510986328125,-15.837959289550781,2.3054962158203125,3.85791015625
195505,1970-06-11 19:46:58,-35.159732818603516,19.6114501953125,-25.540725708007812,-22.767715454101562,-9.139968872070312,-21.415088653564453,-16.446041107177734,-3.39691162109375,-14.75333023071289,-27.893617630004883,24.526641845703125,-59.64894485473633,-12.651325225830078,4.7207183837890625,-38.74897384643555,-22.394222259521484,-4.4835052490234375,-3.3686904907226562,-10.82652473449707,-4.7062225341796875,11.266914367675781,-25.1910400390625,14.832992553710938,-59.882362365722656,-13.971975326538086,4.66241455078125,-43.61748504638672,-26.892744064331055,-1.321380615234375,-3.5659217834472656,-12.382787704467773,-2.4528656005859375,12.759532928466797,-21.057857513427734,4.656402587890625,-55.806732177734375,-19.979328155517578,3.088775634765625,-37.58197021484375,-25.565265655517578,0.51593017578125,-6.798664093017578,-16.63470458984375,-0.5681304931640625,6.436393737792969,-15.72115707397461,-2.7079391479492188,-53.035804748535156,-12.964818954467773,6.763832092285156,-30.442420959472656,-17.017436981201172,4.0206298828125,-6.5745086669921875,-15.862638473510742,2.31011962890625,3.752300262451172
195511,1970-06-11 19:47:49,-35.198890686035156,19.579421997070312,-25.5113525390625,-22.79413414001465,-9.150253295898438,-21.382568359375,-16.443462371826172,-3.4947052001953125,-14.733353614807129,-27.98307228088379,24.476150512695312,-59.62778091430664,-12.67136287689209,4.710205078125,-38.743709564208984,-22.39149284362793,-4.48291015625,-3.387584686279297,-10.845662117004395,-4.7077178955078125,11.247869491577148,-25.275981903076172,14.783721923828125,-59.8587532043457,-14.030141830444336,4.7804412841796875,-43.58602523803711,-26.89336395263672,-1.2867889404296875,-3.573871612548828,-12.403437614440918,-2.4730377197265625,12.73556137084961,-21.132469177246094,4.611663818359375,-55.78224182128906,-20.00328826904297,3.12481689453125,-37.566246032714844,-25.526592254638672,0.5386962890625,-6.940727233886719,-16.700206756591797,-0.556640625,6.265499114990234,-15.788520812988281,-2.7483062744140625,-53.013710021972656,-13.02911376953125,6.63677978515625,-30.44293212890625,-16.970685958862305,3.9844970703125,-6.715839385986328,-15.911171913146973,2.3473663330078125,3.5162811279296875
195519,1970-06-11 19:48:59,-35.221763610839844,19.461669921875,-25.569812774658203,-22.79243278503418,-9.138656616210938,-21.389339447021484,-16.39685821533203,-3.675048828125,-14.74140453338623,-27.97464942932129,24.458877563476562,-59.63882064819336,-12.590964317321777,4.7317962646484375,-38.76728057861328,-22.385353088378906,-4.478363037109375,-3.4338531494140625,-10.860825538635254,-4.7115478515625,11.231620788574219,-25.264589309692383,14.767227172851562,-59.86763381958008,-13.777711868286133,5.0023651123046875,-43.6416130065918,-26.879871368408203,-1.21832275390625,-3.6972732543945312,-12.429482460021973,-2.5060882568359375,12.703666687011719,-21.119098663330078,4.5970306396484375,-55.788509368896484,-20.172117233276367,3.078765869140625,-37.47966766357422,-25.527515411376953,0.5195770263671875,-6.938785552978516,-16.726348876953125,-0.5553131103515625,6.195491790771484,-15.773674011230469,-2.76092529296875,-53.01747512817383,-13.138458251953125,6.6047210693359375,-30.402881622314453,-16.95694923400879,3.9686126708984375,-6.759807586669922,-15.934999465942383,2.3619842529296875,3.3965492248535156
195526,1970-06-11 19:50:00,-35.215118408203125,19.519546508789062,-25.534828186035156,-22.808443069458008,-9.090072631835938,-21.39297103881836,-16.396703720092773,-3.677581787109375,-14.740946769714355,-27.97705078125,24.537521362304688,-59.60538101196289,-12.551363945007324,4.7505340576171875,-38.777828216552734,-22.388198852539062,-4.4749908447265625,-3.4196739196777344,-10.835247993469238,-4.708740234375,11.257471084594727,-25.27287483215332,14.844482421875,-59.84502410888672,-13.704961776733398,5.1385498046875,-43.6486930847168,-26.88224220275879,-1.176116943359375,-3.693683624267578,-12.403181076049805,-2.5251617431640625,12.725574493408203,-21.132320404052734,4.667572021484375,-55.777645111083984,-20.330718994140625,3.0930633544921875,-37.39269256591797,-25.525772094726562,0.5322723388671875,-6.944236755371094,-16.75421905517578,-0.545196533203125,6.120632171630859,-15.790515899658203,-2.6964569091796875,-53.015777587890625,-13.273616790771484,6.58563232421875,-30.348268508911133,-16.940345764160156,3.9644317626953125,-6.803733825683594,-15.958673477172852,2.3894195556640625,3.2636184692382812
195534,1970-06-11 19:51:09,-35.22243881225586,19.617843627929688,-25.44925308227539,-22.841663360595703,-9.023025512695312,-21.38591766357422,-16.415590286254883,-3.6368408203125,-14.730030059814453,-28.04007911682129,24.527435302734375,-59.57991027832031,-12.599303245544434,4.635772705078125,-38.77617263793945,-22.391857147216797,-4.5493316650390625,-3.2953720092773438,-10.731281280517578,-4.70184326171875,11.359477996826172,-25.325927734375,14.837295532226562,-59.82437515258789,-13.732913970947266,5.16815185546875,-43.63641357421875,-26.891239166259766,-1.202911376953125,-3.6188316345214844,-12.339455604553223,-2.550506591796875,12.782344818115234,-21.172195434570312,4.663421630859375,-55.76287078857422,-20.490610122680664,3.0646514892578125,-37.30766296386719,-25.525392532348633,0.5048065185546875,-6.947681427001953,-16.779088973999023,-0.5581207275390625,6.0509490966796875,-15.820972442626953,-2.6959228515625,-53.0067253112793,-13.387565612792969,6.6028594970703125,-30.294422149658203,-16.938386917114258,3.954315185546875,-6.8144989013671875,-15.973739624023438,2.3863525390625,3.1913528442382812
195541,1970-06-11 19:52:10,-35.205142974853516,19.822738647460938,-25.314067840576172,-22.881248474121094,-8.9208984375,-21.386442184448242,-16.473987579345703,-3.41668701171875,-14.71754264831543,-28.101757049560547,24.522140502929688,-59.55302429199219,-12.552477836608887,4.620513916015625,-38.793174743652344,-22.388471603393555,-4.596466064453125,-3.2526893615722656,-10.664401054382324,-4.7139434814453125,11.417306900024414,-25.374195098876953,14.835952758789062,-59.80424880981445,-13.715253829956055,5.215911865234375,-43.636287689208984,-26.896148681640625,-1.232635498046875,-3.5720176696777344,-12.28398323059082,-2.5840911865234375,12.82894515991211,-21.204387664794922,4.6655731201171875,-55.75045394897461,-20.56798553466797,3.16168212890625,-37.25695037841797,-25.517961502075195,0.5162353515625,-6.974086761474609,-16.801822662353516,-0.5781097412109375,5.985633850097656,-15.841629028320312,-2.6878509521484375,-53.00096893310547,-13.457061767578125,6.6161346435546875,-30.260717391967773,-16.941715240478516,3.93853759765625,-6.815361022949219,-15.982931137084961,2.3699493408203125,3.1573753356933594
195546,1970-06-11 19:53:11,-35.20503616333008,19.897811889648438,-25.255245208740234,-22.879350662231445,-8.938247680664062,-21.381227493286133,-16.539722442626953,-3.1474609375,-14.70384693145752,-28.133563995361328,24.514892578125,-59.54098892211914,-12.524703025817871,4.5923919677734375,-38.80548858642578,-22.387115478515625,-4.629241943359375,-3.215312957763672,-10.615388870239258,-4.7155609130859375,11.462223052978516,-25.3989315032959,14.830764770507812,-59.79503631591797,-13.657413482666016,5.2967071533203125,-43.644691467285156,-26.898784637451172,-1.2321624755859375,-3.5522918701171875,-12.243178367614746,-2.6103057861328125,12.862606048583984,-21.220703125,4.6625518798828125,-55.74449920654297,-20.686748504638672,3.2293243408203125,-37.185325622558594,-25.526302337646484,0.5264739990234375,-6.942726135253906,-16.807323455810547,-0.5894012451171875,5.969074249267578,-15.85190200805664,-2.6875534057617188,-52.99790954589844,-13.500709533691406,6.619407653808594,-30.24055290222168,-16.938087463378906,3.9298553466796875,-6.829372406005859,-15.992002487182617,2.3656463623046875,3.114368438720703
195555,1970-06-11 19:54:28,-35.27006912231445,19.748687744140625,-25.28154754638672,-22.851646423339844,-9.030181884765625,-21.372222900390625,-16.580474853515625,-2.986541748046875,-14.691508293151855,-28.213207244873047,24.424591064453125,-59.54041290283203,-12.420817375183105,4.580291748046875,-38.84029769897461,-22.373043060302734,-4.6804351806640625,-3.2390823364257812,-10.586984634399414,-4.7366180419921875,11.47979736328125,-25.454490661621094,14.747238159179688,-59.79206848144531,-13.629779815673828,5.230987548828125,-43.6612548828125,-26.893482208251953,-1.3037109375,-3.566864013671875,-12.23528003692627,-2.6326446533203125,12.865562438964844,-21.249637603759766,4.5908355712890625,-55.73942565917969,-20.806121826171875,3.1938018798828125,-37.121742248535156,-25.525226593017578,0.474517822265625,-6.950420379638672,-16.82630157470703,-0.6236114501953125,5.911857604980469,-15.861648559570312,-2.7449188232421875,-52.9920539855957,-13.57652473449707,6.5824737548828125,-30.214664459228516,-16.947505950927734,3.8861846923828125,-6.830989837646484,-16.002716064453125,2.33270263671875,3.0840492248535156
195563,1970-06-11 19:55:38,-35.33544158935547,19.539764404296875,-25.35248565673828,-22.838621139526367,-9.107620239257812,-21.353273391723633,-16.62582778930664,-2.818206787109375,-14.673500061035156,-28.261220932006836,24.369033813476562,-59.540409088134766,-12.405379295349121,4.555389404296875,-38.8481559753418,-22.368568420410156,-4.6929168701171875,-3.251873016357422,-10.59068489074707,-4.7369537353515625,11.47624397277832,-25.495969772338867,14.69342041015625,-59.78764343261719,-13.605331420898438,5.202972412109375,-43.67222595214844,-26.892316818237305,-1.3211822509765625,-3.5692214965820312,-12.225154876708984,-2.63372802734375,12.874958038330078,-21.28199005126953,4.542388916015625,-55.73105239868164,-20.83881378173828,3.1566925048828125,-37.10657501220703,-25.520509719848633,0.4557037353515625,-6.9689788818359375,-16.837512969970703,-0.6280059814453125,5.8793792724609375,-15.887508392333984,-2.7879867553710938,-52.9820556640625,-13.638664245605469,6.515327453613281,-30.20122718811035,-16.934040069580078,3.8590240478515625,-6.879619598388672,-16.020326614379883,2.33892822265625,2.9863510131835938
195569,1970-06-11 19:56:30,-35.33971405029297,19.579376220703125,-25.31594467163086,-22.874250411987305,-9.066314697265625,-21.332704544067383,-16.66608238220215,-2.6898193359375,-14.651914596557617,-28.2972469329834,24.373748779296875,-59.5213623046875,-12.562897682189941,4.556182861328125,-38.79741287231445,-22.379919052124023,-4.6765594482421875,-3.1968955993652344,-10.592133522033691,-4.734222412109375,11.476032257080078,-25.538658142089844,14.696243286132812,-59.76873016357422,-13.94929313659668,4.764434814453125,-43.61372375488281,-26.897157669067383,-1.4300994873046875,-3.489879608154297,-12.268671035766602,-2.5544281005859375,12.84952163696289,-21.327884674072266,4.543365478515625,-55.71342849731445,-20.83787727355957,3.1557769775390625,-37.107177734375,-25.506206512451172,0.4747314453125,-7.019886016845703,-16.857797622680664,-0.6093292236328125,5.822948455810547,-15.935871124267578,-2.789947509765625,-52.967430114746094,-13.680767059326172,6.514495849609375,-30.18235969543457,-16.926273345947266,3.8687744140625,-6.8932342529296875,-16.02497100830078,2.3590850830078125,2.9452972412109375
195577,1970-06-11 19:57:40,-35.30358123779297,19.830703735351562,-25.170326232910156,-22.941558837890625,-8.937789916992188,-21.31466293334961,-16.7329158782959,-2.439453125,-14.619528770446777,-28.39055633544922,24.28216552734375,-59.514366149902344,-12.663263320922852,4.5099029541015625,-38.770179748535156,-22.368228912353516,-4.6792449951171875,-3.27386474609375,-10.691338539123535,-4.7465362548828125,11.378543853759766,-25.620141983032227,14.607894897460938,-59.75551986694336,-14.214393615722656,4.306121826171875,-43.575767517089844,-26.89177703857422,-1.5750274658203125,-3.468891143798828,-12.331779479980469,-2.4939422607421875,12.8009033203125,-21.39240264892578,4.4640960693359375,-55.695098876953125,-20.892688751220703,3.1109466552734375,-37.08013153076172,-25.51808738708496,0.4412689208984375,-6.978771209716797,-16.84693145751953,-0.6256103515625,5.8525848388671875,-15.988330841064453,-2.8598861694335938,-52.94788360595703,-13.747604370117188,6.517387390136719,-30.151350021362305,-16.944059371948242,3.8553924560546875,-6.856945037841797,-16.021949768066406,2.3416595458984375,2.975482940673828
195584,1970-06-11 19:58:40,-35.28068923950195,19.960479736328125,-25.099735260009766,-22.97103500366211,-8.938491821289062,-21.2825870513916,-16.737625122070312,-2.5009613037109375,-14.603737831115723,-28.4325008392334,24.19891357421875,-59.52824783325195,-12.64923095703125,4.5196075439453125,-38.77363204956055,-22.36363983154297,-4.64068603515625,-3.3589744567871094,-10.769267082214355,-4.739105224609375,11.307933807373047,-25.664976119995117,14.52349853515625,-59.75684356689453,-14.30479621887207,4.169647216796875,-43.55945587158203,-26.888050079345703,-1.5861358642578125,-3.492645263671875,-12.383315086364746,-2.4577178955078125,12.758087158203125,-21.43674087524414,4.384765625,-55.684349060058594,-20.93059539794922,3.0722808837890625,-37.06197738647461,-25.531757354736328,0.4398651123046875,-6.928688049316406,-16.831539154052734,-0.614349365234375,5.897895812988281,-16.032466888427734,-2.9365081787109375,-52.93034362792969,-13.784427642822266,6.470245361328125,-30.14468765258789,-16.95992660522461,3.8458099365234375,-6.823020935058594,-16.012954711914062,2.3444061279296875,3.0213851928710938
195592,1970-06-11 19:59:49,-35.31985092163086,20.025482177734375,-24.992664337158203,-23.07758140563965,-8.909469604492188,-21.179244995117188,-16.78578758239746,-2.553619384765625,-14.539204597473145,-28.600234985351562,24.154769897460938,-59.46578598022461,-12.801182746887207,4.45550537109375,-38.73115539550781,-22.38787269592285,-4.5999755859375,-3.2518463134765625,-10.73144817352295,-4.688507080078125,11.364828109741211,-25.856975555419922,14.472274780273438,-59.68646240234375,-14.434225082397461,4.2687225341796875,-43.50713348388672,-26.904415130615234,-1.4825439453125,-3.4111671447753906,-12.352387428283691,-2.4255828857421875,12.794170379638672,-21.637775421142578,4.3310699462890625,-55.610748291015625,-21.053117752075195,3.040618896484375,-36.9951286315918,-25.558517456054688,0.48333740234375,-6.8263702392578125,-16.806045532226562,-0.5635528564453125,5.97515869140625,-16.24075698852539,-2.9980316162109375,-52.86334991455078,-13.863954544067383,6.375419616699219,-30.128419876098633,-16.97176742553711,3.851806640625,-6.790107727050781,-15.999406814575195,2.388580322265625,3.058338165283203
195599,1970-06-11 20:00:50,-35.263580322265625,20.098159790039062,-25.013771057128906,-23.080934524536133,-8.860382080078125,-21.196184158325195,-16.735858917236328,-2.742340087890625,-14.562368392944336,-28.519561767578125,24.183731079101562,-59.492759704589844,-12.716792106628418,4.4108734130859375,-38.7640495300293,-22.399127960205078,-4.6072540283203125,-3.162822723388672,-10.635122299194336,-4.6529693603515625,11.469511032104492,-25.79054069519043,14.497116088867188,-59.70917510986328,-14.247001647949219,4.7598419189453125,-43.51788330078125,-26.935680389404297,-1.3369903564453125,-3.2191925048828125,-12.127224922180176,-2.490509033203125,12.995513916015625,-21.589492797851562,4.3505706787109375,-55.62799072265625,-21.022733688354492,3.085693359375,-37.00867462158203,-25.55514907836914,0.527252197265625,-6.835727691650391,-16.807811737060547,-0.53778076171875,5.972564697265625,-16.20545196533203,-2.985931396484375,-52.87487030029297,-13.835935592651367,6.381462097167969,-30.140018463134766,-16.961509704589844,3.8726959228515625,-6.803844451904297,-15.998363494873047,2.4128265380859375,3.0447349548339844
195607,1970-06-11 20:01:59,-35.158538818359375,20.315505981445312,-24.986042022705078,-23.061126708984375,-8.688674926757812,-21.288618087768555,-16.610382080078125,-3.1077728271484375,-14.632463455200195,-28.373600006103516,24.266021728515625,-59.52903366088867,-12.581696510314941,4.4128570556640625,-38.807884216308594,-22.3997802734375,-4.6832733154296875,-3.044342041015625,-10.474011421203613,-4.664794921875,11.612071990966797,-25.633264541625977,14.582839965820312,-59.756004333496094,-14.003652572631836,5.5371856689453125,-43.504905700683594,-26.950063705444336,-1.1799468994140625,-3.1596527099609375,-11.996768951416016,-2.6540985107421875,13.083919525146484,-21.432861328125,4.433135986328125,-55.682010650634766,-21.060800552368164,3.2095489501953125,-36.97648239135742,-25.565475463867188,0.5334014892578125,-6.7965240478515625,-16.801198959350586,-0.5724029541015625,5.987937927246094,-16.048721313476562,-2.902679443359375,-52.92728042602539,-13.869670867919922,6.430091857910156,-30.114166259765625,-16.980308532714844,3.85992431640625,-6.764095306396484,-15.997097969055176,2.3766326904296875,3.0796470642089844
195617,1970-06-11 20:03:26,-35.11913299560547,20.699478149414062,-24.724952697753906,-23.116008758544922,-8.405776977539062,-21.342607498168945,-16.462444305419922,-3.6757965087890625,-14.66794204711914,-28.456172943115234,24.3994140625,-59.435020446777344,-12.594328880310059,4.5270538330078125,-38.79063034057617,-22.38235092163086,-4.757843017578125,-3.0568504333496094,-10.448163032531738,-4.752593994140625,11.599760055541992,-25.678630828857422,14.727828979492188,-59.70094299316406,-14.003215789794922,6.2042388916015625,-43.414939880371094,-26.957916259765625,-1.123291015625,-3.1129493713378906,-11.937056541442871,-2.848236083984375,13.097702026367188,-21.439998626708984,4.5778045654296875,-55.66755676269531,-21.30166244506836,3.3719024658203125,-36.82374572753906,-25.61408233642578,0.4847259521484375,-6.614727020263672,-16.761260986328125,-0.670166015625,6.0888671875,-16.028213500976562,-2.7484664916992188,-52.94173049926758,-14.116718292236328,6.615470886230469,-29.958816528320312,-17.07086753845215,3.8392486572265625,-6.544342041015625,-15.969589233398438,2.271759033203125,3.294097900390625
195624,1970-06-11 20:04:27,-35.197486877441406,20.848800659179688,-24.486923217773438,-23.214994430541992,-8.3037109375,-21.275020599365234,-16.468538284301758,-3.8461761474609375,-14.617324829101562,-28.702533721923828,24.562728881835938,-59.24899673461914,-12.690815925598145,4.6681976318359375,-38.74242401123047,-22.395309448242188,-4.7514801025390625,-2.9706382751464844,-10.3685302734375,-4.7882232666015625,11.656415939331055,-25.92441749572754,14.8924560546875,-59.5536994934082,-14.243221282958984,6.166168212890625,-43.34222412109375,-26.975996017456055,-1.175872802734375,-2.9316368103027344,-11.834360122680664,-2.866119384765625,13.186691284179688,-21.66761016845703,4.7318267822265625,-55.56645965576172,-21.621305465698242,3.453338623046875,-36.629390716552734,-25.668224334716797,0.4849700927734375,-6.401397705078125,-16.717578887939453,-0.6953887939453125,6.205024719238281,-16.243480682373047,-2.6011505126953125,-52.88352584838867,-14.26934814453125,6.702232360839844,-29.867084503173828,-17.099056243896484,3.8549346923828125,-6.461009979248047,-15.958370208740234,2.2613372802734375,3.3550643920898438
195630,1970-06-11 20:05:19,-35.241207122802734,20.810546875,-24.456558227539062,-23.226972579956055,-8.308029174804688,-21.26025390625,-16.459959030151367,-3.9208831787109375,-14.607134819030762,-28.79124641418457,24.456527709960938,-59.24988555908203,-12.720481872558594,4.6794281005859375,-38.73133850097656,-22.393878936767578,-4.8014373779296875,-2.900279998779297,-10.291693687438965,-4.81256103515625,11.71434211730957,-25.990800857543945,14.79254150390625,-59.54966354370117,-14.43790054321289,5.882843017578125,-43.31718444824219,-26.979860305786133,-1.311920166015625,-2.8368186950683594,-11.800117492675781,-2.8519744873046875,13.220405578613281,-21.708229064941406,4.6444854736328125,-55.5579719543457,-21.705095291137695,3.282928466796875,-36.595489501953125,-25.669158935546875,0.3888397216796875,-6.404201507568359,-16.72747802734375,-0.727020263671875,6.174644470214844,-16.265621185302734,-2.6740646362304688,-52.873085021972656,-14.34090805053711,6.62738037109375,-29.849506378173828,-17.110382080078125,3.8027191162109375,-6.461971282958984,-15.967211723327637,2.2302093505859375,3.333770751953125
195637,1970-06-11 20:06:20,-35.327293395996094,20.642929077148438,-24.474403381347656,-23.22873878479004,-8.415939331054688,-21.21583366394043,-16.463247299194336,-4.0061187744140625,-14.580277442932129,-28.930313110351562,24.21038818359375,-59.28322982788086,-12.973628044128418,4.5605316162109375,-38.6614875793457,-22.393783569335938,-4.879913330078125,-2.7669601440429688,-10.233941078186035,-4.8264007568359375,11.759159088134766,-26.099985122680664,14.554428100585938,-59.560585021972656,-14.866991996765137,4.7595062255859375,-43.310035705566406,-26.98540496826172,-1.6982269287109375,-2.5662307739257812,-11.685443878173828,-2.70159912109375,13.353179931640625,-21.781482696533203,4.4303436279296875,-55.546791076660156,-22.08514976501465,2.9217681884765625,-36.39818572998047,-25.70854949951172,0.2162322998046875,-6.252567291259766,-16.717018127441406,-0.7645111083984375,6.198398590087891,-16.313175201416016,-2.86407470703125,-52.84847640991211,-14.490375518798828,6.510429382324219,-29.803020477294922,-17.128074645996094,3.7314605712890625,-6.456634521484375,-15.980382919311523,2.1979217529296875,3.2918472290039062
195644,1970-06-11 20:07:20,-35.282814025878906,20.576904296875,-24.5938720703125,-23.16281509399414,-8.430160522460938,-21.282155990600586,-16.426361083984375,-3.9882659912109375,-14.626700401306152,-28.778676986694336,24.174484252929688,-59.37161636352539,-13.149666786193848,4.4729766845703125,-38.612213134765625,-22.395496368408203,-4.9349212646484375,-2.6531715393066406,-10.190485954284668,-4.831756591796875,11.794649124145508,-25.938940048217773,14.521011352539062,-59.63904571533203,-15.161120414733887,4.1653594970703125,-43.269264221191406,-26.987377166748047,-1.8993377685546875,-2.3990707397460938,-11.646421432495117,-2.62176513671875,13.403087615966797,-21.62314224243164,4.401458740234375,-55.61091232299805,-22.23409080505371,2.7333984375,-36.32206726074219,-25.717906951904297,0.129425048828125,-6.21636962890625,-16.726667404174805,-0.780975341796875,6.170253753662109,-16.156230926513672,-2.887603759765625,-52.895389556884766,-14.641756057739258,6.475440979003906,-29.736583709716797,-17.136150360107422,3.69805908203125,-6.4544219970703125,-15.996723175048828,2.18670654296875,3.2191429138183594
195651,1970-06-11 20:08:21,-35.30296325683594,20.403213500976562,-24.709400177001953,-23.112272262573242,-8.536178588867188,-21.294843673706055,-16.399982452392578,-4.0463714599609375,-14.640338897705078,-28.705692291259766,24.185073852539062,-59.402626037597656,-13.259793281555176,4.445220947265625,-38.57773971557617,-22.40277671813965,-4.93463134765625,-2.591552734375,-10.177189826965332,-4.8240203857421875,11.809284210205078,-25.872140884399414,14.529678344726562,-59.66593933105469,-15.147350311279297,4.0856781005859375,-43.28168487548828,-26.98615264892578,-1.9053955078125,-2.408050537109375,-11.657378196716309,-2.5982208251953125,13.398147583007812,-21.566959381103516,4.4078369140625,-55.63222122192383,-22.37725830078125,2.58489990234375,-36.24493408203125,-25.6951904296875,0.0987396240234375,-6.310169219970703,-16.789363861083984,-0.7581939697265625,6.000476837158203,-16.107521057128906,-2.8844833374023438,-52.9104118347168,-14.732505798339844,6.42364501953125,-29.702978134155273,-17.117740631103516,3.68792724609375,-6.508838653564453,-16.01833724975586,2.213043212890625,3.0911293029785156
195657,1970-06-11 20:09:13,-35.32821273803711,20.370880126953125,-24.69998550415039,-23.12894058227539,-8.545761108398438,-21.272899627685547,-16.42661476135254,-3.9946441650390625,-14.624674797058105,-28.74039649963379,24.204208374023438,-59.378047943115234,-13.352407455444336,4.38946533203125,-38.55217361450195,-22.410791397094727,-4.947723388671875,-2.4955062866210938,-10.120914459228516,-4.806243896484375,11.864761352539062,-25.913183212280273,14.547027587890625,-59.643898010253906,-15.099905014038086,4.1972198486328125,-43.28759002685547,-26.991487503051758,-1.8642578125,-2.380268096923828,-11.613492965698242,-2.607940673828125,13.434322357177734,-21.611019134521484,4.422393798828125,-55.61396408081055,-22.465377807617188,2.459381103515625,-36.199127197265625,-25.683040618896484,0.0714874267578125,-6.359798431396484,-16.822145462036133,-0.741455078125,5.910076141357422,-16.15390396118164,-2.8734359741210938,-52.89686965942383,-14.782768249511719,6.4723968505859375,-29.667400360107422,-17.108726501464844,3.7128067016601562,-6.518390655517578,-16.024070739746094,2.2346038818359375,3.0455551147460938
195667,1970-06-11 20:10:40,-35.349178314208984,20.398406982421875,-24.64722442626953,-23.13357162475586,-8.569915771484375,-21.258140563964844,-16.476654052734375,-3.837066650390625,-14.610567092895508,-28.786020278930664,24.25457763671875,-59.33538055419922,-13.313797950744629,4.4122467041015625,-38.562923431396484,-22.415752410888672,-4.96759033203125,-2.4100189208984375,-10.018172264099121,-4.8037872314453125,11.952630996704102,-25.959300994873047,14.5975341796875,-59.61149597167969,-14.923324584960938,4.283233642578125,-43.340370178222656,-27.001991271972656,-1.8692169189453125,-2.2538795471191406,-11.429564476013184,-2.627716064453125,13.58734130859375,-21.654281616210938,4.46942138671875,-55.5933723449707,-22.5944766998291,2.4388427734375,-36.12008285522461,-25.72037696838379,0.050323486328125,-6.2072906494140625,-16.778812408447266,-0.754241943359375,6.030418395996094,-16.195266723632812,-2.828826904296875,-52.886627197265625,-14.823043823242188,6.6107177734375,-29.61676025390625,-17.116920471191406,3.7544174194335938,-6.472888946533203,-16.017242431640625,2.23468017578125,3.081207275390625
195671,1970-06-11 20:11:32,-35.38809585571289,20.37237548828125,-24.612876892089844,-23.114900588989258,-8.629959106445312,-21.254150390625,-16.56720542907715,-3.485382080078125,-14.59630012512207,-28.83485984802246,24.30194091796875,-59.29227066040039,-13.3497896194458,4.4099884033203125,-38.55073928833008,-22.416542053222656,-5.0151214599609375,-2.3018341064453125,-9.91313362121582,-4.8146820068359375,12.03553581237793,-25.99944305419922,14.647842407226562,-59.58165740966797,-14.851371765136719,4.3628387451171875,-43.357139587402344,-27.01205825805664,-1.9029998779296875,-2.0997161865234375,-11.251383781433105,-2.664306640625,13.728199005126953,-21.683364868164062,4.5186767578125,-55.57805252075195,-22.65805435180664,2.4497222900390625,-36.079498291015625,-25.75142478942871,0.0209197998046875,-6.077373504638672,-16.733112335205078,-0.7855377197265625,6.152168273925781,-16.21646499633789,-2.7779312133789062,-52.88282775878906,-14.870454788208008,6.684043884277344,-29.576513290405273,-17.14150047302246,3.758636474609375,-6.405036926269531,-16.005876541137695,2.20697021484375,3.159252166748047
195678,1970-06-11 20:12:32,-35.34734344482422,20.287673950195312,-24.741077423095703,-23.08120346069336,-8.683349609375,-21.269027709960938,-16.62879753112793,-3.157684326171875,-14.600825309753418,-28.6983585357666,24.356582641601562,-59.336055755615234,-13.59525203704834,4.284912109375,-38.4789924621582,-22.439342498779297,-5.01422119140625,-2.0699386596679688,-9.803207397460938,-4.7581329345703125,12.147539138793945,-25.891677856445312,14.69384765625,-59.61724090576172,-14.919386863708496,4.3886260986328125,-43.331180572509766,-27.022418975830078,-1.830718994140625,-2.0295028686523438,-11.227402687072754,-2.627960205078125,13.754814147949219,-21.610355377197266,4.5539093017578125,-55.603607177734375,-22.607234954833984,2.5042266845703125,-36.10762405395508,-25.74951171875,0.09539794921875,-6.0847625732421875,-16.73272705078125,-0.7336883544921875,6.159614562988281,-16.16830062866211,-2.7576370239257812,-52.89863586425781,-14.847002029418945,6.7299346923828125,-29.5778865814209,-17.135452270507812,3.808990478515625,-6.391460418701172,-15.995828628540039,2.250946044921875,3.1790618896484375
195687,1970-06-11 20:13:50,-35.29059982299805,20.091461181640625,-24.98101806640625,-23.055458068847656,-8.708282470703125,-21.286745071411133,-16.716093063354492,-2.6544342041015625,-14.601310729980469,-28.469867706298828,24.472579956054688,-59.39836883544922,-14.015321731567383,4.172943115234375,-38.34033966064453,-22.46419334411621,-4.878326416015625,-2.1243896484375,-10.058921813964844,-4.7014312744140625,11.959102630615234,-25.720487594604492,14.79302978515625,-59.66679763793945,-15.283823013305664,5.2449188232421875,-43.10840606689453,-27.03107261657715,-1.41900634765625,-2.2336196899414062,-11.5760498046875,-2.689727783203125,13.450504302978516,-21.505325317382812,4.6314544677734375,-55.637916564941406,-22.503164291381836,2.614410400390625,-36.16477584838867,-25.736459732055664,0.246856689453125,-6.135509490966797,-16.745372772216797,-0.628173828125,6.136875152587891,-16.11075210571289,-2.7099456787109375,-52.91865539550781,-14.77418327331543,6.729621887207031,-29.614398956298828,-17.102313995361328,3.8853607177734375,-6.4340972900390625,-15.990277290344238,2.3495635986328125,3.1353416442871094
195694,1970-06-11 20:14:51,-35.26869201660156,19.94781494140625,-25.126663208007812,-23.036212921142578,-8.742416381835938,-21.293590545654297,-16.78632926940918,-2.239654541015625,-14.590239524841309,-28.357099533081055,24.460311889648438,-59.45733642578125,-14.142317771911621,4.15594482421875,-38.29552459716797,-22.466896057128906,-4.780487060546875,-2.31011962890625,-10.306330680847168,-4.684906005859375,11.75316047668457,-25.630434036254883,14.773910522460938,-59.71026611328125,-15.352264404296875,5.42730712890625,-43.06148910522461,-27.02669334411621,-1.2828521728515625,-2.3650970458984375,-11.737581253051758,-2.6732330322265625,13.313102722167969,-21.443092346191406,4.6077880859375,-55.66389465332031,-22.26183319091797,2.6893157958984375,-36.3083610534668,-25.687782287597656,0.3346099853515625,-6.332195281982422,-16.792720794677734,-0.5715179443359375,6.011756896972656,-16.068450927734375,-2.7427215576171875,-52.92982482910156,-14.707992553710938,6.601020812988281,-29.676225662231445,-17.07520866394043,3.8800506591796875,-6.5088653564453125,-15.997952461242676,2.3951873779296875,3.060771942138672
195703,1970-06-11 20:16:09,-35.37602615356445,19.63275146484375,-25.223724365234375,-23.068883895874023,-8.801864624023438,-21.233642578125,-16.935361862182617,-1.5717010498046875,-14.505010604858398,-28.476123809814453,24.35626220703125,-59.44316482543945,-14.236645698547363,4.1147003173828125,-38.2650146484375,-22.46111297607422,-4.7292327880859375,-2.466552734375,-10.49031925201416,-4.6783447265625,11.591888427734375,-25.75179100036621,14.668899536132812,-59.68394088745117,-15.477983474731445,5.261199951171875,-43.037086486816406,-27.01634979248047,-1.2791595458984375,-2.4823760986328125,-11.883532524108887,-2.62030029296875,13.193611145019531,-21.55792999267578,4.509429931640625,-55.62757873535156,-22.059816360473633,2.8014984130859375,-36.422996520996094,-25.656967163085938,0.3998260498046875,-6.452201843261719,-16.809589385986328,-0.549468994140625,5.966499328613281,-16.178977966308594,-2.8370437622070312,-52.891170501708984,-14.679340362548828,6.453468322753906,-29.722827911376953,-17.062416076660156,3.8472747802734375,-6.561653137207031,-16.003990173339844,2.4113006591796875,3.0162391662597656
195710,1970-06-11 20:17:10,-35.47248840332031,19.367919921875,-25.292919158935547,-23.11933135986328,-8.84820556640625,-21.15938949584961,-17.022546768188477,-1.252777099609375,-14.433829307556152,-28.618940353393555,24.261993408203125,-59.41312026977539,-14.274589538574219,4.0348052978515625,-38.25938415527344,-22.466705322265625,-4.7108612060546875,-2.4507217407226562,-10.49576473236084,-4.641571044921875,11.601739883422852,-25.903825759887695,14.571746826171875,-59.641929626464844,-15.490143775939941,5.166229248046875,-43.04421615600586,-27.014686584472656,-1.25347900390625,-2.5133934020996094,-11.912406921386719,-2.57342529296875,13.176780700683594,-21.707721710205078,4.416748046875,-55.57674026489258,-22.03544807434082,2.76470947265625,-36.440555572509766,-25.66535758972168,0.4163360595703125,-6.417697906494141,-16.78891944885254,-0.5234222412109375,6.026737213134766,-16.32770538330078,-2.928985595703125,-52.840431213378906,-14.62413215637207,6.415107727050781,-29.758323669433594,-17.052806854248047,3.8602752685546875,-6.5789794921875,-15.99806022644043,2.437286376953125,3.0267868041992188
195719,1970-06-11 20:18:28,-35.604400634765625,19.049331665039062,-25.349449157714844,-23.172260284423828,-8.911972045898438,-21.07455825805664,-17.120136260986328,-0.8815460205078125,-14.34558391571045,-28.828798294067383,24.088088989257812,-59.382415771484375,-14.208380699157715,3.9624786376953125,-38.29158020019531,-22.459999084472656,-4.712921142578125,-2.5075950622558594,-10.523025512695312,-4.6219940185546875,11.584844589233398,-26.10585594177246,14.399688720703125,-59.595611572265625,-15.533374786376953,4.669647216796875,-43.085357666015625,-26.998279571533203,-1.361907958984375,-2.630535125732422,-12.020176887512207,-2.4779815673828125,13.096969604492188,-21.887893676757812,4.258575439453125,-55.51838684082031,-21.923078536987305,2.700592041015625,-36.51306915283203,-25.668907165527344,0.395843505859375,-6.404788970947266,-16.760910034179688,-0.5243682861328125,6.104114532470703,-16.492725372314453,-3.0755691528320312,-52.78082275390625,-14.579730987548828,6.4483795166015625,-29.772918701171875,-17.07171058654785,3.874359130859375,-6.521415710449219,-15.976899147033691,2.426239013671875,3.1451187133789062
195728,1970-06-11 20:19:46,-35.66727828979492,18.83258056640625,-25.422897338867188,-23.183828353881836,-8.930435180664062,-21.05400848388672,-17.15550994873047,-0.691314697265625,-14.313721656799316,-28.90691375732422,23.991973876953125,-59.38334655761719,-14.067258834838867,3.89630126953125,-38.35042953491211,-22.425716400146484,-4.6776123046875,-2.8562583923339844,-10.80391788482666,-4.62591552734375,11.321741104125977,-26.173969268798828,14.30621337890625,-59.5882453918457,-15.546684265136719,4.4158477783203125,-43.1073112487793,-26.9779052734375,-1.4210205078125,-2.8026580810546875,-12.172690391540527,-2.4362030029296875,12.963260650634766,-21.94171905517578,4.1740570068359375,-55.503562927246094,-21.83356475830078,2.7388916015625,-36.563812255859375,-25.681804656982422,0.3945465087890625,-6.3529510498046875,-16.723159790039062,-0.540740966796875,6.205387115478516,-16.536399841308594,-3.1513595581054688,-52.7626838684082,-14.499105453491211,6.68780517578125,-29.759469985961914,-17.126300811767578,3.939239501953125,-6.336803436279297,-15.92143726348877,2.3784942626953125,3.4482383728027344
195736,1970-06-11 20:20:55,-35.6868782043457,18.688629150390625,-25.501510620117188,-23.156558990478516,-8.958099365234375,-21.0722599029541,-17.15966033935547,-0.5746917724609375,-14.313904762268066,-28.91550064086914,23.975372314453125,-59.38587951660156,-14.133516311645508,3.842132568359375,-38.33152770996094,-22.414562225341797,-4.6974029541015625,-2.9108428955078125,-10.872950553894043,-4.639251708984375,11.24997329711914,-26.17229652404785,14.29254150390625,-59.59226989746094,-15.664069175720215,4.5331573486328125,-43.05260467529297,-26.97304916381836,-1.4034271240234375,-2.85772705078125,-12.257250785827637,-2.4693145751953125,12.877029418945312,-21.93051528930664,4.1638946533203125,-55.508750915527344,-21.731353759765625,2.797393798828125,-36.620235443115234,-25.684486389160156,0.39251708984375,-6.342220306396484,-16.701854705810547,-0.5638885498046875,6.260463714599609,-16.518260955810547,-3.1564788818359375,-52.76805877685547,-14.460493087768555,6.712432861328125,-29.7727108001709,-17.13567543029785,3.9332733154296875,-6.315132141113281,-15.914263725280762,2.35308837890625,3.4984207153320312
195741,1970-06-11 20:21:48,-35.74986267089844,18.609573364257812,-25.471080780029297,-23.13239097595215,-9.034103393554688,-21.06635093688965,-17.15094566345215,-0.7169189453125,-14.317928314208984,-29.034563064575195,23.907196044921875,-59.35525131225586,-14.168170928955078,3.799591064453125,-38.322975158691406,-22.40082550048828,-4.77789306640625,-2.8854751586914062,-10.837651252746582,-4.6784515380859375,11.267782211303711,-26.25887680053711,14.233779907226562,-59.5682373046875,-15.736812591552734,4.484893798828125,-43.0311279296875,-26.969621658325195,-1.496490478515625,-2.8428115844726562,-12.252071380615234,-2.5142974853515625,12.873252868652344,-21.98033905029297,4.1174774169921875,-55.49250411987305,-21.702438354492188,2.825164794921875,-36.63524627685547,-25.68431854248047,0.3398895263671875,-6.345943450927734,-16.695363998413086,-0.62286376953125,6.272174835205078,-16.541664123535156,-3.18597412109375,-52.75895309448242,-14.459217071533203,6.659538269042969,-29.785205841064453,-17.144712448120117,3.875518798828125,-6.326297760009766,-15.922826766967773,2.2996978759765625,3.4949569702148438
195747,1970-06-11 20:22:40,-35.66876220703125,18.6826171875,-25.53122329711914,-23.04095458984375,-9.086517333984375,-21.143877029418945,-17.0410099029541,-1.1747894287109375,-14.418596267700195,-28.91575050354004,23.891448974609375,-59.4195671081543,-14.213302612304688,3.7310943603515625,-38.31298828125,-22.402545928955078,-4.874969482421875,-2.7040443420410156,-10.680685043334961,-4.692291259765625,11.41099739074707,-26.121145248413086,14.223434448242188,-59.631229400634766,-15.882505416870117,4.1255035400390625,-43.0135498046875,-26.96959686279297,-1.660675048828125,-2.7503890991210938,-12.221774101257324,-2.497344970703125,12.905315399169922,-21.834712982177734,4.1125640869140625,-55.550331115722656,-21.60326385498047,2.866424560546875,-36.69061279296875,-25.673171997070312,0.3145599365234375,-6.392185211181641,-16.70101547241211,-0.66046142578125,6.253257751464844,-16.389766693115234,-3.1823806762695312,-52.80655288696289,-14.380311965942383,6.6417694091796875,-29.82734489440918,-17.138105392456055,3.843597412109375,-6.363561630249023,-15.933305740356445,2.263702392578125,3.4706077575683594
195754,1970-06-11 20:23:40,-35.6224250793457,18.709793090820312,-25.575992584228516,-23.01593017578125,-9.039749145507812,-21.191123962402344,-16.856718063354492,-2.121551513671875,-14.526597023010254,-28.85562515258789,23.895843505859375,-59.447025299072266,-14.289796829223633,3.6691131591796875,-38.2905158996582,-22.407489776611328,-4.93829345703125,-2.5433731079101562,-10.555892944335938,-4.692474365234375,11.52646255493164,-26.05295181274414,14.230178833007812,-59.659446716308594,-15.937477111816406,3.8319854736328125,-43.02036666870117,-26.971668243408203,-1.7780914306640625,-2.655010223388672,-12.159226417541504,-2.4702606201171875,12.969451904296875,-21.763832092285156,4.120849609375,-55.57752227783203,-21.507741928100586,2.8743743896484375,-36.746070861816406,-25.66047477722168,0.3003692626953125,-6.4436492919921875,-16.708364486694336,-0.6768798828125,6.231830596923828,-16.316688537597656,-3.1709823608398438,-52.829864501953125,-14.335208892822266,6.634910583496094,-29.850570678710938,-17.132844924926758,3.83013916015625,-6.385799407958984,-15.938876152038574,2.248138427734375,3.4551239013671875
195761,1970-06-11 20:24:41,-35.59366226196289,18.736236572265625,-25.59667205810547,-22.986122131347656,-9.034286499023438,-21.225784301757812,-16.541645050048828,-3.5298004150390625,-14.61460018157959,-28.761117935180664,23.955184936523438,-59.468936920166016,-14.369241714477539,3.612884521484375,-38.26612091064453,-22.410572052001953,-4.9681549072265625,-2.456592559814453,-10.50819206237793,-4.6871337890625,11.57213020324707,-25.960363388061523,14.2890625,-59.68572235107422,-15.859642028808594,3.88909912109375,-43.04399871826172,-26.97256088256836,-1.7715301513671875,-2.6503334045410156,-12.133467674255371,-2.482666015625,12.99118423461914,-21.679683685302734,4.175140380859375,-55.60634994506836,-21.466947555541992,2.790313720703125,-36.77639389038086,-25.672622680664062,0.2606201171875,-6.396816253662109,-16.682157516479492,-0.68658447265625,6.300594329833984,-16.23834228515625,-3.120391845703125,-52.85701370239258,-14.328802108764648,6.585273742675781,-29.864635467529297,-17.142934799194336,3.8091278076171875,-6.371280670166016,-15.933963775634766,2.236541748046875,3.4851608276367188
195768,1970-06-11 20:25:42,-35.62464904785156,18.580322265625,-25.667118072509766,-22.931961059570312,-9.167312622070312,-21.22732925415039,-16.481948852539062,-3.7554931640625,-14.625787734985352,-28.745418548583984,23.82098388671875,-59.5303955078125,-14.346288681030273,3.52227783203125,-38.283180236816406,-22.39802360534668,-5.013153076171875,-2.479503631591797,-10.521942138671875,-4.6896820068359375,11.558591842651367,-25.926790237426758,14.159713745117188,-59.73112869262695,-15.83197021484375,3.8175811767578125,-43.060585021972656,-26.969375610351562,-1.822998046875,-2.6478118896484375,-12.120553016662598,-2.490509033203125,13.00173568725586,-21.631717681884766,4.059234619140625,-55.633609771728516,-21.45696258544922,2.6493988037109375,-36.79263687133789,-25.676212310791016,0.18359375,-6.385078430175781,-16.67383575439453,-0.7112274169921875,6.319858551025391,-16.179798126220703,-3.2225494384765625,-52.86883544921875,-14.356521606445312,6.3980255126953125,-29.892011642456055,-17.158218383789062,3.726348876953125,-6.379085540771484,-15.938425064086914,2.20428466796875,3.485332489013672
195779,1970-06-11 20:27:17,-35.75440216064453,18.080825805664062,-25.842823028564453,-22.837921142578125,-9.451644897460938,-21.203996658325195,-16.55415153503418,-3.472564697265625,-14.614151954650879,-28.903621673583984,23.644607543945312,-59.52411651611328,-14.204169273376465,3.5720367431640625,-38.3315315246582,-22.381715774536133,-5.074127197265625,-2.5026283264160156,-10.464154243469238,-4.7318115234375,11.59383773803711,-26.046890258789062,13.994400024414062,-59.71784210205078,-15.790046691894531,3.614471435546875,-43.0934944152832,-26.965511322021484,-1.966552734375,-2.5837059020996094,-12.03355884552002,-2.5088348388671875,13.078788757324219,-21.70737075805664,3.9152984619140625,-55.61445617675781,-21.525653839111328,2.3562164306640625,-36.77245330810547,-25.675819396972656,0.0163726806640625,-6.389274597167969,-16.679527282714844,-0.7684478759765625,6.298107147216797,-16.22362518310547,-3.3419036865234375,-52.847984313964844,-14.415401458740234,6.140106201171875,-29.91775894165039,-17.177019119262695,3.597320556640625,-6.402505874633789,-15.951502799987793,2.1442718505859375,3.462860107421875
195787,1970-06-11 20:28:26,-35.75532913208008,17.750762939453125,-26.06936264038086,-22.827383041381836,-9.502334594726562,-21.19268798828125,-16.56291389465332,-3.41656494140625,-14.617419242858887,-28.85112953186035,23.406387329101562,-59.64360427856445,-14.212991714477539,3.3919219970703125,-38.34462356567383,-22.38479995727539,-5.0846710205078125,-2.4531707763671875,-10.447509765625,-4.67266845703125,11.63276481628418,-25.999296188354492,13.753982543945312,-59.79438400268555,-15.801939010620117,3.2754669189453125,-43.11623001098633,-26.967872619628906,-2.01531982421875,-2.52069091796875,-11.995857238769531,-2.4216461181640625,13.129764556884766,-21.667797088623047,3.6901702880859375,-55.64527130126953,-21.625774383544922,1.9429473876953125,-36.73784637451172,-25.637874603271484,-0.083038330078125,-6.539356231689453,-16.75937843322754,-0.722412109375,6.088077545166016,-16.189708709716797,-3.5580520629882812,-52.844276428222656,-14.408109664916992,5.8986053466796875,-29.969812393188477,-17.140419006347656,3.543426513671875,-6.529396057128906,-15.982348442077637,2.1853485107421875,3.2906761169433594
195794,1970-06-11 20:29:27,-35.96434020996094,17.159408569335938,-26.17757797241211,-22.89792823791504,-9.4666748046875,-21.132457733154297,-16.616092681884766,-3.36822509765625,-14.568201065063477,-29.112396240234375,23.025375366210938,-59.664955139160156,-14.376333236694336,3.1312103271484375,-38.305885314941406,-22.360122680664062,-5.234832763671875,-2.3606224060058594,-10.39387035369873,-4.6888580322265625,11.674226760864258,-26.2042236328125,13.389373779296875,-59.787681579589844,-15.995837211608887,2.868865966796875,-43.07368087768555,-26.961103439331055,-2.2281036376953125,-2.4116363525390625,-11.945982933044434,-2.420684814453125,13.175331115722656,-21.805034637451172,3.3659210205078125,-55.61220932006836,-22.186901092529297,1.4812774658203125,-36.423423767089844,-25.655269622802734,-0.3222503662109375,-6.463291168212891,-16.807239532470703,-0.79217529296875,5.945796966552734,-16.27862548828125,-3.8400726318359375,-52.79719924926758,-14.620565414428711,5.6556854248046875,-29.9136962890625,-17.157588958740234,3.4011611938476562,-6.559883117675781,-16.013654708862305,2.119903564453125,3.1794052124023438
195798,1970-06-11 20:30:19,-36.0374755859375,17.276443481445312,-25.99941635131836,-23.049169540405273,-8.997711181640625,-21.172882080078125,-16.696563720703125,-3.0382843017578125,-14.548730850219727,-29.181175231933594,23.424102783203125,-59.475852966308594,-14.494749069213867,3.3669281005859375,-38.241214752197266,-22.36428451538086,-5.2255096435546875,-2.341777801513672,-10.379220962524414,-4.768463134765625,11.655000686645508,-26.272512435913086,13.78936767578125,-59.66667938232422,-16.058319091796875,3.127655029296875,-43.03240203857422,-26.964290618896484,-2.2231903076171875,-2.3803558349609375,-11.9220552444458,-2.5055694580078125,13.181137084960938,-21.867958068847656,3.7383575439453125,-55.56369400024414,-22.26787567138672,1.6758575439453125,-36.36553192138672,-25.657886505126953,-0.2963104248046875,-6.454128265380859,-16.813793182373047,-0.832000732421875,5.921775817871094,-16.337905883789062,-3.4860076904296875,-52.80345153808594,-14.72700309753418,5.908531188964844,-29.81243896484375,-17.163511276245117,3.4593353271484375,-6.513814926147461,-16.016525268554688,2.1049652099609375,3.174877166748047
195806,1970-06-11 20:31:28,-34.15141677856445,21.712646484375,-25.20688247680664,-22.93394660949707,-5.2387237548828125,-22.518966674804688,-16.494510650634766,0.16827392578125,-15.085582733154297,-25.988391876220703,29.101394653320312,-58.44072723388672,-12.978432655334473,7.0258941650390625,-38.288658142089844,-22.44643783569336,-4.0019989013671875,-3.6183547973632812,-11.11126708984375,-5.2177276611328125,10.752696990966797,-23.460798263549805,19.39398193359375,-59.27873229980469,-14.581524848937988,6.9643402099609375,-43.10819625854492,-26.939319610595703,-0.93182373046875,-3.3296127319335938,-12.466246604919434,-2.9815826416015625,12.564176559448242,-19.61611557006836,8.881591796875,-55.819637298583984,-22.444255828857422,5.4851226806640625,-35.87879180908203,-25.77376937866211,1.162872314453125,-5.867824554443359,-16.709362030029297,-0.7040557861328125,6.226142883300781,-14.484970092773438,1.2392730712890625,-53.440940856933594,-14.056785583496094,9.06256103515625,-29.340307235717773,-16.959108352661133,4.6789398193359375,-6.283231735229492,-15.95608901977539,2.4357757568359375,3.241914749145508
195812,1970-06-11 20:32:21,-30.384450912475586,26.9317626953125,-24.99219512939453,-19.00993537902832,-0.3578033447265625,-26.438766479492188,-13.99580192565918,3.566680908203125,-17.06072425842285,-17.54399871826172,40.834991455078125,-54.42718505859375,-7.813844680786133,14.927139282226562,-37.41588592529297,-21.59575653076172,-3.1543121337890625,-7.524940013885498,-12.390270233154297,-7.3568115234375,7.6592535972595215,-14.647438049316406,31.507171630859375,-56.86170959472656,-8.194597244262695,15.860443115234375,-42.43505859375,-26.092769622802734,-0.1170196533203125,-7.538913726806641,-14.15596866607666,-5.4851837158203125,9.574810028076172,-11.08481216430664,20.484786987304688,-55.109046936035156,-20.131803512573242,13.113235473632812,-35.26856994628906,-25.349626541137695,1.9474029541015625,-7.326313018798828,-17.13454818725586,-2.3551483154296875,4.395898818969727,-6.1663360595703125,12.489013671875,-53.603031158447266,-13.322498321533203,15.260650634765625,-27.022220611572266,-17.216543197631836,5.0566558837890625,-5.196521759033203,-16.056564331054688,0.5514373779296875,3.5947704315185547
195819,1970-06-11 20:33:21,-22.447391510009766,32.86289978027344,-26.254302978515625,-10.576930046081543,5.5866851806640625,-30.28913116455078,-8.9141845703125,8.507293701171875,-18.650344848632812,-5.266242980957031,53.5103759765625,-45.23839569091797,0.0543365478515625,23.624252319335938,-33.55168914794922,-19.298084259033203,-1.21539306640625,-12.611812591552734,-13.34139347076416,-8.961563110351562,2.8289833068847656,-1.5045890808105469,45.014739990234375,-49.111228942871094,1.6997413635253906,26.079925537109375,-37.89970779418945,-23.45235824584961,2.3649749755859375,-13.493526458740234,-15.846410751342773,-7.347442626953125,4.130613327026367,1.9440231323242188,33.819976806640625,-49.314674377441406,-18.55096435546875,20.207733154296875,-32.68987274169922,-25.424606323242188,0.2816162109375,-7.3199005126953125,-16.46904754638672,-5.883453369140625,3.5522823333740234,6.649784088134766,25.584152221679688,-48.667396545410156,-10.700828552246094,20.722259521484375,-24.426563262939453,-17.286922454833984,4.4090728759765625,-5.541236877441406,-16.13336944580078,-2.3108367919921875,2.326833724975586
195827,1970-06-11 20:34:31,-7.273029327392578,39.38575744628906,-25.865234375,1.5592632293701172,10.837417602539062,-30.66973114013672,-0.6355695724487305,12.2037353515625,-18.71729278564453,12.103294372558594,61.948028564453125,-30.879745483398438,11.610206604003906,30.065658569335938,-25.39849853515625,-14.639270782470703,4.0818634033203125,-17.377609252929688,-14.108463287353516,-7.5198822021484375,-3.2723464965820312,16.29145050048828,54.01953125,-35.453956604003906,14.649002075195312,32.90699768066406,-28.67010498046875,-18.11852264404297,8.171005249023438,-18.510414123535156,-16.80108642578125,-5.879730224609375,-2.30389404296875,18.90105438232422,42.75495910644531,-37.33992004394531,-10.878578186035156,27.574432373046875,-30.69896697998047,-24.2802734375,0.795562744140625,-10.483619689941406,-16.114635467529297,-7.622100830078125,0.8280410766601562,22.6444091796875,34.01554870605469,-37.38256072998047,-7.40667724609375,24.822463989257812,-21.669418334960938,-17.393451690673828,3.217620849609375,-6.008125305175781,-15.57400131225586,-5.19976806640625,1.2052841186523438
195842,1970-06-11 20:36:41,-1.490264892578125,47.64680480957031,0.8399810791015625,3.151926040649414,25.044105529785156,-20.576004028320312,3.4616165161132812,9.545326232910156,-19.914215087890625,15.352701187133789,67.71762084960938,10.78076171875,12.977469444274902,38.807960510253906,-3.05810546875,-14.734148025512695,14.258056640625,-10.609603881835938,-14.647218704223633,-3.5207061767578125,-6.27447509765625,18.87098503112793,63.872406005859375,2.169097900390625,-16.929710388183594,41.806495666503906,-9.221771240234375,-25.65448760986328,-4.269744873046875,-7.829315185546875,-10.199012756347656,-14.641937255859375,-1.9362640380859375,20.66689109802246,55.809505462646484,-6.1388397216796875,-20.43869400024414,36.077789306640625,-10.08819580078125,-25.662635803222656,-4.269462585449219,-4.8240509033203125,-11.97223949432373,-13.22515869140625,-0.473236083984375,23.814220428466797,48.65043258666992,-11.545654296875,-13.799768447875977,30.612457275390625,-3.6084671020507812,-18.62875747680664,-0.46906280517578125,-1.3161468505859375,-12.652888298034668,-10.532974243164062,-0.0251007080078125
