193866,1970-06-11 14:03:21,-29.99785614013672,24.196884155273438,-28.067489624023438,0.19460296630859375,12.205642700195312,-30.1910400390625,5.945121765136719,5.903717041015625,-20.72374725341797,-13.439323425292969,24.38189697265625,-64.5175552368164,2.6381988525390625,12.332687377929688,-39.04828643798828,1.776397705078125,3.955535888671875,-22.674861907958984,1.401611328125,1.1130828857421875,-16.220420837402344,-3.7136497497558594,24.337493896484375,-61.922523498535156,0.840728759765625,14.1231689453125,-43.80946350097656,0.24469757080078125,4.789215087890625,-26.733592987060547,0.028354644775390625,1.2735595703125,-17.903430938720703,5.6744384765625,22.39544677734375,-55.188331604003906,-3.197734832763672,13.783187866210938,-40.26061248779297,-2.343852996826172,5.8787384033203125,-25.690807342529297,-1.7592620849609375,2.526519775390625,-17.57796859741211,12.73837661743164,22.800872802734375,-48.837867736816406,0.9806385040283203,11.787445068359375,-31.633392333984375,-0.05437660217285156,4.6400146484375,-18.0955810546875,-0.44614410400390625,2.8002471923828125,-16.21725845336914
193874,1970-06-11 14:04:31,-33.04299545288086,16.089035034179688,-30.371826171875,-1.3509750366210938,8.7039794921875,-31.351707458496094,5.19390869140625,4.4345550537109375,-21.284500122070312,-16.31826400756836,14.8072509765625,-66.72380828857422,-1.2800865173339844,11.370407104492188,-39.40684509277344,-0.2709465026855469,4.7030029296875,-22.599987030029297,0.06333160400390625,2.3520050048828125,-16.148361206054688,-6.7285308837890625,16.538055419921875,-64.20065307617188,-1.4592857360839844,10.723922729492188,-44.74715042114258,-0.6530532836914062,3.8638916015625,-26.87611198425293,-0.31982421875,1.2452392578125,-17.902589797973633,2.7734832763671875,16.807662963867188,-57.352561950683594,-2.799030303955078,9.7274169921875,-41.45674514770508,-1.7129383087158203,4.19354248046875,-26.068191528320312,-1.1392955780029297,1.8429412841796875,-17.713523864746094,9.623946189880371,18.984603881835938,-51.129722595214844,0.13874781131744385,8.762985229492188,-32.615455627441406,-0.17374193668365479,3.198150634765625,-18.404464721679688,-0.3215402364730835,1.6880340576171875,-16.37335968017578
193880,1970-06-11 14:05:23,-31.4107666015625,13.47747802734375,-33.239532470703125,0.14170074462890625,5.5399322509765625,-32.090545654296875,6.171424865722656,2.199127197265625,-21.371692657470703,-13.200679779052734,8.301406860351562,-68.51594543457031,1.040618896484375,8.973419189453125,-40.027732849121094,0.8785858154296875,3.8901824951171875,-22.73863983154297,0.7875518798828125,2.0814971923828125,-16.166404724121094,-3.693105697631836,10.12701416015625,-65.75948333740234,0.5509357452392578,6.926055908203125,-45.51005554199219,0.4442157745361328,2.437286376953125,-27.047067642211914,0.35561370849609375,0.7368621826171875,-17.930036544799805,5.515965461730957,10.933502197265625,-58.56227111816406,-0.11610698699951172,6.592742919921875,-42.16208267211914,-0.07322978973388672,2.7533111572265625,-26.315101623535156,-0.049963951110839844,1.1405487060546875,-17.80898666381836,12.140482902526855,13.616104125976562,-52.29240417480469,1.913863182067871,5.737762451171875,-33.22637176513672,0.8385229110717773,1.8010101318359375,-18.57514762878418,0.5866861343383789,0.6490936279296875,-16.440017700195312
193887,1970-06-11 14:06:24,-30.233795166015625,12.133392333984375,-34.81153869628906,1.0244102478027344,3.36578369140625,-32.37493133544922,6.708709716796875,0.5763702392578125,-21.315086364746094,-11.41547966003418,4.066314697265625,-69.2153091430664,2.9750900268554688,6.7622833251953125,-40.3639030456543,1.91748046875,2.7158660888671875,-22.845096588134766,1.4932003021240234,1.2905120849609375,-16.199087142944336,-1.9193401336669922,5.7923431396484375,-66.35713195800781,1.7373943328857422,5.0032806396484375,-45.73169708251953,1.087717056274414,1.5538482666015625,-27.093984603881836,0.7507743835449219,0.2813568115234375,-17.93077850341797,7.1485276222229,6.8089752197265625,-59.00883865356445,0.5681674480438232,2.99627685546875,-42.56545639038086,0.3155689239501953,0.5688934326171875,-26.450851440429688,0.19296598434448242,-0.3022918701171875,-17.841936111450195,13.71238899230957,9.71044921875,-52.77273941040039,2.2043609619140625,3.682464599609375,-33.49861145019531,0.9919643402099609,0.8035736083984375,-18.637413024902344,0.7166290283203125,-0.1340484619140625,-16.447134017944336
193894,1970-06-11 14:07:24,-28.60276985168457,11.269973754882812,-36.44192886352539,2.3778762817382812,2.1144256591796875,-32.409706115722656,7.565975189208984,-0.3403472900390625,-21.031219482421875,-8.562589645385742,1.6061248779296875,-69.72595977783203,5.171358108520508,5.611328125,-40.31865692138672,3.138080596923828,2.0770263671875,-22.77695083618164,2.346456527709961,0.8424530029296875,-16.127304077148438,0.8396377563476562,3.2911834716796875,-66.55048370361328,3.40572452545166,3.846282958984375,-45.74982452392578,2.0541162490844727,0.863922119140625,-27.068723678588867,1.3787620067596436,-0.18133544921875,-17.89474105834961,9.621993064880371,4.445098876953125,-58.88264083862305,1.098250389099121,-0.0771636962890625,-42.660362243652344,0.629216194152832,-1.2613525390625,-26.421276092529297,0.3965616226196289,-1.4877471923828125,-17.778995513916016,15.979575157165527,7.479034423828125,-52.49763107299805,2.0469112396240234,1.6802520751953125,-33.66844177246094,0.9180488586425781,-0.17877197265625,-18.657655715942383,0.6623382568359375,-0.905914306640625,-16.424991607666016
193901,1970-06-11 14:08:25,-27.527626037597656,11.829437255859375,-37.08690643310547,3.1151466369628906,1.901519775390625,-32.36037826538086,7.997001647949219,-0.6323394775390625,-20.86432647705078,-7.044578552246094,1.499755859375,-69.89801025390625,6.298774719238281,5.63134765625,-40.15517044067383,3.75241756439209,2.0591888427734375,-22.685461044311523,2.7686023712158203,0.811065673828125,-16.06183624267578,2.3287622928619385,2.9580230712890625,-66.53067779541016,4.141301155090332,3.82916259765625,-45.6905517578125,2.454753875732422,0.7626953125,-27.03838348388672,1.6247670650482178,-0.2988739013671875,-17.872501373291016,10.97407341003418,3.9221649169921875,-58.68299102783203,1.4337158203125,-0.8540802001953125,-42.64192199707031,0.8197040557861328,-1.547760009765625,-26.400819778442383,0.5160121917724609,-1.5765228271484375,-17.76827621459961,17.271411895751953,6.82183837890625,-52.17705535888672,1.73175048828125,0.9437408447265625,-33.71479415893555,0.7451553344726562,-0.465179443359375,-18.660419464111328,0.5126457214355469,-1.071563720703125,-16.420373916625977
193907,1970-06-11 14:09:17,-27.76456069946289,11.754547119140625,-36.93379211425781,2.8763389587402344,1.735107421875,-32.39181900024414,7.835956573486328,-0.7619476318359375,-20.921024322509766,-7.569535255432129,1.191741943359375,-69.84904479980469,6.043216705322266,5.43829345703125,-40.22100067138672,3.6104793548583984,1.9129486083984375,-22.721271514892578,2.6692304611206055,0.6858062744140625,-16.08447265625,1.8344273567199707,2.6311187744140625,-66.55986785888672,3.7378625869750977,3.5681304931640625,-45.74643325805664,2.210667848587036,0.4325103759765625,-27.06671905517578,1.459761381149292,-0.6110076904296875,-17.878795623779297,10.542581558227539,3.60052490234375,-58.782623291015625,0.8781509399414062,-1.5859375,-42.63604736328125,0.48050498962402344,-1.88238525390625,-26.38743019104004,0.2904186248779297,-1.7381744384765625,-17.758316040039062,16.899803161621094,6.5077667236328125,-52.33860778808594,1.0660972595214844,0.2237701416015625,-33.75485610961914,0.3841285705566406,-0.81768798828125,-18.659225463867188,0.20087051391601562,-1.34698486328125,-16.406858444213867
193915,1970-06-11 14:10:27,-27.63506507873535,11.245635986328125,-37.1884880065918,2.8843917846679688,0.962677001953125,-32.423255920410156,7.817985534667969,-1.3324127197265625,-20.899181365966797,-7.581960678100586,-0.3066558837890625,-69.85718536376953,6.074092864990234,4.68475341796875,-40.31107711791992,3.6149253845214844,1.48583984375,-22.752487182617188,2.6650962829589844,0.38134765625,-16.095260620117188,1.8399848937988281,1.0934600830078125,-66.60272216796875,3.591200590133667,2.5664825439453125,-45.82527542114258,2.1038317680358887,-0.1843719482421875,-27.078060150146484,1.37834894657135,-1.03216552734375,-17.86590576171875,10.562255859375,2.1343231201171875,-58.85057067871094,1.0732507705688477,0.6731109619140625,-42.655757904052734,0.5366725921630859,-1.1573333740234375,-26.428081512451172,0.29195404052734375,-1.6235504150390625,-17.769134521484375,16.956645965576172,5.110443115234375,-52.475135803222656,1.0382804870605469,0.2707061767578125,-33.75537872314453,0.28380584716796875,-1.116302490234375,-18.64554214477539,0.053539276123046875,-1.8336334228515625,-16.360763549804688
193922,1970-06-11 14:11:27,-27.814088821411133,10.540786743164062,-37.26142120361328,2.7396583557128906,0.3829498291015625,-32.44782638549805,7.727203369140625,-1.6984100341796875,-20.906404495239258,-7.890514373779297,-1.5723876953125,-69.80597686767578,5.763172149658203,4.5252532958984375,-40.37489700317383,3.4369029998779297,1.4352874755859375,-22.783302307128906,2.5384597778320312,0.3657684326171875,-16.116073608398438,1.5438861846923828,-0.102294921875,-66.619140625,3.1422500610351562,2.2596893310546875,-45.874385833740234,1.8427057266235352,-0.3111114501953125,-27.095928192138672,1.2084664106369019,-1.089935302734375,-17.87476348876953,10.298988342285156,1.088592529296875,-58.92582321166992,0.8413124084472656,-0.212066650390625,-42.665748596191406,0.39216136932373047,-1.7408905029296875,-26.398605346679688,0.1944875717163086,-2.0326690673828125,-17.72832489013672,16.71759796142578,4.186798095703125,-52.633419036865234,0.9010162353515625,0.249053955078125,-33.75948715209961,0.17932891845703125,-1.2671661376953125,-18.637191772460938,-0.058658599853515625,-2.063568115234375,-16.33333969116211
193926,1970-06-11 14:12:19,-28.05879783630371,9.39422607421875,-37.38444900512695,2.6869239807128906,-0.1072235107421875,-32.45431900024414,7.728687286376953,-1.90185546875,-20.888330459594727,-7.9565277099609375,-2.8845977783203125,-69.7565689086914,5.419147491455078,4.0686492919921875,-40.47101593017578,3.2668514251708984,1.168212890625,-22.82354736328125,2.432199478149414,0.170562744140625,-16.135696411132812,1.4530248641967773,-1.1849365234375,-66.61072540283203,2.8795318603515625,1.747283935546875,-45.91399002075195,1.718278408050537,-0.55657958984375,-27.100170135498047,1.1431312561035156,-1.222412109375,-17.870498657226562,10.194900512695312,0.2981109619140625,-58.95322036743164,1.1416292190551758,-0.51605224609375,-42.65617370605469,0.6092519760131836,-1.914825439453125,-26.38243865966797,0.3569612503051758,-2.143768310546875,-17.71270751953125,16.562942504882812,3.62066650390625,-52.72422409057617,0.9637374877929688,-0.127227783203125,-33.7584342956543,0.2350616455078125,-1.504638671875,-18.61890411376953,0.004199981689453125,-2.29302978515625,-16.302814483642578
193932,1970-06-11 14:13:11,-28.251590728759766,8.10296630859375,-37.541099548339844,2.6791458129882812,-0.6851959228515625,-32.447906494140625,7.759082794189453,-2.153411865234375,-20.852615356445312,-7.917510986328125,-4.3999481201171875,-69.68184661865234,4.907218933105469,3.6905670166015625,-40.572444915771484,2.9841480255126953,1.0430145263671875,-22.868274688720703,2.236673355102539,0.1320953369140625,-16.164321899414062,1.457137107849121,-2.451904296875,-66.57603454589844,2.610440254211426,1.2414703369140625,-45.946529388427734,1.5847744941711426,-0.631591796875,-27.10666275024414,1.0694680213928223,-1.1530914306640625,-17.879661560058594,10.169870376586914,-0.6459197998046875,-58.95475769042969,1.653773307800293,-1.0157928466796875,-42.630409240722656,0.9616641998291016,-2.1426239013671875,-26.354415893554688,0.6128654479980469,-2.254425048828125,-17.69195556640625,16.47209930419922,2.923675537109375,-52.79589080810547,1.2801094055175781,-0.33642578125,-33.746482849121094,0.43392372131347656,-1.6453704833984375,-18.603424072265625,0.194091796875,-2.4372711181640625,-16.280715942382812
193939,1970-06-11 14:14:12,-28.360958099365234,7.4715576171875,-37.58958435058594,2.6824607849121094,-0.8772430419921875,-32.44300842285156,7.783008575439453,-2.197998046875,-20.83903694152832,-7.871101379394531,-4.9900360107421875,-69.6473388671875,4.327571868896484,3.836944580078125,-40.62479782104492,2.6528892517089844,1.212554931640625,-22.900718688964844,2.000782012939453,0.3009185791015625,-16.192955017089844,1.4778966903686523,-2.8984222412109375,-66.55763244628906,2.428069591522217,1.091949462890625,-45.960323333740234,1.4944682121276855,-0.7069854736328125,-27.109928131103516,1.0193047523498535,-1.196807861328125,-17.879714965820312,10.167635917663574,-0.925872802734375,-58.951412200927734,2.240093231201172,-1.7042083740234375,-42.581642150878906,1.3432283401489258,-2.5676727294921875,-26.29969024658203,0.8793935775756836,-2.5369110107421875,-17.64239501953125,16.423864364624023,2.76849365234375,-52.81928253173828,1.4936294555664062,-0.6466217041015625,-33.733184814453125,0.5710697174072266,-1.810577392578125,-18.58436393737793,0.3275947570800781,-2.576995849609375,-16.25704574584961
193946,1970-06-11 14:15:13,-28.567138671875,6.851654052734375,-37.551544189453125,2.62396240234375,-0.954010009765625,-32.44562530517578,7.772087097167969,-2.1450653076171875,-20.848628997802734,-7.942390441894531,-5.3838043212890625,-69.60990905761719,4.01325798034668,3.4120635986328125,-40.69491195678711,2.4946727752685547,0.9600067138671875,-22.930465698242188,1.8996505737304688,0.115814208984375,-16.20751190185547,1.376974105834961,-3.1234893798828125,-66.54961395263672,2.238251209259033,0.866729736328125,-45.97475814819336,1.4036469459533691,-0.8162078857421875,-27.111717224121094,0.9708728790283203,-1.2557220458984375,-17.878372192382812,10.049325942993164,-0.976348876953125,-58.97087860107422,2.5021963119506836,-2.931976318359375,-42.50012969970703,1.5313148498535156,-3.1544036865234375,-26.225479125976562,1.0202646255493164,-2.834259033203125,-17.58946990966797,16.256210327148438,2.8458404541015625,-52.86701202392578,1.630096435546875,-1.30120849609375,-33.70796203613281,0.6818008422851562,-2.0917816162109375,-18.551076889038086,0.44979286193847656,-2.76495361328125,-16.22320556640625
193953,1970-06-11 14:16:13,-28.622819900512695,6.6743927001953125,-37.54106903076172,2.6209869384765625,-0.9253082275390625,-32.44669723510742,7.780235290527344,-2.086090087890625,-20.851573944091797,-7.926265716552734,-5.4124603271484375,-69.60952758789062,3.911386489868164,3.0428619384765625,-40.734092712402344,2.43988037109375,0.7636566162109375,-22.943737030029297,1.8621349334716797,-0.01458740234375,-16.21227264404297,1.3787250518798828,-3.0912322998046875,-66.55108642578125,2.1483449935913086,0.5431365966796875,-45.9840087890625,1.3568930625915527,-0.97760009765625,-27.108760833740234,0.9433932304382324,-1.3447113037109375,-17.873367309570312,10.0387601852417,-0.889068603515625,-58.97406005859375,2.3588409423828125,-3.5950927734375,-42.45738983154297,1.4521303176879883,-3.4059906005859375,-26.198497772216797,0.9725399017333984,-2.9169464111328125,-17.578651428222656,16.221817016601562,2.9722442626953125,-52.87062072753906,1.6217021942138672,-1.9750213623046875,-33.675601959228516,0.7050495147705078,-2.332000732421875,-18.52154541015625,0.4903697967529297,-2.8822174072265625,-16.20160675048828
193959,1970-06-11 14:17:05,-28.606781005859375,6.475982666015625,-37.58800506591797,2.6420249938964844,-1.06719970703125,-32.44063186645508,7.795356750488281,-2.1707000732421875,-20.8372859954834,-7.877433776855469,-5.7314605712890625,-69.58953094482422,3.864004135131836,2.465850830078125,-40.77760696411133,2.420103073120117,0.4106903076171875,-22.954856872558594,1.8516197204589844,-0.2786102294921875,-16.211090087890625,1.4231634140014648,-3.3866119384765625,-66.53577423095703,2.108102798461914,0.1340789794921875,-45.9888801574707,1.333803653717041,-1.212982177734375,-27.100391387939453,0.9284663200378418,-1.4959259033203125,-17.86212921142578,10.076144218444824,-1.14129638671875,-58.963340759277344,2.1199874877929688,-3.77447509765625,-42.45441818237305,1.3061447143554688,-3.490020751953125,-26.195125579833984,0.8753881454467773,-2.959197998046875,-17.576690673828125,16.251270294189453,2.7538604736328125,-52.8734016418457,1.6531848907470703,-2.2442779541015625,-33.65719985961914,0.7255077362060547,-2.4664154052734375,-18.503334045410156,0.5106220245361328,-2.9895172119140625,-16.18152618408203
193967,1970-06-11 14:18:15,-28.48944091796875,6.28680419921875,-37.70905303955078,2.6634597778320312,-1.5490264892578125,-32.4194450378418,7.791309356689453,-2.5512542724609375,-20.79564094543457,-7.870830535888672,-6.606048583984375,-69.51271057128906,3.9639358520507812,1.48590087890625,-40.81547927856445,2.46588134765625,-0.15216064453125,-22.95315933227539,1.8774394989013672,-0.6810150146484375,-16.196197509765625,1.4533729553222656,-4.327880859375,-66.48052978515625,2.1217050552368164,-0.5888519287109375,-45.98468017578125,1.3246393203735352,-1.6061859130859375,-27.08038330078125,0.9132323265075684,-1.7373504638671875,-17.841049194335938,10.124086380004883,-2.0788421630859375,-58.92951583862305,1.6430091857910156,-3.4006805419921875,-42.50711441040039,0.9984292984008789,-3.2939605712890625,-26.23401641845703,0.6616487503051758,-2.849761962890625,-17.604103088378906,16.337997436523438,1.828125,-52.886783599853516,1.6558265686035156,-2.6280364990234375,-33.62928009033203,0.7092227935791016,-2.6965789794921875,-18.47182273864746,0.48421287536621094,-3.204254150390625,-16.141193389892578
193974,1970-06-11 14:19:15,-28.331541061401367,6.586845397949219,-37.77674102783203,2.6762962341308594,-1.75421142578125,-32.40793228149414,7.772010803222656,-2.7866134643554688,-20.772640228271484,-7.897480010986328,-6.8133087158203125,-69.48967742919922,3.9607276916503906,1.6434478759765625,-40.80975341796875,2.4331588745117188,0.0015716552734375,-22.9571533203125,1.8370819091796875,-0.5363616943359375,-16.206260681152344,1.4605951309204102,-4.6799468994140625,-66.4565200805664,2.157072067260742,-0.8230133056640625,-45.97943878173828,1.3225102424621582,-1.7092132568359375,-27.074176788330078,0.8995351791381836,-1.786712646484375,-17.836875915527344,10.159244537353516,-2.5422515869140625,-58.90529251098633,1.5464372634887695,-2.8162384033203125,-42.55344772338867,0.9205188751220703,-2.893218994140625,-26.284072875976562,0.5995168685913086,-2.5628814697265625,-17.650375366210938,16.431652069091797,1.2876739501953125,-52.873687744140625,1.6368598937988281,-2.28955078125,-33.654945373535156,0.6714496612548828,-2.5475921630859375,-18.494373321533203,0.43175506591796875,-3.1029052734375,-16.162464141845703
193983,1970-06-11 14:20:33,-28.231752395629883,6.509605407714844,-37.86473083496094,2.7011184692382812,-2.0379104614257812,-32.3892707824707,7.774280548095703,-3.0172576904296875,-20.739545822143555,-7.868474960327148,-7.3112945556640625,-69.44234466552734,4.158512115478516,1.9737091064453125,-40.775428771972656,2.531414031982422,0.221710205078125,-22.945453643798828,1.8996009826660156,-0.36358642578125,-16.203857421875,1.5028791427612305,-5.229095458984375,-66.41461944580078,2.228915214538574,-0.3949432373046875,-45.98168182373047,1.3501758575439453,-1.277374267578125,-27.096622467041016,0.9103269577026367,-1.4086151123046875,-17.870162963867188,10.209413528442383,-3.1007080078125,-58.86985778808594,1.6850576400756836,-1.5484619140625,-42.613162994384766,1.0039520263671875,-1.9803466796875,-26.365528106689453,0.6542911529541016,-1.8869476318359375,-17.733428955078125,16.505306243896484,0.72711181640625,-52.861427307128906,1.6637420654296875,-1.438568115234375,-33.70073318481445,0.6718330383300781,-2.11517333984375,-18.54878807067871,0.4203224182128906,-2.75830078125,-16.22513198852539
194002,1970-06-11 14:23:18,-28.28597068786621,5.131256103515625,-38.03575897216797,2.6968612670898438,-3.0632171630859375,-32.30878448486328,7.781032562255859,-3.6391830444335938,-20.63695526123047,-7.860942840576172,-9.5841064453125,-69.16615295410156,4.277978897094727,3.8860015869140625,-40.625389099121094,2.6313228607177734,1.2236175537109375,-22.90261459350586,1.991973876953125,0.2866363525390625,-16.194305419921875,1.5000810623168945,-7.3534393310546875,-66.21315002441406,2.058076858520508,2.1914825439453125,-45.93910217285156,1.2605948448181152,0.22625732421875,-27.130081176757812,0.8579120635986328,-0.4449462890625,-17.922653198242188,10.198211669921875,-4.93505859375,-58.74647521972656,1.518937110900879,0.71197509765625,-42.64158630371094,0.9047117233276367,-0.7342071533203125,-26.433185577392578,0.5886354446411133,-1.14971923828125,-17.798728942871094,16.475494384765625,-0.8809814453125,-52.868385314941406,1.5283355712890625,0.4154815673828125,-33.735267639160156,0.5934543609619141,-1.196044921875,-18.63330841064453,0.34378623962402344,-2.0510711669921875,-16.331401824951172
194013,1970-06-11 14:24:54,-28.379377365112305,4.019371032714844,-38.099876403808594,2.6629562377929688,-3.8408584594726562,-32.22841262817383,7.769676208496094,-4.098060607910156,-20.5550479888916,-7.914493560791016,-11.331802368164062,-68.89527130126953,3.8741912841796875,4.72760009765625,-40.57665252685547,2.4161624908447266,1.6970062255859375,-22.896148681640625,1.8491535186767578,0.6128082275390625,-16.202178955078125,1.4373445510864258,-8.971542358398438,-66.01476287841797,1.9076547622680664,2.0799407958984375,-45.950775146484375,1.1808443069458008,0.1314697265625,-27.134296417236328,0.8104324340820312,-0.5279083251953125,-17.92261505126953,10.13252067565918,-6.316650390625,-58.62541198730469,1.5110702514648438,0.903900146484375,-42.63822555541992,0.9060773849487305,-0.707122802734375,-26.433876037597656,0.5927219390869141,-1.188812255859375,-17.796035766601562,16.394168853759766,-2.08056640625,-52.86006546020508,1.558034896850586,0.6210174560546875,-33.73075485229492,0.5926513671875,-1.2479705810546875,-18.629924774169922,0.3284797668457031,-2.2230224609375,-16.309200286865234
194022,1970-06-11 14:26:12,-28.426477432250977,3.6306304931640625,-38.103790283203125,2.6081275939941406,-4.224510192871094,-32.18486022949219,7.731296539306641,-4.355232238769531,-20.5166015625,-8.038082122802734,-12.12347412109375,-68.74603271484375,3.8933238983154297,4.4535675048828125,-40.605812072753906,2.429473876953125,1.5272979736328125,-22.906681060791016,1.8602142333984375,0.4827117919921875,-16.20531463623047,1.3227767944335938,-9.748977661132812,-65.9068374633789,2.156205177307129,1.9224395751953125,-45.94664764404297,1.3316583633422852,-0.059326171875,-27.127567291259766,0.9121780395507812,-0.7102508544921875,-17.911422729492188,10.034148216247559,-7.025543212890625,-58.56163024902344,1.596726417541504,0.5662384033203125,-42.64092254638672,0.9559707641601562,-0.9619598388671875,-26.424076080322266,0.6244068145751953,-1.386444091796875,-17.7806396484375,16.312885284423828,-2.7350616455078125,-52.85540008544922,1.697906494140625,0.5897979736328125,-33.72456359863281,0.6588878631591797,-1.31402587890625,-18.623159408569336,0.3777198791503906,-2.3192138671875,-16.29473114013672
194028,1970-06-11 14:27:04,-28.43480682373047,3.3415298461914062,-38.12401580810547,2.6083145141601562,-4.442115783691406,-32.15553283691406,7.733066558837891,-4.487892150878906,-20.487327575683594,-8.034591674804688,-12.601715087890625,-68.66038513183594,3.9653892517089844,4.131622314453125,-40.63286590576172,2.486541748046875,1.282562255859375,-22.915565490722656,1.910074234008789,0.271575927734375,-16.204429626464844,1.324258804321289,-10.198562622070312,-65.83873748779297,2.392698287963867,2.0305938720703125,-45.93028259277344,1.4740047454833984,0.0062103271484375,-27.12026596069336,1.0077776908874512,-0.667724609375,-17.907936096191406,10.033834457397461,-7.416259765625,-58.513484954833984,1.7497081756591797,0.6437225341796875,-42.63382339477539,1.0523910522460938,-0.9409942626953125,-26.421157836914062,0.6900882720947266,-1.3895416259765625,-17.777976989746094,16.309017181396484,-3.080596923828125,-52.837581634521484,1.8141326904296875,0.6501922607421875,-33.71739959716797,0.7223587036132812,-1.2989501953125,-18.621862411499023,0.43209266662597656,-2.3221893310546875,-16.29296112060547
194035,1970-06-11 14:28:04,-28.41707420349121,3.1001129150390625,-38.157615661621094,2.6284332275390625,-4.626579284667969,-32.12786865234375,7.747062683105469,-4.601051330566406,-20.45691680908203,-7.989404678344727,-13.005279541015625,-68.59037017822266,4.008916854858398,4.0751953125,-40.63429260253906,2.515705108642578,1.2384185791015625,-22.914813995361328,1.9336204528808594,0.232025146484375,-16.202247619628906,1.366241455078125,-10.5791015625,-65.7778091430664,2.5265636444091797,2.04443359375,-45.92250061035156,1.5566534996032715,-0.0204620361328125,-27.115642547607422,1.0643572807312012,-0.706298828125,-17.903182983398438,10.069967269897461,-7.7481689453125,-58.46424865722656,1.8361539840698242,0.70074462890625,-42.62928771972656,1.1070871353149414,-0.924713134765625,-26.41950225830078,0.7274389266967773,-1.391021728515625,-17.7763671875,16.339065551757812,-3.3751678466796875,-52.81029510498047,1.9922599792480469,0.7922821044921875,-33.70430374145508,0.8176593780517578,-1.25152587890625,-18.621171951293945,0.5124187469482422,-2.3066253662109375,-16.29283905029297
194041,1970-06-11 14:28:56,-28.403121948242188,2.9231033325195312,-38.18196487426758,2.6477012634277344,-4.7478485107421875,-32.10858917236328,7.761051177978516,-4.671913146972656,-20.4355411529541,-7.945003509521484,-13.278350830078125,-68.5431900024414,3.9292678833007812,4.2531585693359375,-40.62383270263672,2.4702911376953125,1.3498992919921875,-22.91345977783203,1.9016571044921875,0.316009521484375,-16.204605102539062,1.406844139099121,-10.831558227539062,-65.73584747314453,2.5412330627441406,2.0156707763671875,-45.9229621887207,1.5641460418701172,0.0126190185546875,-27.115215301513672,1.0688066482543945,-0.656768798828125,-17.904800415039062,10.104327201843262,-7.9633331298828125,-58.42939758300781,1.789017677307129,0.866424560546875,-42.62824630737305,1.080510139465332,-0.7747802734375,-26.425426483154297,0.7111091613769531,-1.265167236328125,-17.786422729492188,16.366321563720703,-3.56201171875,-52.789581298828125,2.0243396759033203,0.8341522216796875,-33.70138168334961,0.8395175933837891,-1.217498779296875,-18.622451782226562,0.5342483520507812,-2.2709503173828125,-16.297149658203125
194047,1970-06-11 14:29:48,-28.3863525390625,2.8091201782226562,-38.2029914855957,2.6653099060058594,-4.830718994140625,-32.09476852416992,7.773059844970703,-4.7216949462890625,-20.419530868530273,-7.9058837890625,-13.461883544921875,-68.51190185546875,3.9203052520751953,4.2186279296875,-40.6282958984375,2.4638099670410156,1.339202880859375,-22.914783477783203,1.8963375091552734,0.3134918212890625,-16.205284118652344,1.4434337615966797,-11.003189086914062,-65.70654296875,2.4074363708496094,1.890899658203125,-45.93547821044922,1.4828696250915527,-0.0203704833984375,-27.119773864746094,1.0139436721801758,-0.6554412841796875,-17.908042907714844,10.136037826538086,-8.111572265625,-58.40351104736328,1.7486276626586914,0.8828582763671875,-42.62958526611328,1.0575933456420898,-0.6941375732421875,-26.428592681884766,0.6970129013061523,-1.171630859375,-17.79338836669922,16.39320182800293,-3.692413330078125,-52.77227783203125,2.0258541107177734,0.9355926513671875,-33.69862747192383,0.84716796875,-1.1288604736328125,-18.627689361572266,0.5456962585449219,-2.17205810546875,-16.310245513916016
194054,1970-06-11 14:31:06,-28.50570297241211,2.6389236450195312,-38.12618637084961,2.566009521484375,-4.969963073730469,-32.08159637451172,7.710102081298828,-4.809425354003906,-20.422924041748047,-8.117313385009766,-13.760971069335938,-68.4277114868164,3.6762924194335938,4.2710418701171875,-40.645633697509766,2.318918228149414,1.400787353515625,-22.92621612548828,1.789886474609375,0.3755645751953125,-16.216064453125,1.240325927734375,-11.288803100585938,-65.6622314453125,2.161836624145508,1.73370361328125,-45.953887939453125,1.3352255821228027,-0.0675506591796875,-27.12737274169922,0.915064811706543,-0.661041259765625,-17.91315460205078,9.955207824707031,-8.364227294921875,-58.39897537231445,1.633397102355957,0.790191650390625,-42.6359748840332,0.9871358871459961,-0.7230224609375,-26.430545806884766,0.6501760482788086,-1.17535400390625,-17.79491424560547,16.229219436645508,-3.9197540283203125,-52.806556701660156,1.9527854919433594,0.9714508056640625,-33.701927185058594,0.8096828460693359,-1.0961761474609375,-18.63130760192871,0.5146923065185547,-2.1362457275390625,-16.315982818603516
194060,1970-06-11 14:31:58,-28.58011245727539,2.3832550048828125,-38.08729553222656,2.534912109375,-5.067657470703125,-32.068782806396484,7.697517395019531,-4.844734191894531,-20.419322967529297,-8.169504165649414,-14.029342651367188,-68.36697387695312,3.551473617553711,4.192840576171875,-40.66486740112305,2.254791259765625,1.350677490234375,-22.935619354248047,1.748382568359375,0.336181640625,-16.221458435058594,1.181666374206543,-11.506454467773438,-65.62551879882812,2.0393142700195312,1.7158203125,-45.96016311645508,1.267369270324707,-0.0714569091796875,-27.130611419677734,0.872828483581543,-0.660430908203125,-17.91529083251953,9.895522117614746,-8.518707275390625,-58.38679122924805,1.541956901550293,0.6107177734375,-42.64232635498047,0.9353494644165039,-0.8548431396484375,-26.42849349975586,0.6180610656738281,-1.2754058837890625,-17.789169311523438,16.159048080444336,-4.027557373046875,-52.81996154785156,1.9049243927001953,0.904693603515625,-33.706520080566406,0.7926273345947266,-1.1215972900390625,-18.630531311035156,0.5065231323242188,-2.1507720947265625,-16.3143310546875
194068,1970-06-11 14:33:08,-28.62006378173828,2.1292037963867188,-38.07234191894531,2.5423812866210938,-5.1251678466796875,-32.059051513671875,7.711673736572266,-4.845588684082031,-20.413780212402344,-8.134391784667969,-14.23162841796875,-68.329345703125,3.458526611328125,4.2242431640625,-40.66962814331055,2.2089710235595703,1.3683624267578125,-22.93903350830078,1.7201213836669922,0.3481597900390625,-16.224220275878906,1.2036933898925781,-11.647659301757812,-65.60020446777344,1.978266716003418,1.7879638671875,-45.960079193115234,1.2395763397216797,-0.05535888671875,-27.131935119628906,0.8591365814208984,-0.66558837890625,-17.91576385498047,9.904866218566895,-8.5924072265625,-58.3744010925293,1.5080375671386719,0.3892822265625,-42.64613723754883,0.9203157424926758,-1.086944580078125,-26.420490264892578,0.6111860275268555,-1.4842529296875,-17.77320098876953,16.1457576751709,-4.051971435546875,-52.82215881347656,1.8889751434326172,0.8588714599609375,-33.7086181640625,0.7924823760986328,-1.154327392578125,-18.628536224365234,0.5125751495361328,-2.1849517822265625,-16.30959701538086
194074,1970-06-11 14:34:00,-28.6932373046875,2.0265274047851562,-38.02284240722656,2.507923126220703,-5.10601806640625,-32.0648193359375,7.695941925048828,-4.809242248535156,-20.428306579589844,-8.194604873657227,-14.244491577148438,-68.31946563720703,3.292264938354492,4.3571014404296875,-40.669410705566406,2.118328094482422,1.4481048583984375,-22.942684173583984,1.6581001281738281,0.40692138671875,-16.22931671142578,1.1378164291381836,-11.624313354492188,-65.60552215576172,1.9080982208251953,1.7891082763671875,-45.96300506591797,1.2067174911499023,-0.1147918701171875,-27.13323211669922,0.8421573638916016,-0.7386627197265625,-17.91370391845703,9.839142799377441,-8.536651611328125,-58.39369201660156,1.4368624687194824,-0.0195159912109375,-42.650367736816406,0.8802061080932617,-1.4430999755859375,-26.404796600341797,0.5863056182861328,-1.7791748046875,-17.7469482421875,16.071470260620117,-3.9730987548828125,-52.850799560546875,1.8849620819091797,0.7325592041015625,-33.711822509765625,0.7923927307128906,-1.2518310546875,-18.622241973876953,0.5141429901123047,-2.2884979248046875,-16.29534149169922
194081,1970-06-11 14:35:01,-28.75934600830078,1.9820175170898438,-37.9752082824707,2.5014724731445312,-4.947052001953125,-32.09023666381836,7.703090667724609,-4.663078308105469,-20.45947265625,-8.183258056640625,-14.005142211914062,-68.37029266357422,3.177692413330078,4.3796844482421875,-40.67609405517578,2.0678749084472656,1.434722900390625,-22.94812774658203,1.6307201385498047,0.382232666015625,-16.232688903808594,1.133376121520996,-11.328353881835938,-65.6573486328125,1.8209495544433594,1.8431396484375,-45.96440124511719,1.173964500427246,-0.2200469970703125,-27.134021759033203,0.8307571411132812,-0.884765625,-17.907608032226562,9.821654319763184,-8.208419799804688,-58.44367980957031,1.294044017791748,-0.495513916015625,-42.65206527709961,0.8008279800415039,-1.9534912109375,-26.374481201171875,0.5376901626586914,-2.2382965087890625,-17.696449279785156,16.027877807617188,-3.62347412109375,-52.88914489746094,1.9274864196777344,0.4981536865234375,-33.71369934082031,0.8164577484130859,-1.45654296875,-18.60630989074707,0.5359363555908203,-2.5164337158203125,-16.260997772216797
194088,1970-06-11 14:36:01,-28.794837951660156,2.0930938720703125,-37.94233703613281,2.513141632080078,-4.6818389892578125,-32.12908935546875,7.72003173828125,-4.4549560546875,-20.49942970275879,-8.13602066040039,-13.526138305664062,-68.47229766845703,3.2063560485839844,4.0720367431640625,-40.7057991027832,2.117799758911133,1.1557464599609375,-22.959320068359375,1.6851062774658203,0.123870849609375,-16.231155395507812,1.1650323867797852,-10.81109619140625,-65.74394989013672,1.734304428100586,1.9445343017578125,-45.96357727050781,1.1442193984985352,-0.32879638671875,-27.134185791015625,0.8226957321166992,-1.0499267578125,-17.899063110351562,9.83769702911377,-7.691864013671875,-58.511207580566406,1.1876111030578613,-0.6666412353515625,-42.652828216552734,0.7450342178344727,-2.191162109375,-26.357437133789062,0.5056400299072266,-2.4678955078125,-17.666839599609375,16.017993927001953,-3.11065673828125,-52.924774169921875,1.9143619537353516,0.3327484130859375,-33.71648406982422,0.8081989288330078,-1.626617431640625,-18.592573165893555,0.5283432006835938,-2.7154693603515625,-16.229198455810547
194096,1970-06-11 14:37:11,-28.81761932373047,2.0953216552734375,-37.92491149902344,2.5447921752929688,-4.463722229003906,-32.15762710571289,7.751804351806641,-4.266609191894531,-20.527482986450195,-8.03965950012207,-13.169403076171875,-68.55316925048828,3.137533187866211,3.758087158203125,-40.74134063720703,2.0921688079833984,0.95751953125,-22.970783233642578,1.674093246459961,-0.0263671875,-16.232757568359375,1.2398004531860352,-10.396636962890625,-65.80939483642578,1.5711450576782227,1.5895233154296875,-45.98308563232422,1.0584020614624023,-0.5427703857421875,-27.134231567382812,0.7717065811157227,-1.190155029296875,-17.892562866210938,9.888463973999023,-7.2524566650390625,-58.558746337890625,0.9124932289123535,-1.1329193115234375,-42.6497688293457,0.5885767936706543,-2.6094512939453125,-26.323284149169922,0.40811729431152344,-2.81475830078125,-17.617431640625,16.03281021118164,-2.65625,-52.94504165649414,1.815145492553711,0.160736083984375,-33.72323226928711,0.7589130401611328,-1.782562255859375,-18.580347061157227,0.4895820617675781,-2.8896484375,-16.200313568115234
194103,1970-06-11 14:38:11,-28.85810661315918,2.040435791015625,-37.89710998535156,2.5463104248046875,-4.3530731201171875,-32.17267608642578,7.760917663574219,-4.1602783203125,-20.54585838317871,-8.014928817749023,-13.0118408203125,-68.58615112304688,3.099822998046875,2.925018310546875,-40.81249237060547,2.0813121795654297,0.4630279541015625,-22.987056732177734,1.6711883544921875,-0.3858489990234375,-16.228485107421875,1.2503185272216797,-10.193267822265625,-65.84100341796875,1.3744125366210938,1.02777099609375,-46.005367279052734,0.9400634765625,-0.7760772705078125,-27.132923126220703,0.692296028137207,-1.285675048828125,-17.889198303222656,9.886041641235352,-7.0204010009765625,-58.58742904663086,0.9057712554931641,-0.9688873291015625,-42.65394973754883,0.5932531356811523,-2.3665771484375,-26.346126556396484,0.4164128303527832,-2.57421875,-17.65398406982422,16.007797241210938,-2.405242919921875,-52.96460723876953,1.764261245727539,0.1785736083984375,-33.7258415222168,0.7439975738525391,-1.7544708251953125,-18.583627700805664,0.48618507385253906,-2.8512420654296875,-16.207210540771484
194112,1970-06-11 14:39:29,-28.946908950805664,2.1812820434570312,-37.82146453857422,2.4763641357421875,-4.208610534667969,-32.19734573364258,7.7174835205078125,-4.062370300292969,-20.58177947998047,-8.160614013671875,-12.716171264648438,-68.6244125366211,3.0438804626464844,2.729583740234375,-40.830238342285156,2.0302772521972656,0.4213104248046875,-22.992427825927734,1.6232662200927734,-0.3722686767578125,-16.233665466308594,1.1083526611328125,-9.9012451171875,-65.88809204101562,1.3080024719238281,0.7985992431640625,-46.0118522644043,0.8869562149047852,-0.7527313232421875,-27.13536834716797,0.6495914459228516,-1.180206298828125,-17.89806365966797,9.757827758789062,-6.7525177001953125,-58.64038848876953,0.8658456802368164,-0.7735595703125,-42.65876770019531,0.5650992393493652,-1.9542999267578125,-26.380531311035156,0.39598894119262695,-2.136566162109375,-17.712745666503906,15.888289451599121,-2.1566162109375,-53.01127624511719,1.5930328369140625,0.300262451171875,-33.733497619628906,0.6647777557373047,-1.579986572265625,-18.602272033691406,0.42841148376464844,-2.6232757568359375,-16.247299194335938
194119,1970-06-11 14:40:30,-29.03691291809082,2.3409881591796875,-37.74284362792969,2.3955841064453125,-4.090576171875,-32.21866226196289,7.6649017333984375,-3.9909820556640625,-20.615365982055664,-8.335260391235352,-12.455657958984375,-68.65119171142578,3.0247344970703125,2.835906982421875,-40.82441329956055,2.0098304748535156,0.51300048828125,-22.992359161376953,1.603109359741211,-0.2881622314453125,-16.237380981445312,0.9421901702880859,-9.657073974609375,-65.92691040039062,1.3122119903564453,0.77301025390625,-46.012168884277344,0.8806562423706055,-0.6799468994140625,-27.137496948242188,0.6405878067016602,-1.082427978515625,-17.904571533203125,9.611300468444824,-6.5410308837890625,-58.68853759765625,0.7867929935455322,-0.607086181640625,-42.662994384765625,0.5129928588867188,-1.72296142578125,-26.397708892822266,0.3593430519104004,-1.910125732421875,-17.7393798828125,15.75845718383789,-1.9701385498046875,-53.05727005004883,1.3881969451904297,0.4280853271484375,-33.74116897583008,0.5636749267578125,-1.405731201171875,-18.61958885192871,0.3489360809326172,-2.397979736328125,-16.28396987915039
194126,1970-06-11 14:41:31,-29.08244514465332,2.4833831787109375,-37.69865798950195,2.3533363342285156,-3.98382568359375,-32.23514938354492,7.637111663818359,-3.926025390625,-20.63814353942871,-8.427322387695312,-12.220855712890625,-68.6821517944336,3.012859344482422,2.969512939453125,-40.815792083740234,1.9954643249511719,0.61358642578125,-22.991146087646484,1.5884838104248047,-0.20184326171875,-16.24011993408203,0.8550434112548828,-9.436477661132812,-65.96002960205078,1.3904304504394531,0.8377227783203125,-46.00873947143555,0.9220104217529297,-0.592987060546875,-27.138164520263672,0.6652364730834961,-0.9974517822265625,-17.908607482910156,9.534844398498535,-6.349456787109375,-58.72203826904297,0.7465102672576904,-0.4427337646484375,-42.665740966796875,0.48671483993530273,-1.5835418701171875,-26.406936645507812,0.34096622467041016,-1.79559326171875,-17.75170135498047,15.691499710083008,-1.8008270263671875,-53.083126068115234,1.2186012268066406,0.6056365966796875,-33.744998931884766,0.47496795654296875,-1.2624053955078125,-18.632328033447266,0.2748889923095703,-2.2412261962890625,-16.307697296142578
194132,1970-06-11 14:42:23,-29.11880874633789,2.4461822509765625,-37.673011779785156,2.3290748596191406,-3.9850692749023438,-32.23675537109375,7.623115539550781,-3.9199295043945312,-20.644472122192383,-8.474809646606445,-12.23858642578125,-68.67314910888672,3.026470184326172,2.9498748779296875,-40.81620788574219,1.9919395446777344,0.646942138671875,-22.99053955078125,1.5794563293457031,-0.1515045166015625,-16.241546630859375,0.8068428039550781,-9.443466186523438,-65.95964050292969,1.4193248748779297,0.73883056640625,-46.009552001953125,0.9364871978759766,-0.60955810546875,-27.137298583984375,0.6733818054199219,-0.984771728515625,-17.90900421142578,9.48962116241455,-6.3458251953125,-58.729759216308594,0.6802260875701904,-0.83380126953125,-42.6609992980957,0.4473748207092285,-1.85333251953125,-26.390064239501953,0.31539344787597656,-1.9899749755859375,-17.73143768310547,15.646188735961914,-1.7895965576171875,-53.09687423706055,1.0823383331298828,0.5429534912109375,-33.75071334838867,0.4044456481933594,-1.2730712890625,-18.63326644897461,0.21667098999023438,-2.233001708984375,-16.309703826904297
194139,1970-06-11 14:43:24,-29.18349838256836,2.2467727661132812,-37.635353088378906,2.3089752197265625,-3.9953765869140625,-32.23693084716797,7.6181793212890625,-3.89044189453125,-20.651872634887695,-8.49532699584961,-12.3394775390625,-68.65255737304688,3.073986053466797,2.88043212890625,-40.81761932373047,2.018463134765625,0.6314849853515625,-22.988651275634766,1.5980377197265625,-0.1478118896484375,-16.239768981933594,0.77337646484375,-9.48779296875,-65.95367431640625,1.3870420455932617,0.6771240234375,-46.01148986816406,0.9237833023071289,-0.64654541015625,-27.13687515258789,0.6685094833374023,-1.0092926025390625,-17.907821655273438,9.447530746459961,-6.3337554931640625,-58.73784637451172,0.6059579849243164,-1.059051513671875,-42.65711975097656,0.4095602035522461,-2.01019287109375,-26.379199981689453,0.2944674491882324,-2.1038360595703125,-17.718650817871094,15.584787368774414,-1.7371978759765625,-53.11667251586914,0.9184036254882812,0.392791748046875,-33.757652282714844,0.3247661590576172,-1.342498779296875,-18.62995147705078,0.15482711791992188,-2.282806396484375,-16.303512573242188
194147,1970-06-11 14:44:33,-29.204238891601562,2.0193862915039062,-37.63215637207031,2.3265380859375,-4.024772644042969,-32.23200988769531,7.637371063232422,-3.872100830078125,-20.648229598999023,-8.434501647949219,-12.483200073242188,-68.63407135009766,3.1434783935546875,2.828369140625,-40.81596755981445,2.0571060180664062,0.626495361328125,-22.985363006591797,1.6250953674316406,-0.1365509033203125,-16.23717498779297,0.8173274993896484,-9.57183837890625,-65.94100189208984,1.3956184387207031,0.590057373046875,-46.012428283691406,0.9347105026245117,-0.692596435546875,-27.135364532470703,0.6789751052856445,-1.0365447998046875,-17.905868530273438,9.473708152770996,-6.3556365966796875,-58.731266021728516,0.3294227123260498,-2.264556884765625,-42.613162994384766,0.25156736373901367,-2.9578857421875,-26.291793823242188,0.19526147842407227,-2.84442138671875,-17.616317749023438,15.58418083190918,-1.7144622802734375,-53.11758804321289,0.6540775299072266,-0.1128082275390625,-33.765907287597656,0.18329429626464844,-1.6635284423828125,-18.605966567993164,0.03473854064941406,-2.587677001953125,-16.258609771728516
194153,1970-06-11 14:45:25,-29.224321365356445,1.8715133666992188,-37.624210357666016,2.3328704833984375,-4.038459777832031,-32.22983932495117,7.646720886230469,-3.8554611206054688,-20.647884368896484,-8.404733657836914,-12.567581176757812,-68.62232208251953,3.155658721923828,2.7989959716796875,-40.81705093383789,2.0657501220703125,0.6186676025390625,-22.98480224609375,1.6322860717773438,-0.1367950439453125,-16.2364501953125,0.835845947265625,-9.6160888671875,-65.93433380126953,1.4058704376220703,0.5480499267578125,-46.01263427734375,0.9460287094116211,-0.72503662109375,-27.134132385253906,0.6893558502197266,-1.062103271484375,-17.903968811035156,9.481163024902344,-6.35894775390625,-58.729705810546875,0.34028053283691406,-2.38018798828125,-42.606781005859375,0.26486968994140625,-3.0326690673828125,-26.28314208984375,0.20780420303344727,-2.8958892822265625,-17.60778045654297,15.574199676513672,-1.688507080078125,-53.12134552001953,0.5786762237548828,-0.257598876953125,-33.76648712158203,0.14788246154785156,-1.7474365234375,-18.598588943481445,0.008287429809570312,-2.6625213623046875,-16.24655532836914
194161,1970-06-11 14:46:34,-29.276391983032227,1.7315826416015625,-37.59041213989258,2.317462921142578,-4.0146942138671875,-32.233917236328125,7.643409729003906,-3.8079452514648438,-20.657922744750977,-8.416528701782227,-12.587081909179688,-68.61730194091797,3.103923797607422,2.9577178955078125,-40.8098258972168,2.0377464294433594,0.7236785888671875,-22.984233856201172,1.6134052276611328,-0.053741455078125,-16.23883056640625,0.8114852905273438,-9.588104248046875,-65.93870544433594,1.3925037384033203,0.5646514892578125,-46.012840270996094,0.9503774642944336,-0.77154541015625,-27.1326904296875,0.6989374160766602,-1.1239471435546875,-17.89983367919922,9.447766304016113,-6.2882232666015625,-58.742698669433594,0.1418442726135254,-2.7368927001953125,-42.58647537231445,0.1504206657409668,-3.2650604248046875,-26.25619125366211,0.13544368743896484,-3.056243896484375,-17.58135986328125,15.522579193115234,-1.5878753662109375,-53.13955307006836,0.45083045959472656,-0.395355224609375,-33.76710510253906,0.08471298217773438,-1.834564208984375,-18.590591430664062,-0.041591644287109375,-2.7447357177734375,-16.232818603515625
194168,1970-06-11 14:47:35,-29.29558563232422,1.6234664916992188,-37.580284118652344,2.3418540954589844,-3.899627685546875,-32.246280670166016,7.668212890625,-3.6875381469726562,-20.670570373535156,-8.333639144897461,-12.44305419921875,-68.65367889404297,3.1038475036621094,3.0589141845703125,-40.8023681640625,2.049785614013672,0.7669830322265625,-22.98175811767578,1.6290302276611328,-0.031219482421875,-16.237327575683594,0.8719024658203125,-9.382415771484375,-65.96752166748047,1.3696327209472656,0.6954498291015625,-46.01173400878906,0.9685831069946289,-0.882843017578125,-27.128658294677734,0.7282600402832031,-1.3017730712890625,-17.88660430908203,9.48427963256836,-6.03900146484375,-58.762962341308594,0.06841886043548584,-2.691986083984375,-42.58952331542969,0.11776113510131836,-3.2588043212890625,-26.257129669189453,0.12050843238830566,-3.0634307861328125,-17.580223083496094,15.524369239807129,-1.30975341796875,-53.14661407470703,0.39978790283203125,-0.5075225830078125,-33.7662467956543,0.06718063354492188,-1.913665771484375,-18.58268928527832,-0.04920196533203125,-2.8234405517578125,-16.21929168701172
194172,1970-06-11 14:48:10,-29.292469024658203,1.5763397216796875,-37.584720611572266,2.3560523986816406,-3.8798370361328125,-32.24763107299805,7.679908752441406,-3.6613540649414062,-20.670886993408203,-8.294300079345703,-12.43011474609375,-68.66078186035156,3.103504180908203,3.0483551025390625,-40.803184509277344,2.0549774169921875,0.7509613037109375,-22.981822967529297,1.6358356475830078,-0.0484466552734375,-16.236602783203125,0.9040412902832031,-9.35052490234375,-65.97161865234375,1.389547348022461,0.6706390380859375,-46.011505126953125,0.9899301528930664,-0.9511566162109375,-27.125572204589844,0.7475414276123047,-1.3762969970703125,-17.880233764648438,9.507808685302734,-5.9915313720703125,-58.76401901245117,-0.046425819396972656,-2.9220733642578125,-42.57438278198242,0.05413103103637695,-3.485198974609375,-26.228248596191406,0.08176934719085693,-3.259307861328125,-17.545188903808594,15.536535263061523,-1.251617431640625,-53.14446258544922,0.3432598114013672,-0.6085052490234375,-33.765201568603516,0.03661155700683594,-2.0017242431640625,-18.5734920501709,-0.07537651062011719,-2.92144775390625,-16.201828002929688
194179,1970-06-11 14:49:28,-29.325252532958984,1.4388809204101562,-37.56466293334961,2.3600730895996094,-3.8259124755859375,-32.253780364990234,7.689701080322266,-3.58819580078125,-20.680070877075195,-8.259429931640625,-12.398361206054688,-68.67073059082031,3.0484962463378906,3.1087799072265625,-40.802772521972656,2.030895233154297,0.784088134765625,-22.98285675048828,1.6229419708251953,-0.025604248046875,-16.237953186035156,0.921173095703125,-9.264633178710938,-65.9834976196289,1.3564643859863281,0.7247161865234375,-46.01167297363281,0.9924449920654297,-1.02154541015625,-27.122928619384766,0.761235237121582,-1.479278564453125,-17.871421813964844,9.508293151855469,-5.860687255859375,-58.77713394165039,-0.11224138736724854,-3.185516357421875,-42.55535888671875,0.025099515914916992,-3.6688232421875,-26.20323944091797,0.06857597827911377,-3.3917083740234375,-17.52013397216797,15.51080322265625,-1.0900115966796875,-53.15553665161133,0.2871112823486328,-0.7595062255859375,-33.762664794921875,0.015361785888671875,-2.0936431884765625,-18.563385009765625,-0.0869293212890625,-3.00555419921875,-16.186378479003906
194186,1970-06-11 14:50:28,-29.393089294433594,1.2876358032226562,-37.51710510253906,2.339641571044922,-3.7452163696289062,-32.26473617553711,7.685077667236328,-3.4892501831054688,-20.698713302612305,-8.270051956176758,-12.32794189453125,-68.68212890625,2.9669342041015625,3.18585205078125,-40.80284118652344,1.9938011169433594,0.825286865234375,-22.984661102294922,1.6019935607910156,0.0022430419921875,-16.24005126953125,0.8904705047607422,-9.12939453125,-66.00276184082031,1.3015518188476562,0.7390594482421875,-46.013031005859375,0.9852428436279297,-1.1130218505859375,-27.119586944580078,0.7701988220214844,-1.594329833984375,-17.86114501953125,9.462413787841797,-5.673919677734375,-58.802860260009766,-0.1296263337135315,-3.46783447265625,-42.533233642578125,0.025410592555999756,-3.8084716796875,-26.183307647705078,0.07470393180847168,-3.464447021484375,-17.50586700439453,15.436952590942383,-0.868438720703125,-53.18111038208008,0.2424640655517578,-0.9761199951171875,-33.7574462890625,0.006778717041015625,-2.1717529296875,-18.554414749145508,-0.08294296264648438,-3.0424041748046875,-16.17951202392578
194193,1970-06-11 14:51:29,-29.453502655029297,1.2647933959960938,-37.47047424316406,2.326568603515625,-3.5377120971679688,-32.28909683227539,7.685394287109375,-3.3052520751953125,-20.728771209716797,-8.261674880981445,-11.994857788085938,-68.7420883178711,2.9991493225097656,3.076690673828125,-40.80886459350586,2.0481033325195312,0.680877685546875,-22.984622955322266,1.6609077453613281,-0.147491455078125,-16.23345184326172,0.8759078979492188,-8.736801147460938,-66.05607604980469,1.2978076934814453,0.6797637939453125,-46.01405334472656,1.0154800415039062,-1.2818145751953125,-27.111019134521484,0.8074855804443359,-1.7770843505859375,-17.842239379882812,9.428948402404785,-5.2530517578125,-58.84732437133789,-0.12936004996299744,-3.587066650390625,-42.52334213256836,0.037711501121520996,-3.8568878173828125,-26.17620849609375,0.08943510055541992,-3.4812164306640625,-17.502471923828125,15.371453285217285,-0.4315032958984375,-53.20541763305664,0.26113319396972656,-1.1262054443359375,-33.75263595581055,0.033977508544921875,-2.2025604248046875,-18.550752639770508,-0.047069549560546875,-3.0302276611328125,-16.181941986083984
194199,1970-06-11 14:52:21,-29.530193328857422,1.204315185546875,-37.41205596923828,2.289508819580078,-3.4120407104492188,-32.30526351928711,7.6680908203125,-3.184844970703125,-20.754013061523438,-8.311689376831055,-11.811920166015625,-68.76773071289062,3.1292457580566406,2.4130859375,-40.843719482421875,2.1733245849609375,0.1715087890625,-22.982563018798828,1.7779617309570312,-0.5834808349609375,-16.211227416992188,0.8097858428955078,-8.504592895507812,-66.08721923828125,1.2481689453125,0.48138427734375,-46.01792907714844,0.9976711273193359,-1.4044647216796875,-27.10559844970703,0.8017711639404297,-1.858856201171875,-17.83416748046875,9.353641510009766,-4.99078369140625,-58.88215637207031,-0.1637800633907318,-3.373687744140625,-42.540687561035156,0.03083731234073639,-3.771209716796875,-26.18869400024414,0.09271812438964844,-3.449127197265625,-17.508804321289062,15.275554656982422,-0.1505889892578125,-53.23456573486328,0.24096298217773438,-1.325103759765625,-33.74555969238281,0.030536651611328125,-2.3489532470703125,-18.532791137695312,-0.04449462890625,-3.1798248291015625,-16.153217315673828
194207,1970-06-11 14:53:31,-29.650306701660156,1.14471435546875,-37.318809509277344,2.2011070251464844,-3.3658523559570312,-32.31624984741211,7.614719390869141,-3.1333999633789062,-20.781478881835938,-8.483757019042969,-11.7598876953125,-68.7556381225586,3.0948257446289062,2.550689697265625,-40.83797836303711,2.1411819458007812,0.300567626953125,-22.9842529296875,1.7481307983398438,-0.4621734619140625,-16.2183837890625,0.63433837890625,-8.423690795898438,-66.09949493408203,1.2365837097167969,0.3085174560546875,-46.01972198486328,1.000741958618164,-1.529296875,-27.098731994628906,0.8089561462402344,-1.95196533203125,-17.823890686035156,9.188149452209473,-4.888397216796875,-58.91679000854492,-0.10581094026565552,-2.697052001953125,-42.5891227722168,0.08772635459899902,-3.53009033203125,-26.22216033935547,0.14269843697547913,-3.3869171142578125,-17.520606994628906,15.110555648803711,-0.03411865234375,-53.281837463378906,0.1999683380126953,-1.3192596435546875,-33.746055603027344,0.007938385009765625,-2.4407806396484375,-18.520944595336914,-0.06422996520996094,-3.32452392578125,-16.123992919921875
194214,1970-06-11 14:54:31,-29.654930114746094,1.4368972778320312,-37.30502700805664,2.1477890014648438,-3.41741943359375,-32.31442642211914,7.569461822509766,-3.2342987060546875,-20.782554626464844,-8.64669418334961,-11.725341796875,-68.7412338256836,3.2624473571777344,2.434814453125,-40.832000732421875,2.2178573608398438,0.24725341796875,-22.977622985839844,1.7916793823242188,-0.4922637939453125,-16.212745666503906,0.5086803436279297,-8.486785888671875,-66.0925064086914,1.3050193786621094,0.24395751953125,-46.018218994140625,1.013671875,-1.5085601806640625,-27.099414825439453,0.8024559020996094,-1.90594482421875,-17.82916259765625,9.104278564453125,-5.039093017578125,-58.917118072509766,0.21350276470184326,-1.88525390625,-42.63236618041992,0.2599300146102905,-2.950531005859375,-26.292537689208984,0.24476557970046997,-2.9616546630859375,-17.59636688232422,15.082267761230469,-0.245025634765625,-53.28929901123047,0.2646064758300781,-0.9420623779296875,-33.75824737548828,0.020689010620117188,-2.290069580078125,-18.540172576904297,-0.06939506530761719,-3.23699951171875,-16.141773223876953
194222,1970-06-11 14:55:41,-29.67871856689453,1.6297149658203125,-37.27817916870117,2.095001220703125,-3.4385604858398438,-32.315650939941406,7.528362274169922,-3.2897186279296875,-20.78878402709961,-8.788814544677734,-11.680816650390625,-68.73078918457031,3.350921630859375,2.653594970703125,-40.81119918823242,2.2500991821289062,0.4016876220703125,-22.972305297851562,1.8045883178710938,-0.3658294677734375,-16.21466064453125,0.39068031311035156,-8.503707885742188,-66.09113311767578,1.4422569274902344,0.403778076171875,-46.01300048828125,1.0874004364013672,-1.4372100830078125,-27.100433349609375,0.8471336364746094,-1.872589111328125,-17.83063507080078,9.015974044799805,-5.1127471923828125,-58.924346923828125,0.2701813876628876,-1.2123565673828125,-42.65648651123047,0.2887735664844513,-2.617156982421875,-26.3275146484375,0.26097702980041504,-2.788360595703125,-17.624420166015625,15.031408309936523,-0.358062744140625,-53.30302429199219,0.3537750244140625,-0.5154876708984375,-33.766639709472656,0.05353355407714844,-2.1101837158203125,-18.56144142150879,-0.0525665283203125,-3.1233062744140625,-16.16421890258789
194230,1970-06-11 14:56:50,-29.690807342529297,1.772796630859375,-37.26201629638672,2.064697265625,-3.426849365234375,-32.318843841552734,7.504459381103516,-3.3071441650390625,-20.794660568237305,-8.870798110961914,-11.602401733398438,-68.7335433959961,3.3771591186523438,2.6714019775390625,-40.80787658691406,2.275543212890625,0.3644866943359375,-22.970420837402344,1.8285903930664062,-0.4200897216796875,-16.210647583007812,0.3227882385253906,-8.464035034179688,-66.09659576416016,1.4746513366699219,0.5220947265625,-46.01078414916992,1.1025466918945312,-1.3861846923828125,-27.10247802734375,0.8549537658691406,-1.849853515625,-17.83263397216797,8.965346336364746,-5.112396240234375,-58.932106018066406,0.2634332776069641,-1.1239471435546875,-42.6589469909668,0.2805655002593994,-2.6188507080078125,-26.327430725097656,0.25320562720298767,-2.8204498291015625,-17.619430541992188,15.002787590026855,-0.38555908203125,-53.31089782714844,0.3722572326660156,-0.2179412841796875,-33.76967239379883,0.052211761474609375,-1.997802734375,-18.573877334594727,-0.0621185302734375,-3.0643768310546875,-16.175460815429688
194236,1970-06-11 14:57:42,-29.6864013671875,1.9432220458984375,-37.25703048706055,2.047565460205078,-3.3950347900390625,-32.32329177856445,7.488788604736328,-3.3124237060546875,-20.799470901489258,-8.925115585327148,-11.4793701171875,-68.7471694946289,3.4305419921875,2.527587890625,-40.812583923339844,2.31536865234375,0.23492431640625,-22.96813201904297,1.8618927001953125,-0.5394439697265625,-16.203330993652344,0.2817192077636719,-8.382659912109375,-66.10714721679688,1.464254379272461,0.57476806640625,-46.0104866027832,1.0896625518798828,-1.358734130859375,-27.104389190673828,0.8427314758300781,-1.833770751953125,-17.834877014160156,8.93880558013916,-5.076080322265625,-58.93927764892578,0.22568371891975403,-0.8327789306640625,-42.66584014892578,0.24893677234649658,-2.43475341796875,-26.345413208007812,0.22752006351947784,-2.69659423828125,-17.63916015625,14.996404647827148,-0.3814697265625,-53.31272506713867,0.34486961364746094,0.0099334716796875,-33.77066421508789,0.026563644409179688,-1.905242919921875,-18.583656311035156,-0.092132568359375,-3.0088043212890625,-16.185745239257812
194243,1970-06-11 14:58:43,-29.69031524658203,2.3429412841796875,-37.23091125488281,1.9982643127441406,-3.2932052612304688,-32.336910247802734,7.446868896484375,-3.3012771606445312,-20.8162841796875,-9.067024230957031,-11.145492553710938,-68.78353118896484,3.381328582763672,2.6279296875,-40.81035614013672,2.26934814453125,0.3124542236328125,-22.97179412841797,1.8187103271484375,-0.4722137451171875,-16.21033477783203,0.16833877563476562,-8.139907836914062,-66.13786315917969,1.4151554107666016,0.6267242431640625,-46.01134490966797,1.0399742126464844,-1.2855072021484375,-27.10991668701172,0.7985858917236328,-1.761627197265625,-17.84416961669922,8.858531951904297,-4.936370849609375,-58.9632568359375,0.22955837845802307,-0.601959228515625,-42.669700622558594,0.2323022186756134,-2.2457733154296875,-26.362346649169922,0.20586958527565002,-2.5449981689453125,-17.66193389892578,14.960662841796875,-0.3162689208984375,-53.32318878173828,0.32354164123535156,0.214141845703125,-33.770198822021484,-0.001743316650390625,-1.7889251708984375,-18.59522819519043,-0.12858009338378906,-2.9057159423828125,-16.204322814941406
194261,1970-06-11 15:01:19,-29.711978912353516,2.7381744384765625,-37.1866340637207,1.9197006225585938,-3.2523574829101562,-32.34579849243164,7.383052825927734,-3.3420333862304688,-20.83250617980957,-9.27845573425293,-10.913223266601562,-68.79257202148438,3.3339385986328125,2.23907470703125,-40.837432861328125,2.1879539489746094,0.224334716796875,-22.980724334716797,1.7289924621582031,-0.454925537109375,-16.22063446044922,-0.007411956787109375,-8.013580322265625,-66.15350341796875,1.3577194213867188,0.403656005859375,-46.01557540893555,0.9654903411865234,-1.2212982177734375,-27.11563491821289,0.7273654937744141,-1.6105499267578125,-17.861488342285156,8.72661304473877,-4.9187774658203125,-58.98439407348633,0.32225364446640015,-0.7148895263671875,-42.667362213134766,0.2561310827732086,-1.9514007568359375,-26.385547637939453,0.20345334708690643,-2.146209716796875,-17.71484375,14.886150360107422,-0.376312255859375,-53.343650817871094,0.2963390350341797,0.2257843017578125,-33.77037048339844,-0.022869110107421875,-1.6422271728515625,-18.608747482299805,-0.1512889862060547,-2.6796875,-16.24303436279297
194284,1970-06-11 15:04:38,-29.731365203857422,2.8683090209960938,-37.161312103271484,1.8736495971679688,-3.2810897827148438,-32.34560012817383,7.346931457519531,-3.3919525146484375,-20.837207794189453,-9.396648406982422,-10.90594482421875,-68.7776870727539,3.2622413635253906,2.66058349609375,-40.817928314208984,2.11737060546875,0.549407958984375,-22.98186492919922,1.6622657775878906,-0.1753692626953125,-16.23303985595703,-0.10850143432617188,-8.05218505859375,-66.14872741699219,1.4184646606445312,0.36285400390625,-46.01408004760742,0.9848747253417969,-1.1590728759765625,-27.11767578125,0.7312221527099609,-1.52197265625,-17.869094848632812,8.647745132446289,-4.997894287109375,-58.989356994628906,0.3125242590904236,-0.6585235595703125,-42.66834259033203,0.24237555265426636,-1.912109375,-26.388553619384766,0.18994665145874023,-2.1178131103515625,-17.718414306640625,14.835552215576172,-0.4836883544921875,-53.35688018798828,0.29202842712402344,0.256622314453125,-33.77018737792969,-0.026554107666015625,-1.554840087890625,-18.616247177124023,-0.15549468994140625,-2.5549163818359375,-16.26308822631836
194300,1970-06-11 15:07:14,-29.945404052734375,3.0168533325195312,-36.977237701416016,1.7198410034179688,-2.9900054931640625,-32.38233947753906,7.255035400390625,-3.1686477661132812,-20.90445327758789,-9.700607299804688,-10.364654541015625,-68.81917572021484,3.3850631713867188,2.209930419921875,-40.83481216430664,2.2564430236816406,0.075927734375,-22.975067138671875,1.7993202209472656,-0.6351776123046875,-16.206932067871094,-0.41518402099609375,-7.479766845703125,-66.21468353271484,1.2731800079345703,0.5799560546875,-46.01610565185547,0.9251785278320312,-1.1885223388671875,-27.118499755859375,0.7057170867919922,-1.6262054443359375,-17.860931396484375,8.3613862991333,-4.436676025390625,-59.075462341308594,-0.05286908149719238,-1.7718505859375,-42.637733459472656,0.03869295120239258,-2.968017578125,-26.291828155517578,0.0650557279586792,-3.0159912109375,-17.588714599609375,14.55301570892334,0.0645294189453125,-53.43678283691406,0.16746902465820312,-0.206512451171875,-33.77138137817383,-0.09116744995117188,-1.8622283935546875,-18.58780860900879,-0.20809555053710938,-2.850555419921875,-16.21329116821289
194330,1970-06-11 15:11:35,-30.075672149658203,3.5348663330078125,-36.82530975341797,1.6177444458007812,-2.4735794067382812,-32.431129455566406,7.191764831542969,-2.8214645385742188,-20.975936889648438,-9.90877914428711,-9.296279907226562,-68.9420166015625,3.23846435546875,1.7313995361328125,-40.86977767944336,2.164997100830078,-0.1673583984375,-22.983386993408203,1.7281303405761719,-0.7862701416015625,-16.208045959472656,-0.6209506988525391,-6.4323577880859375,-66.3230209350586,1.05224609375,-0.0291595458984375,-46.02532958984375,0.7682590484619141,-1.3001708984375,-27.11827850341797,0.5873355865478516,-1.5580902099609375,-17.87128448486328,8.17288589477539,-3.4830780029296875,-59.165687561035156,0.3755805492401123,-1.4092559814453125,-42.64963912963867,0.29721665382385254,-2.4570770263671875,-26.342838287353516,0.23503446578979492,-2.5164794921875,-17.66565704345703,14.373612403869629,0.942108154296875,-53.47705841064453,0.14403533935546875,-0.12457275390625,-33.771888732910156,-0.09718894958496094,-1.7844085693359375,-18.595409393310547,-0.20804595947265625,-2.7552642822265625,-16.229759216308594
194359,1970-06-11 15:15:46,-30.084815979003906,4.155754089355469,-36.75293731689453,1.5565032958984375,-2.1874008178710938,-32.45468521118164,7.140514373779297,-2.6933517456054688,-21.010257720947266,-10.075950622558594,-8.563568115234375,-69.01265716552734,3.0695762634277344,1.902587890625,-40.87520217895508,2.0292282104492188,0.027801513671875,-22.996360778808594,1.6088027954101562,-0.590057373046875,-16.228652954101562,-0.7588119506835938,-5.81048583984375,-66.37895965576172,0.9245243072509766,0.11322021484375,-46.02794647216797,0.6729183197021484,-1.143890380859375,-27.127849578857422,0.5134925842285156,-1.4145355224609375,-17.885498046875,8.070494651794434,-3.00958251953125,-59.205711364746094,0.7421424388885498,-1.185821533203125,-42.65163040161133,0.5018332004547119,-2.06280517578125,-26.37354278564453,0.3605536222457886,-2.111785888671875,-17.71648406982422,14.318803787231445,1.3048095703125,-53.4841423034668,0.10640144348144531,0.1531982421875,-33.77191162109375,-0.12132644653320312,-1.5180816650390625,-18.61890411376953,-0.23153114318847656,-2.4442901611328125,-16.2791748046875
194392,1970-06-11 15:20:41,-29.969276428222656,4.547798156738281,-36.800880432128906,1.6529159545898438,-1.8680648803710938,-32.46986389160156,7.201702117919922,-2.4924850463867188,-21.014162063598633,-9.874534606933594,-7.8714141845703125,-69.12409973144531,2.926837921142578,1.8228607177734375,-40.88930130004883,1.9391250610351562,0.0075836181640625,-23.004146575927734,1.5391120910644531,-0.5881805419921875,-16.23548126220703,-0.5628566741943359,-5.153472900390625,-66.43514251708984,0.7310810089111328,-0.098419189453125,-46.031455993652344,0.5633831024169922,-1.3344879150390625,-27.121639251708984,0.4433097839355469,-1.5725860595703125,-17.874176025390625,8.247262954711914,-2.43212890625,-59.20789337158203,1.5268652439117432,-1.657135009765625,-42.61503219604492,0.9858381748199463,-2.35150146484375,-26.335708618164062,0.6848762631416321,-2.2989959716796875,-17.683578491210938,14.482218742370605,1.8194732666015625,-53.425079345703125,0.2213592529296875,0.11260986328125,-33.771514892578125,-0.048071861267089844,-1.4381561279296875,-18.625581741333008,-0.1602029800415039,-2.30023193359375,-16.301013946533203
194399,1970-06-11 15:21:42,-29.996124267578125,4.576820373535156,-36.7754020690918,1.637481689453125,-1.8027801513671875,-32.474334716796875,7.1935272216796875,-2.4415817260742188,-21.022937774658203,-9.901866912841797,-7.7513427734375,-69.13375854492188,2.8119888305664062,1.796295166015625,-40.898536682128906,1.8665046691894531,0.0246124267578125,-23.010143280029297,1.4832344055175781,-0.557220458984375,-16.24176788330078,-0.5925388336181641,-5.025482177734375,-66.44469451904297,0.6933784484863281,-0.287567138671875,-46.031246185302734,0.5435409545898438,-1.453125,-27.115947723388672,0.4313774108886719,-1.653350830078125,-17.86717987060547,8.217750549316406,-2.3057098388671875,-59.2170524597168,1.6136925220489502,-2.15484619140625,-42.589569091796875,1.0429887771606445,-2.7320098876953125,-26.29674530029297,0.7249047160148621,-2.5902557373046875,-17.64167022705078,14.449919700622559,1.9434661865234375,-53.4294548034668,0.2265453338623047,-0.14483642578125,-33.771358489990234,-0.04344367980957031,-1.581024169921875,-18.614009857177734,-0.15454578399658203,-2.4225006103515625,-16.283344268798828
194408,1970-06-11 15:23:00,-29.9906005859375,4.5505828857421875,-36.78315734863281,1.6849365234375,-1.6171417236328125,-32.48168182373047,7.233531951904297,-2.2758560180664062,-21.027803421020508,-9.771419525146484,-7.455230712890625,-69.18486785888672,2.8680572509765625,1.358642578125,-40.911521911621094,1.9118118286132812,-0.2469635009765625,-23.005111694335938,1.5222129821777344,-0.76055908203125,-16.22991180419922,-0.48540687561035156,-4.6748199462890625,-66.47115325927734,0.6760826110839844,-0.59466552734375,-46.028564453125,0.541290283203125,-1.623016357421875,-27.106353759765625,0.4339103698730469,-1.756683349609375,-17.85724639892578,8.296855926513672,-1.928436279296875,-59.21950912475586,1.7374708652496338,-2.86968994140625,-42.542503356933594,1.1321971416473389,-3.272003173828125,-26.23133087158203,0.7912368178367615,-2.9993896484375,-17.573875427246094,14.491232872009277,2.3358917236328125,-53.40254592895508,0.3065948486328125,-0.7913818359375,-33.76176071166992,0.012631416320800781,-1.9233245849609375,-18.581806182861328,-0.09633445739746094,-2.704132080078125,-16.239402770996094
194415,1970-06-11 15:24:00,-30.00571060180664,4.454986572265625,-36.78253936767578,1.699493408203125,-1.56024169921875,-32.483707427978516,7.249046325683594,-2.2081985473632812,-21.02967643737793,-9.720123291015625,-7.400970458984375,-69.19791412353516,2.81683349609375,1.1045989990234375,-40.9227294921875,1.8911209106445312,-0.4013671875,-23.004642486572266,1.5118980407714844,-0.8749237060546875,-16.225112915039062,-0.4487113952636719,-4.5780792236328125,-66.47814178466797,0.5879478454589844,-0.8282012939453125,-46.026161193847656,0.49210357666015625,-1.7313385009765625,-27.100589752197266,0.4028434753417969,-1.8110809326171875,-17.8525390625,8.31822395324707,-1.798492431640625,-59.22059631347656,1.7356698513031006,-2.92022705078125,-42.53914260864258,1.1365349292755127,-3.2565460205078125,-26.233070373535156,0.7971526384353638,-2.963623046875,-17.579666137695312,14.489978790283203,2.4881591796875,-53.3960075378418,0.2986907958984375,-1.0509185791015625,-33.7547492980957,0.020660400390625,-2.0163116455078125,-18.57193946838379,-0.08050537109375,-2.7487945556640625,-16.231983184814453
194421,1970-06-11 15:24:52,-29.996807098388672,4.397560119628906,-36.796714782714844,1.7245101928710938,-1.5222091674804688,-32.48419189453125,7.268978118896484,-2.1642227172851562,-21.027366638183594,-9.653942108154297,-7.361907958984375,-69.21134948730469,2.7785301208496094,0.902374267578125,-40.93030548095703,1.8744316101074219,-0.521697998046875,-23.00359344482422,1.5025787353515625,-0.9625091552734375,-16.22101593017578,-0.3931446075439453,-4.5125885009765625,-66.48297119140625,0.5416374206542969,-0.925933837890625,-46.02486801147461,0.4664630889892578,-1.771087646484375,-27.098472595214844,0.38677406311035156,-1.8271331787109375,-17.85126495361328,8.360506057739258,-1.712738037109375,-59.217185974121094,1.7040655612945557,-2.913177490234375,-42.54090118408203,1.1192200183868408,-3.2002410888671875,-26.240741729736328,0.786820650100708,-2.8981475830078125,-17.591049194335938,14.51513385772705,2.5874481201171875,-53.384456634521484,0.30873680114746094,-1.0739288330078125,-33.753936767578125,0.03281593322753906,-2.0079498291015625,-18.57282829284668,-0.065277099609375,-2.726715087890625,-16.23577880859375
194426,1970-06-11 15:25:53,-30.005908966064453,4.3711395263671875,-36.79243469238281,1.727325439453125,-1.4885482788085938,-32.48560333251953,7.273170471191406,-2.1300125122070312,-21.029409408569336,-9.639591217041016,-7.3170928955078125,-69.21809387207031,2.751605987548828,0.843109130859375,-40.933387756347656,1.8625297546386719,-0.5590362548828125,-23.003684997558594,1.4959068298339844,-0.9907684326171875,-16.219932556152344,-0.3845481872558594,-4.451629638671875,-66.48713684082031,0.495330810546875,-0.9802398681640625,-46.024269104003906,0.437774658203125,-1.77178955078125,-27.098907470703125,0.3670825958251953,-1.8104248046875,-17.853378295898438,8.363485336303711,-1.640869140625,-59.21879959106445,1.697134017944336,-3.27093505859375,-42.515167236328125,1.118347406387329,-3.4444580078125,-26.209842681884766,0.7879049777984619,-3.0719451904296875,-17.561477661132812,14.509464263916016,2.66632080078125,-53.382118225097656,0.2536487579345703,-1.229461669921875,-33.749088287353516,0.008170127868652344,-2.064910888671875,-18.566608428955078,-0.08276748657226562,-2.7554168701171875,-16.230854034423828
194434,1970-06-11 15:27:02,-30.01205062866211,4.366188049316406,-36.78801727294922,1.7383270263671875,-1.4055557250976562,-32.488712310791016,7.283870697021484,-2.0572357177734375,-21.03295135498047,-9.603267669677734,-7.18145751953125,-69.23735046386719,2.765239715576172,0.7896728515625,-40.933536529541016,1.872528076171875,-0.58648681640625,-23.002185821533203,1.5041007995605469,-1.0079193115234375,-16.218116760253906,-0.35767364501953125,-4.2938995361328125,-66.4976577758789,0.47793006896972656,-1.0160980224609375,-46.0236701965332,0.429931640625,-1.7829742431640625,-27.098297119140625,0.363128662109375,-1.8117828369140625,-17.85332489013672,8.380188941955566,-1.4734649658203125,-59.22084045410156,1.696974277496338,-3.315277099609375,-42.51173782348633,1.1213669776916504,-3.4491729736328125,-26.209095001220703,0.79160475730896,-3.062286376953125,-17.563003540039062,14.51165771484375,2.8387603759765625,-53.37262725830078,0.20446491241455078,-1.3790130615234375,-33.7436408996582,-0.015218734741210938,-2.1546173095703125,-18.556406021118164,-0.10048294067382812,-2.836517333984375,-16.216773986816406
194440,1970-06-11 15:27:54,-30.032150268554688,4.336875915527344,-36.77507781982422,1.7322540283203125,-1.3683700561523438,-32.490623474121094,7.282478332519531,-2.0194091796875,-21.037097930908203,-9.606842041015625,-7.13189697265625,-69.24197387695312,2.7482986450195312,0.912322998046875,-40.93212127685547,1.8598861694335938,-0.4987030029296875,-23.005290985107422,1.493560791015625,-0.93548583984375,-16.223426818847656,-0.36693763732910156,-4.2265167236328125,-66.50192260742188,0.4465217590332031,-1.098419189453125,-46.022098541259766,0.4134330749511719,-1.826629638671875,-27.095645904541016,0.3532581329345703,-1.837371826171875,-17.850906372070312,8.366668701171875,-1.3940277099609375,-59.22467803955078,1.6480951309204102,-3.2005767822265625,-42.5224494934082,1.08884859085083,-3.269744873046875,-26.233455657958984,0.7687656879425049,-2.884765625,-17.594039916992188,14.490153312683105,2.925872802734375,-53.3737678527832,0.2330484390258789,-1.3788909912109375,-33.74346160888672,0.0046062469482421875,-2.14239501953125,-18.557828903198242,-0.08032512664794922,-2.817352294921875,-16.220226287841797
194451,1970-06-11 15:29:30,-29.959667205810547,4.386924743652344,-36.828216552734375,1.8056716918945312,-1.2726516723632812,-32.49052047729492,7.332065582275391,-1.9462051391601562,-21.02677345275879,-9.442607879638672,-6.9521026611328125,-69.28284454345703,2.7440147399902344,1.1557464599609375,-40.92626190185547,1.8492050170898438,-0.328033447265625,-23.00921630859375,1.4815750122070312,-0.7962799072265625,-16.231956481933594,-0.2140350341796875,-4.0377044677734375,-66.51432037353516,0.4079723358154297,-1.27215576171875,-46.01797866821289,0.3966484069824219,-1.960357666015625,-27.08655548095703,0.3451881408691406,-1.940948486328125,-17.84009552001953,8.49847412109375,-1.2100677490234375,-59.20995330810547,1.7366981506347656,-3.0816802978515625,-42.5277099609375,1.1446120738983154,-3.1725921630859375,-26.243003845214844,0.8068008422851562,-2.807037353515625,-17.60491180419922,14.601264953613281,3.1042938232421875,-53.33339309692383,0.3475971221923828,-1.372711181640625,-33.74272918701172,0.07238292694091797,-2.1117401123046875,-18.561201095581055,-0.01774311065673828,-2.771453857421875,-16.228321075439453
194457,1970-06-11 15:30:22,-29.926742553710938,4.381156921386719,-36.85566711425781,1.8362960815429688,-1.2690277099609375,-32.48894500732422,7.352230072021484,-1.94195556640625,-21.020122528076172,-9.375995635986328,-6.948486328125,-69.29225158691406,2.7593154907226562,1.0762939453125,-40.927398681640625,1.8603172302246094,-0.380401611328125,-23.00751495361328,1.4907341003417969,-0.837310791015625,-16.229049682617188,-0.15089988708496094,-4.0315093994140625,-66.5148696899414,0.3838176727294922,-1.3328704833984375,-46.01647186279297,0.3842449188232422,-2.0081939697265625,-27.08322525024414,0.33794403076171875,-1.9786224365234375,-17.836097717285156,8.553936004638672,-1.2018585205078125,-59.20213317871094,1.7603707313537598,-3.067047119140625,-42.52779006958008,1.1593787670135498,-3.1591949462890625,-26.243972778320312,0.8168060779571533,-2.79583740234375,-17.606231689453125,14.649925231933594,3.11383056640625,-53.319488525390625,0.38918018341064453,-1.39154052734375,-33.74150466918945,0.09604549407958984,-2.117401123046875,-18.560447692871094,0.00350189208984375,-2.7730712890625,-16.22805404663086
194465,1970-06-11 15:31:31,-29.926448822021484,4.3525238037109375,-36.85929870605469,1.8371734619140625,-1.290802001953125,-32.488037109375,7.352935791015625,-1.955291748046875,-21.018638610839844,-9.373592376708984,-6.996551513671875,-69.28773498535156,2.724292755126953,1.099639892578125,-40.92912292480469,1.8431358337402344,-0.3746337890625,-23.008987426757812,1.480133056640625,-0.8378143310546875,-16.230003356933594,-0.14891815185546875,-4.076568603515625,-66.51213073730469,0.3237342834472656,-1.3426055908203125,-46.01664733886719,0.3527660369873047,-2.04351806640625,-27.081008911132812,0.3193073272705078,-2.0178375244140625,-17.832054138183594,8.55540657043457,-1.24090576171875,-59.201114654541016,1.7774710655212402,-3.0517578125,-42.52817916870117,1.1710550785064697,-3.1667327880859375,-26.24254608154297,0.8252208232879639,-2.8101806640625,-17.603553771972656,14.650735855102539,3.0795135498046875,-53.321258544921875,0.379547119140625,-1.410888671875,-33.74081039428711,0.09055805206298828,-2.1324615478515625,-18.55875015258789,-0.0014257431030273438,-2.789215087890625,-16.22528839111328
194472,1970-06-11 15:32:32,-29.951873779296875,4.331581115722656,-36.84110641479492,1.8119354248046875,-1.32476806640625,-32.48808670043945,7.335994720458984,-1.9806442260742188,-21.022186279296875,-9.429733276367188,-7.061676025390625,-69.27351379394531,2.658153533935547,1.1854705810546875,-40.93107604980469,1.8038253784179688,-0.320648193359375,-23.012924194335938,1.4513778686523438,-0.7969970703125,-16.234642028808594,-0.2013702392578125,-4.1439361572265625,-66.50782775878906,0.2845458984375,-1.362060546875,-46.016334533691406,0.32970619201660156,-2.0604248046875,-27.080020904541016,0.3041362762451172,-2.031982421875,-17.830703735351562,8.510028839111328,-1.3056488037109375,-59.206260681152344,1.7303338050842285,-3.0744781494140625,-42.52848815917969,1.1418647766113281,-3.191925048828125,-26.24078369140625,0.8055670261383057,-2.8330841064453125,-17.600791931152344,14.612164497375488,3.01739501953125,-53.335391998291016,0.3294801712036133,-1.4316864013671875,-33.74045944213867,0.061783790588378906,-2.1503448486328125,-18.556806564331055,-0.027436256408691406,-2.80926513671875,-16.22180938720703
194480,1970-06-11 15:33:41,-30.024322509765625,5.2380828857421875,-36.66397476196289,1.6225051879882812,-1.1694412231445312,-32.504058837890625,7.185993194580078,-2.0207901000976562,-21.070117950439453,-9.927047729492188,-6.4252777099609375,-69.26597595214844,2.393840789794922,1.51629638671875,-40.93647003173828,1.6317710876464844,-0.138031005859375,-23.02758026123047,1.3166656494140625,-0.6708984375,-16.25182342529297,-0.6208934783935547,-3.7361297607421875,-66.52938842773438,0.1667041778564453,-0.703582763671875,-46.03169250488281,0.2438030242919922,-1.7896575927734375,-27.10016632080078,0.23888015747070312,-1.918212890625,-17.84429931640625,8.188756942749023,-1.1420135498046875,-59.25493240356445,1.5846705436706543,-2.2588043212890625,-42.585269927978516,1.0250170230865479,-2.7530670166015625,-26.29526138305664,0.7127630710601807,-2.576416015625,-17.644187927246094,14.416879653930664,3.0047454833984375,-53.389225006103516,0.13047409057617188,-0.793304443359375,-33.762855529785156,-0.08586788177490234,-1.861724853515625,-18.587886810302734,-0.18304061889648438,-2.603515625,-16.255088806152344
194488,1970-06-11 15:34:51,-28.250282287597656,8.343963623046875,-37.489261627197266,2.9609756469726562,0.59173583984375,-32.42524337768555,8.002735137939453,-1.09466552734375,-20.84298324584961,-7.186054229736328,-2.18719482421875,-69.86546325683594,3.112091064453125,4.7756805419921875,-40.63658905029297,2.0384445190429688,1.5538330078125,-22.943004608154297,1.6063423156738281,0.4336090087890625,-16.23382568359375,2.079792022705078,0.0119171142578125,-66.60464477539062,2.2596569061279297,2.3183746337890625,-45.923397064208984,1.4563732147216797,-0.377960205078125,-27.118587493896484,1.0258598327636719,-1.1891632080078125,-17.879852294921875,10.654077529907227,1.88031005859375,-58.84268569946289,3.72497296333313,2.0340423583984375,-42.46299743652344,2.306533098220825,-0.242645263671875,-26.35700225830078,1.5503873825073242,-0.9801025390625,-17.75102996826172,16.761993408203125,5.468536376953125,-52.50157165527344,1.8009233474731445,2.7249603271484375,-33.614105224609375,0.7719287872314453,-0.035400390625,-18.66509246826172,0.5215816497802734,-1.099884033203125,-16.41822052001953
194495,1970-06-11 15:35:51,-26.25235366821289,8.244827270507812,-38.93560791015625,4.657768249511719,0.53558349609375,-32.22626876831055,9.086479187011719,-1.1241912841796875,-20.392255783081055,-3.5079345703125,-2.322845458984375,-70.14203643798828,4.7360687255859375,4.89617919921875,-40.46506118774414,3.0498580932617188,1.256927490234375,-22.84884262084961,2.3745956420898438,0.006927490234375,-16.145179748535156,5.571874618530273,-0.1077728271484375,-66.4036636352539,5.598211288452148,2.25799560546875,-45.6399040222168,3.485703468322754,-1.262908935546875,-26.90606689453125,2.3863000869750977,-2.2242584228515625,-17.649757385253906,13.725217819213867,1.7840728759765625,-58.206031799316406,6.452630996704102,-2.002655029296875,-42.13634490966797,3.9393274784088135,-4.441162109375,-25.78426742553711,2.59769344329834,-4.640350341796875,-17.034748077392578,19.488454818725586,5.390472412109375,-51.5599365234375,3.142878532409668,1.9549407958984375,-33.568992614746094,1.4142131805419922,-1.165374755859375,-18.590986251831055,1.011129379272461,-2.557891845703125,-16.23189926147461
194503,1970-06-11 15:37:01,-10.092208862304688,1.9785614013671875,-46.55509948730469,6.059516906738281,0.261871337890625,-31.995742797851562,13.682811737060547,-0.7288665771484375,-17.661300659179688,-5.730583190917969,21.005401611328125,-66.80973052978516,5.678936004638672,-14.2579345703125,-38.05634307861328,5.296573638916016,-19.76922607421875,-10.680594444274902,3.7917251586914062,-15.824020385742188,-1.2365503311157227,3.471996307373047,21.916763305664062,-62.83393859863281,6.207023620605469,-22.9622802734375,-39.416316986083984,1.6280975341796875,-26.02740478515625,-7.589784622192383,-0.0121307373046875,-17.770156860351562,2.525214195251465,11.888008117675781,21.04095458984375,-54.730804443359375,3.772205352783203,-21.861740112304688,-36.45481872558594,-0.5830860137939453,-25.68359375,-6.33112096786499,-1.4784603118896484,-17.418426513671875,3.5883450508117676,17.873371124267578,22.2811279296875,-47.448692321777344,1.8592844009399414,-14.326705932617188,-30.526472091674805,-2.9773521423339844,-16.943695068359375,-7.282121658325195,-4.093263149261475,-15.942672729492188,0.3406696319580078
194511,1970-06-11 15:38:10,-15.043243408203125,3.163543701171875,-45.13133239746094,-0.9829788208007812,-0.5316314697265625,-32.54635238647461,11.233955383300781,-3.676513671875,-18.97244644165039,-10.219528198242188,22.76092529296875,-65.68948364257812,-1.91680908203125,-24.982559204101562,-32.49649429321289,0.40106201171875,-22.992340087890625,-2.0352859497070312,0.8158493041992188,-15.259834289550781,5.725151062011719,-0.576934814453125,21.705902099609375,-63.000205993652344,-5.069725036621094,-27.447982788085938,-36.61072540283203,-4.934715270996094,-26.57196044921875,-2.694652557373047,-3.0878753662109375,-16.592994689941406,6.106819152832031,8.490814208984375,18.999374389648438,-56.093109130859375,-6.248008728027344,-26.296981811523438,-33.02347183227539,-7.103973388671875,-25.450912475585938,-1.3622016906738281,-4.680999755859375,-15.825042724609375,6.791126251220703,15.525821685791016,18.874420166015625,-49.69898223876953,-7.291500091552734,-17.700103759765625,-27.822959899902344,-7.9184112548828125,-16.722259521484375,-2.5782470703125,-6.980373382568359,-14.096260070800781,4.8589935302734375
194519,1970-06-11 15:39:20,-27.26165008544922,3.7152786254882812,-38.93769073486328,-17.351654052734375,1.5029067993164062,-27.516815185546875,-0.7054290771484375,-6.340576171875,-21.423622131347656,-19.682090759277344,21.259742736816406,-64.01753997802734,-17.647674560546875,-25.125717163085938,-27.222824096679688,-6.8320465087890625,-21.970069885253906,1.8948898315429688,-2.0534210205078125,-14.017509460449219,8.099273681640625,-10.452064514160156,17.276268005371094,-63.504241943359375,-22.437767028808594,-26.008262634277344,-30.652172088623047,-13.133575439453125,-23.64752960205078,2.446491241455078,-6.019195556640625,-14.180351257324219,9.210990905761719,-1.144622802734375,12.148262023925781,-58.57146453857422,-22.3662109375,-25.250328063964844,-26.139854431152344,-14.309982299804688,-21.68878936767578,4.989158630371094,-6.931419372558594,-12.586612701416016,10.582817077636719,6.940460205078125,10.090431213378906,-54.01200866699219,-20.006515502929688,-16.59661865234375,-21.560806274414062,-12.716896057128906,-13.386123657226562,2.8416671752929688,-8.798828125,-10.491767883300781,9.140205383300781
