1559384,1973-06-01 15:56:24,136.43864058109008,149.56031592586905,148.67686931261906,146.28253898801356,139.28546054590058,54.29171122837664,38.90833695339352,39.702979045036244,36.679856371091596,82.32078168717871,1.3299306128953403,2.316790512813454,2.306732307384656,2.312102351076363,0.2862657183071536,0.27845503669531524,-0.9441378375221069,-0.9040428885146237,-0.9435364384522908,0.0007345226773130127,-7.508254579960862,-11.80872917175293,7.062946319580078,13.545199394226074,43.35356521606445,13.711532592773438,-4.9296722412109375,0.027099609375,37.278526306152344,16.345937728881836,0.1520404815673828,1.557830810546875,-55.126220703125
1559385,1973-06-01 15:56:33,137.28188597775028,150.11143891613685,149.0464556238813,146.48504026510687,139.35904583878047,54.261082408518185,38.83793699831724,39.65774530674773,36.63787550911468,82.29574763723038,1.333319785105496,2.3165272491928066,2.306479347282497,2.3117008786287268,0.2869394101825874,0.29693502762087753,-0.9305737725308112,-0.8876106325021704,-0.9243392327364081,0.022787640449554742,-8.562892149182062,-11.481180191040039,6.938821792602539,13.532275199890137,44.001712799072266,14.152061462402344,-5.064491271972656,-0.21749114990234375,35.3990478515625,16.220172882080078,0.2043600082397461,1.5725669860839844,-55.729347229003906
1559386,1973-06-01 15:56:42,138.5268161137632,150.93537563978452,149.60992984789215,146.8081501153918,139.49750557106825,54.237949652044634,38.74475890142708,39.62931946623157,36.58426612054955,82.2825783389122,1.3358392062321345,2.315738415700666,2.3061999647101956,2.3111979066097383,0.28675347657751976,0.3233783403650705,-0.9114067574773064,-0.865022773083564,-0.8958249874681518,0.050475914491470875,-10.16194702802693,-10.971990585327148,6.74322509765625,13.518163681030273,44.822914123535156,14.776992797851562,-5.2529296875,-0.571258544921875,32.85627746582031,16.083789825439453,0.19675731658935547,1.6279993057250977,-56.61927795410156
1559387,1973-06-01 15:56:50,139.52118464639452,151.48255471716467,149.8742635623834,146.8090354110792,139.29176904412958,54.21518490168815,38.65098471139033,39.59408898590711,36.533599673151556,82.2727773777323,1.3381461173033236,2.314945963197978,2.3055097332271384,2.3105357414113503,0.28630630805928536,0.34676839904338325,-0.8960568476049081,-0.8444408393205401,-0.8690860840013211,0.0752044308487062,-11.99673478976905,-10.38726806640625,6.525007247924805,13.489336013793945,45.61735916137695,15.370735168457031,-5.467445373535156,-0.9724502563476562,30.305709838867188,16.001731872558594,0.1976451873779297,1.6424598693847656,-57.40203857421875
1559388,1973-06-01 15:56:59,140.70273429451458,152.17844054631564,150.26593378708165,146.91662381625855,139.1784104497496,54.18144607464044,38.58272075922439,39.547361434868264,36.472320147808254,82.27346198057795,1.341478207572363,2.314696389947494,2.3044895027019527,2.3095931752855576,0.28547055484745243,0.3713831723826262,-0.8814982275786407,-0.8216185609682228,-0.8392873385053631,0.10016419897237731,-14.005981806649004,-9.800041198730469,6.3036651611328125,13.438657760620117,46.42442321777344,16.014938354492188,-5.7043304443359375,-1.4108810424804688,27.57006072998047,15.820364952087402,0.2932405471801758,1.6606206893920898,-58.20439147949219
1559389,1973-06-01 15:57:08,141.8235586073478,152.78670164500872,150.54669351970583,146.8880373285137,138.90436642800915,54.09471180239408,38.51977959178267,39.51282870926725,36.41880494961276,82.27447484225617,1.3488202806324792,2.3146513424971213,2.303804832599783,2.308701409744337,0.28472905724732483,0.39394092784435175,-0.8706407839206547,-0.8021229378877209,-0.8117431436647442,0.12204892566268179,-16.23789043174952,-9.334766387939453,6.052885055541992,13.370808601379395,47.235225677490234,16.689918518066406,-5.955039978027344,-1.9079437255859375,24.81378173828125,15.573039054870605,0.34598445892333984,1.7024173736572266,-58.836181640625
1559390,1973-06-01 15:57:16,143.0551817023306,153.42323434208384,150.80534536932794,146.78846568819742,138.5217363551046,54.00065201365785,38.46550439244725,39.495924689354354,36.375394916995376,82.27630224260581,1.3553637889489958,2.314724401996119,2.3036374957978754,2.307831623711979,0.28428150997455714,0.417860899611708,-0.861091381580651,-0.782729116178911,-0.7821377907863891,0.14377827244576047,-18.90107855042004,-8.909135818481445,5.748712539672852,13.271559715270996,48.03767395019531,17.490127563476562,-6.233589172363281,-2.505218505859375,21.723236083984375,15.296136856079102,0.34860801696777344,1.7693405151367188,-59.42827606201172
1559391,1973-06-01 15:57:25,144.35199366398808,154.15061156404207,151.19471235929004,146.8628969601314,138.36420058777998,53.86700779938528,38.41189647997255,39.45093390967928,36.33541281622052,82.27405926965528,1.3638726384410291,2.3151825686783454,2.3027949240860957,2.307155597505096,0.2843842187483027,0.4440887079015162,-0.8477479147489334,-0.7587245255340489,-0.7506645189596911,0.16725990316120193,-21.256525662254262,-8.72494888305664,5.470296859741211,13.149698257446289,48.669715881347656,18.35284423828125,-6.4822540283203125,-3.0283355712890625,18.6357421875,14.881115913391113,0.47498130798339844,1.7667160034179688,-59.948814392089844
1559392,1973-06-01 15:57:34,145.42808949935758,154.73120339992812,151.49873123641413,146.91418441643867,138.24337466625286,53.76710189609325,38.36332199143127,39.41781121647471,36.282457809854556,82.27377523950756,1.369451429833718,2.315891420687859,2.3020675118356033,2.3064003725100757,0.28443139707952403,0.4681117173112821,-0.8343424743420556,-0.736492759543543,-0.7204792274269965,0.18853339085661253,-23.167025218056096,-8.687637329101562,5.23487663269043,13.0423583984375,48.992889404296875,19.17957305908203,-6.6801300048828125,-3.438140869140625,15.946189880371094,14.492253303527832,0.5819129943847656,1.8197746276855469,-60.4788818359375
1559393,1973-06-01 15:57:42,146.64884986085485,155.41145734673412,151.89017945215352,147.04526293165637,138.2086796625578,53.72839720125076,38.299709920765196,39.38868130549811,36.243937374625055,82.26901261584239,1.3706660669254995,2.316631418707622,2.3012904744525278,2.3051900723018313,0.28396296840484025,0.49281188630779893,-0.8182964654359864,-0.711585152820615,-0.6871849453649606,0.21153240443070148,-25.197275066879,-8.41330337524414,4.967395782470703,12.909439086914062,49.18760299682617,20.007728576660156,-6.8827362060546875,-3.8770217895507812,13.021255493164062,14.176796913146973,0.6725368499755859,1.8719501495361328,-61.01246643066406
1559394,1973-06-01 15:57:51,148.009227884888,156.07993439207527,152.18398452340884,146.9977124963756,137.9390085011315,53.67631208327517,38.23273542802915,39.38448844321647,36.220135675995564,82.26817454113217,1.372874662550133,2.3171712361848424,2.301076148447193,2.304672325335286,0.28335879659352564,0.5178727101473525,-0.8025658239746836,-0.6853687194049407,-0.6495793454577098,0.23410691287897303,-27.970772449480137,-7.897462844848633,4.596977233886719,12.719554901123047,49.29664993286133,20.95282745361328,-7.132286071777344,-4.4696807861328125,9.530342102050781,13.867630004882812,0.6631240844726562,1.9139232635498047,-61.493751525878906
1559395,1973-06-01 15:58:00,149.51623403541296,156.90169821236756,152.65773064662957,147.16127215702832,137.92295851352932,53.64099885310711,38.163432915462884,39.38471251951708,36.20936019353233,82.25227114576212,1.3744375305571195,2.3174688813901083,2.300746935075241,2.3045580957641016,0.28330646102643015,0.542904831063362,-0.7837011641208421,-0.656598597650257,-0.6104414191952505,0.2584208037117492,-30.59274549867041,-7.296352386474609,4.22344970703125,12.514127731323242,49.16681671142578,21.8526611328125,-7.351905822753906,-5.021278381347656,5.9719390869140625,13.535318374633789,0.6623268127441406,1.9333076477050781,-61.86200714111328
1559396,1973-06-01 15:58:08,151.07981515237,157.7480485049122,153.15160675714563,147.34415259539986,137.938546715769,53.611582877667686,38.115590797746755,39.38703983768379,36.199539046411786,82.23354703701534,1.3763647963340482,2.3177820868370147,2.3005522844032122,2.3045111823326048,0.28279337358855167,0.5655337595421623,-0.7652606384690769,-0.6269221137030895,-0.5695500657180976,0.2812744510524813,-33.31220925411685,-6.537025451660156,3.8402748107910156,12.27420425415039,48.84337615966797,22.680763244628906,-7.558067321777344,-5.585823059082031,2.3708877563476562,13.185355186462402,0.6820545196533203,1.9636039733886719,-62.15684509277344
1559397,1973-06-01 15:58:17,152.75774787401627,158.6754373644468,153.73380732963653,147.63025488791777,138.09220034588975,53.59147519639671,38.07512064465324,39.38842313493388,36.197545455501846,82.22019227939417,1.376575986959742,2.3181066193326454,2.3004946251515777,2.304444348914986,0.2819921060466048,0.592630331132912,-0.7417772005473299,-0.5913326072800742,-0.5224182701991993,0.3065515416350451,-36.03297416061537,-5.808958053588867,3.45233154296875,12.004907608032227,48.234928131103516,23.620948791503906,-7.741722106933594,-6.1388092041015625,-1.4436264038085938,12.712780952453613,0.7368221282958984,1.9925498962402344,-62.469444274902344
1559398,1973-06-01 15:58:26,154.31664201873716,159.55668336267394,154.3180729435761,147.96516717243037,138.33446420795633,53.591415927820464,38.04257196956411,39.391991094330336,36.19317846966939,82.2122791777294,1.375438593357956,2.3181181896833416,2.3003852165621868,2.3044000466462475,0.28121578535750974,0.617034764993508,-0.7182448978603123,-0.5571358688227223,-0.4777390643941324,0.3301911867286332,-38.39536245227464,-5.065456390380859,3.1035118103027344,11.748588562011719,47.57184600830078,24.39812469482422,-7.8816680908203125,-6.6066741943359375,-4.915855407714844,12.26536750793457,0.8019771575927734,2.055051803588867,-62.62944793701172
1559399,1973-06-01 15:58:34,155.503431202511,160.1913454758645,154.7202796028163,148.17601359075834,138.48710406444016,53.59149427178734,37.99451550454258,39.393628266325344,36.18429545994942,82.18344397955732,1.374766909258695,2.318008076696961,2.300337713393305,2.304300376721057,0.28169534930666357,0.6364420923827825,-0.696839225478603,-0.5280180689713337,-0.4397227791903013,0.3523008703069517,-40.28851674247676,-4.384696960449219,2.807514190673828,11.531393051147461,46.711082458496094,24.98535919189453,-7.985359191894531,-6.9686126708984375,-7.894035339355469,11.919724464416504,0.8228511810302734,2.1229515075683594,-62.69023895263672
1559400,1973-06-01 15:58:43,157.32627045449445,161.16771639193175,155.35641619537728,148.53881715164385,138.79068671525906,53.57043234726021,37.954430771138824,39.395647009371075,36.17771381476027,82.15752576802684,1.3756108572564962,2.31784076194141,2.3002910162687717,2.3043140525179604,0.2824007895567931,0.6624635392804314,-0.6657049292757087,-0.4834348697964139,-0.38201083135645175,0.380066397628851,-43.174408304276994,-3.1905040740966797,2.3677310943603516,11.172569274902344,45.451080322265625,25.659896850585938,-8.114471435546875,-7.509819030761719,-12.099067687988281,11.354647636413574,0.9117679595947266,2.224210739135742,-62.66996383666992
1559401,1973-06-01 15:58:52,159.63272864734037,162.4587547736488,156.2636921303335,149.14867142035672,139.3755291366321,53.54767771664756,37.935325363090456,39.40109667233697,36.175224978509114,82.13481002756906,1.3765914895952616,2.317621293053325,2.3001827802830523,2.304379350942426,0.28313875319807746,0.6894371239561281,-0.6285875462590079,-0.4283298593953799,-0.311278972526791,0.40830363433053374,-46.679101351725194,-1.5609855651855469,1.847015380859375,10.709226608276367,43.61174774169922,26.22016143798828,-8.229446411132812,-8.138542175292969,-16.863739013671875,10.677214622497559,1.0595264434814453,2.3246231079101562,-62.63459396362305
1559402,1973-06-01 15:59:00,161.40329814077967,163.35677624436312,156.8526307552401,149.50809387779276,139.75157930707715,53.52835509541078,37.92648012580867,39.41070429347725,36.173443688798656,82.10805433478971,1.3773920576483003,2.3175119268074904,2.300466953206125,2.3044295857317314,0.2836613589469812,0.7124410543746947,-0.5947310099056508,-0.37895429111547907,-0.24868615623375417,0.4323752309106355,-49.67998256463943,-0.1571636199951172,1.4006309509277344,10.28958511352539,41.653343200683594,26.64257049560547,-8.29412841796875,-8.6512451171875,-20.916343688964844,10.024023056030273,1.1850757598876953,2.448223114013672,-62.48565673828125
1559403,1973-06-01 15:59:09,162.81891166920104,164.13251591456793,157.42656430324888,149.94610601729735,140.24820020929843,53.545776193593376,37.91681130103236,39.40827756682751,36.15718780443541,82.0715777609712,1.3756867974650253,2.3173530453618585,2.3005816158699894,2.304593249478496,0.284701182598276,0.7338677591025486,-0.5635774730552466,-0.33730361699793643,-0.19813307165572772,0.45605479417470596,-51.708289224620785,0.9022731781005859,1.1052513122558594,10.001338958740234,39.827720642089844,26.91449737548828,-8.315460205078125,-8.960159301757812,-24.092041015625,9.43910026550293,1.3343086242675781,2.569974899291992,-62.27296447753906
1559406,1973-06-01 15:59:35,166.42226635162226,165.88593903394622,158.64544946654678,150.8338071213551,141.39519023055902,53.4720629711401,37.89518894403924,39.38096818289449,36.037312888181155,82.0135821945628,1.3809893301377594,2.3167006929098375,2.304427810261092,2.3068545398687443,0.28581151425907225,0.7920539887139538,-0.4719815420193854,-0.21719697696547652,-0.05507481483157386,0.5166666625627315,-57.655697004399826,3.988658905029297,0.29938697814941406,9.198690414428711,33.4212646484375,27.33087921142578,-8.2764892578125,-9.770675659179688,-32.58329772949219,7.5357666015625,1.6355781555175781,3.0460453033447266,-61.662391662597656
1559407,1973-06-01 15:59:44,167.39779098714195,166.01136122906277,158.5130799632992,150.5309268882806,141.18838499491733,53.44367811812413,37.89166815482567,39.3803990593814,36.017664365882545,82.02148834871997,1.3832217260157305,2.316998103869807,2.3059264630025025,2.3074919309438684,0.28481736957309856,0.8016240661661991,-0.4408637171289078,-0.17153972019399813,0.000453681408230721,0.5252075519822018,-60.90057648297716,5.598588943481445,-0.1565990447998047,8.678951263427734,30.68291473388672,27.182144165039062,-8.251632690429688,-10.224845886230469,-35.65180969238281,6.975675582885742,1.7116203308105469,3.2097549438476562,-61.27302169799805
1559408,1973-06-01 15:59:53,168.04403450822664,165.78798543523962,158.04007371123313,149.90098628478557,140.68212418080196,53.4107116072155,37.887440716804605,39.3863576108739,35.99933447835607,82.03496824584877,1.386239017611272,2.3174550957679263,2.3073098211696044,2.3080868019606084,0.28370071337903585,0.8016435840314431,-0.4139228810535163,-0.12970821546008307,0.05167016879637697,0.5243203997663732,-64.42970794756093,7.309650421142578,-0.6607093811035156,8.083253860473633,27.728126525878906,26.845924377441406,-8.211143493652344,-10.704383850097656,-38.31892395019531,6.573307037353516,1.7377490997314453,3.3447952270507812,-60.95513916015625
1559409,1973-06-01 16:00:01,168.57942203626556,165.59269193087283,157.64047703415113,149.37577687031833,140.27133278502936,53.28990893023853,37.88409426852084,39.39164402122084,35.982221727531915,82.05886604543947,1.3968093916362005,2.3179675533042063,2.3085333337254825,2.308642169282056,0.28248775646890595,0.7981021507961735,-0.39156499622326324,-0.09596339237708232,0.09176017815588244,0.5212198880553699,-67.35647136183161,8.697956085205078,-1.073110580444336,7.578645706176758,25.069875717163086,26.33881378173828,-8.158180236816406,-11.076225280761719,-40.32007598876953,6.177150726318359,1.7537269592285156,3.4411277770996094,-60.75068664550781
1559410,1973-06-01 16:00:10,168.97583271116324,165.45479631701218,157.37198559369355,149.0401966412479,140.05389933634646,53.0265784482182,37.89087856692648,39.3963047017624,35.96619369884055,82.08672523375247,1.4164521288029934,2.318525607171127,2.3096107321100305,2.3091619785636626,0.2812198496394919,0.7973684863960572,-0.3710796394937585,-0.06853807833939393,0.12232248276182418,0.5243988375660934,-69.37268858684092,9.565544128417969,-1.3395519256591797,7.244792938232422,22.840333938598633,25.756820678710938,-8.107078552246094,-11.302162170410156,-41.91150665283203,5.669340133666992,1.8085670471191406,3.5358047485351562,-60.49089813232422
1559411,1973-06-01 16:00:19,169.25369822382706,165.25842195410002,157.06316090033008,148.6760600744876,139.8009208347831,52.6328825753977,37.929220201875935,39.400446589136784,35.95117152781355,82.12190400419153,1.4448455671049925,2.3199419553151985,2.3105658730176546,2.3096494766671247,0.2798958597199265,0.789147669845449,-0.35273790945000283,-0.044175790843276726,0.1491639496340247,0.5268280464350906,-71.24189281843883,10.249544143676758,-1.5584583282470703,6.92669677734375,20.7593936920166,24.934219360351562,-8.06951904296875,-11.502029418945312,-43.31385040283203,5.17340087890625,1.9189987182617188,3.6261978149414062,-60.17662048339844
1559412,1973-06-01 16:00:27,169.295264460507,164.74670396051795,156.4228271178772,147.97410365728845,139.23295715488,52.295659520545726,37.976489510094794,39.40419356464796,35.93689452372073,82.15714716550066,1.4681258039179588,2.3225344211679793,2.3114285921532507,2.310113013522183,0.27854608545008114,0.7789028659769948,-0.33401009570670015,-0.017947682036548052,0.1780770209609917,0.524167172731491,-73.53449365143888,11.040525436401367,-1.8285636901855469,6.514952659606934,18.326282501220703,24.192642211914062,-8.018379211425781,-11.743408203125,-44.701904296875,4.653257369995117,2.078125,3.7036514282226562,-59.877342224121094
1559413,1973-06-01 16:00:36,169.0347617581636,163.86709804989277,155.41660754643792,146.92160194165615,138.3614277721978,51.9709786635426,37.98316891142603,39.407553880391035,35.92347267895281,82.18250889416343,1.4881261680838125,2.3237182820629205,2.3122023877017615,2.3105485953958382,0.2776041948563428,0.7725839587403303,-0.30863537742619873,0.015072835625665448,0.21404526757153614,0.5210751996604333,-76.17258594725854,11.857656478881836,-2.185129165649414,6.007610321044922,15.809563636779785,23.63732147216797,-7.915138244628906,-11.985031127929688,-46.333099365234375,4.113775253295898,2.17901611328125,3.8635101318359375,-59.247161865234375
1559414,1973-06-01 16:00:45,169.25421394487964,163.74014619073583,155.24465250404862,146.75852954406224,138.34700979888564,51.16783798329661,37.988650009443695,39.413294680304276,35.910779160628586,82.19972223418893,1.5036268343498642,2.3246907636376206,2.311122721445133,2.3109604638688577,0.27715022070914186,0.7810402578330117,-0.2902820456381928,0.03512403152310984,0.23386744396707168,0.5312441964248926,-77.27055935972203,11.416446685791016,-2.307168960571289,5.849664688110352,13.969359397888184,23.65741729736328,-7.85540771484375,-12.05340576171875,-47.43023681640625,3.9008140563964844,2.3740272521972656,3.8909873962402344,-58.70896911621094
1559415,1973-06-01 16:00:53,169.4368278908447,163.77933534078355,155.27621624918757,146.8085896621751,138.47845634717208,50.38967499187008,37.993573239357325,39.33894678991547,35.89888784353814,82.2091593827771,1.5199367260859105,2.3255648164042477,2.3134430506864376,2.3113464621472715,0.27691935270507195,0.7946634456507206,-0.28165146647154193,0.04310539062493498,0.24056379631255603,0.5431027273951338,-77.48319681144494,10.563156127929688,-2.227550506591797,5.793767929077148,12.85879898071289,24.119598388671875,-7.835029602050781,-12.055015563964844,-47.96534729003906,3.659351348876953,2.496002197265625,3.887725830078125,-58.38532638549805
1559416,1973-06-01 16:01:02,169.6102948730015,163.84626145319203,155.3405878006454,146.89088984935768,138.62677056499714,47.463585247833784,37.998187589205614,39.15579198106099,35.74857612924196,82.21198040784437,1.6629112471219887,2.3263836694334485,2.316334553797861,2.3151014565575987,0.27659045115858716,0.8211595691030398,-0.27318671505946146,0.05149919802546479,0.2477019647355599,0.5553457589240183,-77.62122127580369,6.926639556884766,-2.0268192291259766,5.778615951538086,11.858362197875977,26.09166717529297,-7.793830871582031,-12.036857604980469,-48.53160858154297,1.4197235107421875,2.760223388671875,3.860034942626953,-58.0478401184082
1559417,1973-06-01 16:01:11,169.84729176372943,163.90057521324138,155.38442520938014,146.9570920082939,138.79493830941053,45.68527840170374,38.002344001246875,39.061684745512586,35.38511193557663,82.21156956027694,1.752963978998994,2.3271211543306975,2.3173963824986505,2.3204449841030192,0.27587092409020786,0.8628961893724494,-0.25997762409840364,0.06482478994028669,0.2605136107014768,0.5694178113040843,-77.99153364635686,4.540523529052734,-1.939666748046875,6.076744079589844,10.363840103149414,27.557327270507812,-7.74139404296875,-11.919662475585938,-49.42222595214844,-0.6149635314941406,2.9913177490234375,4.23486328125,-57.858917236328125
1559418,1973-06-01 16:01:19,170.47442421379816,162.96441489078643,154.25325643702763,145.8723372433141,138.39063586437828,44.840632465052565,38.00622884792032,38.98557042452306,35.14483458102494,82.22594597694044,1.8229759057968118,2.3278119677475924,2.318255406341526,2.322212428153864,0.2745127753457973,0.8877321439095466,-0.14868208900244864,0.19551463772469105,0.3977203400391476,0.5546118415639664,-86.03070054424734,7.161609649658203,-3.0402374267578125,4.396918296813965,5.918670654296875,27.30742645263672,-7.163360595703125,-12.180946350097656,-54.755943298339844,-3.9669761657714844,3.5060043334960938,5.667858123779297,-53.84004592895508
1559419,1973-06-01 16:01:28,170.8279717052088,162.35531216915814,153.60828500961398,145.36637923285514,138.4486578871116,44.42388490655877,38.00982635342533,38.92159321236,34.920662541700736,82.23245770603054,1.8586248124982798,2.3284496093786404,2.3189775764220126,2.32319362170161,0.2737745182399885,0.9084745174591143,-0.06823509151766306,0.282241631861785,0.4818903921758171,0.5537142751875431,-90.71319142592074,8.896029472351074,-3.6180381774902344,3.4930362701416016,2.2322349548339844,26.72509002685547,-6.7064971923828125,-12.097572326660156,-57.88088607788086,-6.048254013061523,3.873807907104492,6.679012298583984,-51.0936164855957
1559420,1973-06-01 16:01:37,170.4839506340634,161.49717768603475,152.72862706037373,144.55697305118233,137.93527230490855,44.19362652910779,38.0068213982165,38.86661320036379,34.75415766226696,82.2385735884507,1.8786605809728822,2.328491459106797,2.3195984284888205,2.323925356758817,0.27290585792738153,0.9211598818067495,-0.0361736248880522,0.3129323394263386,0.5080012880129441,0.5519875507622177,-92.92781198825651,9.567231178283691,-3.7849159240722656,3.243767738342285,-0.7793693542480469,26.42340087890625,-6.4946441650390625,-12.053428649902344,-58.83137893676758,-7.056739807128906,4.07147216796875,7.064083099365234,-50.26396942138672
1559421,1973-06-01 16:01:45,169.45185791126167,159.9998314147562,151.22572937925457,143.13601904994434,136.80672479307682,44.13434019837427,38.00372462150949,38.818874364856015,34.54546049835746,82.23528468621409,1.8880144532216458,2.328534872203965,2.3201371479637833,2.3244160490948484,0.27324824469893766,0.9209103615449545,-0.013725801193729549,0.33310196325500924,0.5222036905330193,0.5385837733320149,-95.18533979945914,10.41971206665039,-3.9500656127929688,3.071826934814453,-4.011652946472168,26.133956909179688,-6.3117828369140625,-12.048057556152344,-59.16197204589844,-7.6487579345703125,4.202480316162109,7.421047210693359,-50.04340744018555
1559422,1973-06-01 16:01:54,168.27646344854784,157.99375533652096,149.16681683044658,141.16496470616298,135.2829816295605,44.091772470901816,37.946046333994474,38.77734276958216,34.38666163725849,82.24660397899109,1.8948020700666253,2.327331949781892,2.3206058971083623,2.3247908672754622,0.2732424594613948,0.8917023814072944,0.027867972156247176,0.3724566876036361,0.5532095859209475,0.49400742659018126,-99.61107703704556,12.442767143249512,-4.464177131652832,2.2483444213867188,-8.417722702026367,25.268287658691406,-5.9326629638671875,-12.113021850585938,-59.34461212158203,-7.958660125732422,4.164619445800781,7.811649322509766,-49.572845458984375
1559423,1973-06-01 16:02:03,167.22536182512434,156.38362546992778,147.5438351311924,139.6307954887769,134.08895758636635,44.05843161847622,37.89088227210673,38.73989867734434,34.174288981045805,82.25697730600831,1.9001620554731704,2.325437564047334,2.3210290742266806,2.3234273919318214,0.27342000032236385,0.8665837008997668,0.05521374307842616,0.39723729113074746,0.568406952674363,0.4599091996565979,-102.57902649249218,13.789938926696777,-4.801335334777832,1.8370862007141113,-11.456670761108398,24.614410400390625,-5.658416748046875,-12.074874877929688,-59.28864288330078,-8.072052001953125,4.072418212890625,8.319965362548828,-49.59252166748047
1559424,1973-06-01 16:02:11,166.84142457565397,155.44686458258198,146.62851596953467,138.84748285183028,133.69662658436988,44.032321612389275,37.839258149179166,38.63423411211849,34.015777866737274,82.27680439133292,1.9043862910804754,2.3220461590497092,2.3188992390221044,2.322401878122188,0.2731219419511457,0.8381067969107094,0.0941344708149554,0.4293878459588562,0.592501517698316,0.42551940918434794,-105.90472077027243,15.302460670471191,-5.090444087982178,1.1485261917114258,-14.514535903930664,23.72808074951172,-5.2913360595703125,-12.010513305664062,-59.37713623046875,-8.199417114257812,4.172119140625,8.58560562133789,-49.145545959472656
1559425,1973-06-01 16:02:20,166.57149473147712,154.6810308992056,145.8880687573995,138.23270674364514,133.44088025690334,44.01062179092197,37.8058303844951,38.52735869687365,33.899872773738,82.32469457023223,1.9079150651526822,2.3184307795060954,2.3152084101698445,2.3216480895832095,0.2720678441081834,0.8027841981835597,0.12661876492996468,0.4533785904394383,0.6103431127085182,0.3906564737641396,-108.89420581242348,16.64435577392578,-5.317157745361328,0.43769168853759766,-17.023448944091797,22.881622314453125,-4.9502716064453125,-11.973182678222656,-59.21574020385742,-8.14249038696289,4.319164276123047,8.624019622802734,-48.962154388427734
1559426,1973-06-01 16:02:29,166.9350187485419,154.83845229610705,146.07125240389732,138.48744957515535,133.86731799019884,43.99251878890352,37.76181739172199,38.44917769255491,33.81321502808835,82.39407102197835,1.9108729514698588,2.313924345422378,2.3108223077243184,2.3210817705352245,0.2703556758102455,0.8003261647644082,0.14414939221102777,0.4644053892695831,0.6195617802722169,0.3875494036651592,-110.10373670590297,17.11052894592285,-5.330515384674072,0.24119853973388672,-18.554861068725586,22.51313018798828,-4.7669525146484375,-11.931312561035156,-59.48173522949219,-8.288837432861328,4.495639801025391,8.586437225341797,-48.48762512207031
1559427,1973-06-01 16:02:37,167.19764989809693,154.89002254579242,146.15028070193983,138.6410011841914,134.1981700978263,43.9770205618821,37.72542255008832,38.38339177486683,33.74517935255576,82.46357538332607,1.9134133717306694,2.3101647087517967,2.3064314196102598,2.320636127233115,0.26832249146872644,0.7961558601187584,0.1609193824105855,0.4747706121223917,0.6284886484280483,0.38308075207970105,-111.34711801730418,17.580596923828125,-5.347729682922363,0.020721435546875,-20.106136322021484,22.118988037109375,-4.5797119140625,-11.895713806152344,-59.664180755615234,-8.443809509277344,4.683750152587891,8.52254867553711,-47.99793243408203
1559428,1973-06-01 16:02:46,167.4670765008844,154.90756627092213,146.21172308779978,138.8057298625101,134.5919494138242,43.96379378680381,37.69636856843394,38.28628815138406,33.747921177755785,82.55461125610114,1.9155895264421894,2.307141549121835,2.301460807233565,2.316525956942209,0.2657552975071493,0.7836650672469837,0.18355522918084946,0.48910131881832253,0.6420563037111902,0.37496289176157355,-112.96676762428433,18.23975944519043,-5.376776695251465,-0.4192206859588623,-21.679183959960938,21.55657958984375,-4.3352203369140625,-11.7696533203125,-59.94447326660156,-8.571880340576172,4.963474273681641,8.459911346435547,-47.47581481933594
1559429,1973-06-01 16:02:55,167.38545994290533,154.59550847124692,145.94149369804256,138.63219523924377,134.6313144851866,43.95225391428313,37.67248489941276,38.177671080674244,33.78471449134585,82.61179346962284,1.9174936730443475,2.3046424357380677,2.2944197183799955,2.314406510432723,0.26448443465971216,0.770393704415581,0.20175055264822236,0.49783189600459005,0.6538682283769613,0.3642061735203004,-114.41153023552488,18.80819320678711,-5.345542907714844,-0.9250216484069824,-23.088058471679688,21.05144500732422,-4.09490966796875,-11.716133117675781,-59.96882629394531,-8.665199279785156,5.374237060546875,8.089603424072266,-46.95808410644531
1559430,1973-06-01 16:03:03,167.31517580421834,154.3145061739978,145.70681900213026,138.49624510634877,134.70231186942547,43.94210364625508,37.65251415325872,37.97750919917357,33.83137745839989,82.65447448047242,1.919172075587713,2.3025427037455892,2.283756987179143,2.3120587737555636,0.26365685332204525,0.7620926427905127,0.2208895080002279,0.503177419186275,0.6672548105735135,0.35679964715448315,-115.73833547842241,19.299331665039062,-5.142465591430664,-1.5354430675506592,-24.505779266357422,20.544944763183594,-3.8243255615234375,-11.659744262695312,-60.06065368652344,-8.859737396240234,6.145908355712891,7.416526794433594,-46.25670623779297
1559431,1973-06-01 16:03:12,166.92689909606082,153.62484651557983,145.07247509640536,137.98869638244824,134.47339870375927,43.93300859504607,37.63536647584609,37.731847729499655,33.8997108895981,82.68868409820908,1.920679880355297,2.30073060786989,2.273003105040284,2.306697989910621,0.26331160323067937,0.7647766506264032,0.24450769208113868,0.5100098448903608,0.6834830976911668,0.353317369560148,-117.2792398335423,19.742040634155273,-4.787793159484863,-2.150937795639038,-26.77194595336914,19.899429321289062,-3.5215301513671875,-11.480972290039062,-60.236328125,-9.396900177001953,7.088527679443359,6.836761474609375,-45.057247161865234
1559432,1973-06-01 16:03:21,166.05585317829903,152.3835031402,143.85409071040849,136.86749368617458,133.6237352041559,43.92494951014002,37.620719359006536,37.61027096720016,33.94950322530895,82.72540465753121,1.9220181951659,2.2991779259743836,2.2663011012853223,2.297577718887612,0.26314814203963943,0.7600261795705727,0.258453371374049,0.5120073755991529,0.6872917960902653,0.3394602042459214,-118.9514614071777,20.151844024658203,-4.549867153167725,-2.480823040008545,-29.4752197265625,19.27875518798828,-3.3030242919921875,-11.256561279296875,-59.93751525878906,-9.857297897338867,7.632417678833008,6.7689208984375,-44.43754577636719
1559433,1973-06-01 16:03:29,165.46732047305056,151.48032456685016,143.01261305736696,136.16290335564733,133.21519982290386,43.91765917142628,37.607879774118146,37.55302666273508,33.99172290964965,82.75974328742286,1.9232313435497574,2.297811949795826,2.2601322829934953,2.2899931590926683,0.2627790468724002,0.7551863715918394,0.2807205439612949,0.5241208515334308,0.6996193140739442,0.3288997404429223,-120.6972577794113,20.615821838378906,-4.416492462158203,-2.7932772636413574,-31.955530166625977,18.53050994873047,-3.009796142578125,-10.996589660644531,-59.853538513183594,-10.36203384399414,8.048583984375,6.855724334716797,-43.41257095336914
1559434,1973-06-01 16:03:38,164.72588733470678,150.47456761822608,142.05366073375046,135.31247281291562,132.60629523100843,43.91112856969447,37.59670297939227,37.51984228846548,33.99212232507581,82.78388201813453,1.924319290613242,2.2966194757586216,2.253110768778547,2.278048466490559,0.2624481460653496,0.7532571488780598,0.2967068749994537,0.5317498615582615,0.7035778844362036,0.32097688621767867,-121.99459758588546,20.91926383972168,-4.263115882873535,-2.824916124343872,-34.091060638427734,17.963363647460938,-2.764434814453125,-10.727142333984375,-59.82874298095703,-10.780668258666992,8.452760696411133,7.1760101318359375,-42.89338302612305
1559435,1973-06-01 16:03:47,164.31257073900616,149.89761834172737,141.50267962561287,134.82453476076554,132.26246703704408,43.905123231762545,37.586678325670384,37.48344856071976,34.02122706058237,82.81508597581166,1.925321793519285,2.295547231022566,2.2448265784423334,2.268296773869925,0.2621908851675871,0.7359420979351469,0.3029316622816218,0.5293134822548378,0.7003132885938544,0.30586416286667795,-123.00536997219751,21.231529235839844,-4.146538257598877,-2.9865055084228516,-35.37482833862305,17.589797973632812,-2.608062744140625,-10.580032348632812,-59.53942108154297,-10.818939208984375,8.854740142822266,7.1572723388671875,-43.10565948486328
1559436,1973-06-01 16:03:55,163.60792768182094,148.98784704760504,140.65013989105992,134.0832334947259,131.74144243899457,43.89968073039891,37.57779339317636,37.37161014384895,34.02652574814136,82.82951017447482,1.9262314006515793,2.294594236090567,2.2339953092182463,2.2561554366001206,0.2624100947642479,0.7163275023430921,0.3163840775994203,0.5285962413047974,0.6997489519634569,0.28660805319938065,-124.46155265986363,21.640827178955078,-3.8734493255615234,-3.238112688064575,-37.3459358215332,16.9771728515625,-2.3790435791015625,-10.330276489257812,-59.16423797607422,-11.014932632446289,9.528470993041992,7.119392395019531,-43.05381774902344
1559437,1973-06-01 16:04:04,162.39126298945865,147.52790538188927,139.27837716118745,132.8701641929012,130.82329523657614,43.89465965397368,37.56975873434002,37.23926775098684,34.039347106322325,82.83013555767205,1.9270709040647396,2.2937315958031426,2.223889797315718,2.2452170094258608,0.2626310716877577,0.6923770377156442,0.33512013495970244,0.5313776659314541,0.7036917731108419,0.2648983290249846,-126.134375290153,22.11243438720703,-3.585956573486328,-3.5895915031433105,-39.441287994384766,16.214309692382812,-2.1190338134765625,-10.025917053222656,-58.718788146972656,-11.25259017944336,10.2093505859375,7.057506561279297,-42.7327766418457
1559438,1973-06-01 16:04:13,161.435626062108,146.3766893453444,138.2214022256453,131.97051298630774,130.19562129502907,43.890059941267324,37.37491832904952,37.05132275614788,33.98784595211743,82.82417754855673,1.927842228561293,2.2877904295400526,2.2122543743256986,2.232271045352711,0.2633456782639657,0.6678248111509202,0.34990621135814876,0.5320217380849579,0.7042795438833974,0.2453391618134376,-127.659337983564,22.75519561767578,-3.3962554931640625,-3.852905511856079,-41.46108627319336,15.466598510742188,-1.869293212890625,-9.692207336425781,-58.348854064941406,-11.009105682373047,10.609569549560547,7.046337127685547,-42.64402770996094
1559439,1973-06-01 16:04:21,159.77917171635187,144.39808120650568,136.4775139925983,130.58673557069645,129.37805021103398,43.88579043514962,37.00637806548136,36.8451487704661,33.921176601888185,82.81663789931251,1.928557630715566,2.2746571196628684,2.2012740363516983,2.2183713170434376,0.26401907910062977,0.5727775574977726,0.38317158441450483,0.5457972828933412,0.712118924693555,0.19346370912007937,-131.12658793354512,24.352027893066406,-3.729795455932617,-4.56762170791626,-44.261959075927734,13.728897094726562,-1.358001708984375,-9.070884704589844,-57.14545440673828,-9.822574615478516,10.449810028076172,7.147010803222656,-42.941368103027344
1559440,1973-06-01 16:04:30,158.2911531508385,142.67563486570714,134.87947202832018,129.1912025096929,128.3238349155553,43.88186670032268,36.54075017221354,36.65901996160738,33.89579084168795,82.79865967069324,1.9292158051284058,2.2560846730148585,2.191190494468776,2.2088581699092242,0.26515938137663286,0.4941553974252818,0.38132975851490775,0.5369114308323133,0.7028893994223675,0.14681595821996618,-133.4616520531108,25.551910400390625,-4.034602165222168,-5.162742614746094,-46.015174865722656,12.646461486816406,-1.144683837890625,-8.712059020996094,-55.65034484863281,-8.160503387451172,9.894371032714844,6.838359832763672,-43.96403503417969
1559441,1973-06-01 16:04:39,157.05975825960698,141.24107256029828,133.54999810216995,128.0331578424147,127.45551371358944,43.878180556392465,36.06825379427223,36.47476160962666,33.87310661092754,82.77475965782544,1.9298347371599749,2.236681188046334,2.182124077216135,2.2007915156430036,0.2665463771099364,0.4280755206762361,0.3724470429217267,0.5253319377835848,0.6925654000358782,0.10679902938205697,-135.45535697435298,26.583772659301758,-4.298798561096191,-5.6636857986450195,-47.62285614013672,11.659759521484375,-0.964080810546875,-8.3792724609375,-54.2093505859375,-6.568235397338867,9.267950057983398,6.507663726806641,-44.79279327392578
1559442,1973-06-01 16:04:47,155.99943593536818,140.0108629397275,132.38848806507625,126.9905327152907,126.62624439827857,43.874772358571626,35.60138571118103,36.295355090014766,33.81716949690146,82.74033041171639,1.930408121556985,2.2192802945108974,2.175782865187946,2.190546047777883,0.26827369399118245,0.3869316428745256,0.35876406375560427,0.5141695581095955,0.678391780824585,0.07923913818781604,-136.7671084801441,27.433841705322266,-4.564022064208984,-5.8028130531311035,-49.11268615722656,10.919914245605469,-0.8287353515625,-8.111801147460938,-53.133644104003906,-5.244413375854492,8.59449577331543,6.538177490234375,-45.49739456176758
1559443,1973-06-01 16:04:56,154.38848107438454,138.16413875026075,130.7490034863276,125.6572329380206,125.75246539650324,43.87156353685569,35.19261926520363,36.0169431026785,33.75570618535533,82.7085796357253,1.930948078476856,2.213798510337275,2.1699141302286877,2.180465895083724,0.26963641564329527,0.2891590609291494,0.3616614486705194,0.5040840576974169,0.6643875935583572,0.029116876916428395,-139.75248857855604,28.51632308959961,-4.79154109954834,-6.3763651847839355,-51.13041305541992,9.2423095703125,-0.4931793212890625,-7.5357818603515625,-51.02918243408203,-3.9476242065429688,8.47543716430664,6.392620086669922,-46.721805572509766
1559444,1973-06-01 16:05:05,152.60244464070342,136.1417422711157,128.88324797593526,124.03365845605606,124.51370848695414,43.86858417033608,34.99585931907572,35.74481987052969,33.69069437370097,82.6891545726763,1.9314499878994722,2.206002025023034,2.1666000831225936,2.172853278946786,0.27080967164977926,0.1878904908705685,0.35241507242895326,0.47809566904016365,0.6342844895375849,-0.026440529795670173,-142.52058669655526,29.253976821899414,-4.91297721862793,-6.897934913635254,-52.461734771728516,7.879295349121094,-0.4746856689453125,-7.089622497558594,-48.34876251220703,-2.5896358489990234,8.416418075561523,6.105339050292969,-48.91286087036133
1559445,1973-06-01 16:05:13,150.96737175679797,134.319891094653,127.22888789327523,122.62557710531112,123.47257146828159,42.73038814801831,34.79709754316681,35.53775722171861,33.61783762307924,82.66720963137703,1.9426666287581704,2.1965574684907447,2.1618107098158763,2.166428025790442,0.27211406081496853,-0.0024007290458895048,0.34683856834984045,0.46033381888397396,0.6122720643587191,-0.0670977067642602,-144.88991104539764,23.547853469848633,-5.0038652420043945,-7.2677106857299805,-53.871673583984375,2.9960250854492188,-0.381072998046875,-6.694404602050781,-46.15760803222656,5.466182708740234,8.308307647705078,5.928585052490234,-50.237972259521484
1559446,1973-06-01 16:05:22,149.26156850293614,132.4591939072816,125.5026221562308,121.09901124853661,122.24640048178576,42.17302502111962,34.6579516061481,35.46385475084815,33.54332300275679,82.63567743561387,1.9518095250034293,2.1898156722769793,2.1570145722487286,2.1621682619330076,0.2737565488900029,-0.0832124239854883,0.3338803159083104,0.43889579349704394,0.5823260542382732,-0.10918939501467873,-147.0389891116929,19.156463623046875,-5.22369384765625,-7.536561965942383,-54.45883560180664,0.6930923461914062,-0.2895050048828125,-6.512786865234375,-43.70600891113281,10.114870071411133,8.111675262451172,5.745635986328125,-52.28862762451172
1559447,1973-06-01 16:05:31,148.2520554506261,131.36667561047867,124.49774612897238,120.22074990562757,121.55144739591941,41.5624436329854,34.56230591064659,35.389011724240326,33.48739196590157,82.59613365510566,1.944098714273709,2.185114286367272,2.151312656379491,2.1581353717948955,0.275453990439273,-0.10485175367579416,0.3266244071777301,0.4233265948708025,0.5627960367082574,-0.13452974124727607,-148.3930194889399,16.4152774810791,-5.280649185180664,-7.699956893920898,-54.95204162597656,0.27936553955078125,-0.253021240234375,-6.3585357666015625,-42.12931823730469,12.925405502319336,8.165786743164062,5.568622589111328,-53.479164123535156
1559448,1973-06-01 16:05:39,147.09576627354792,130.13972066247587,123.40058201878976,119.30079153203121,120.86729757057701,41.19952139656643,34.493272972825665,35.30971030432691,33.43822707071488,82.54708179198823,1.9251507785106363,2.181685571464111,2.146483652060664,2.1538707641382446,0.27699204169015634,-0.12060379278728864,0.3247519896896333,0.4100609759846072,0.543704358301536,-0.16172386337530656,-150.1994952624682,14.826986312866211,-5.362791061401367,-7.924412727355957,-55.36092758178711,0.1983489990234375,-0.1743927001953125,-6.116973876953125,-40.28895568847656,14.919132232666016,8.241966247558594,5.400665283203125,-54.862754821777344
1559449,1973-06-01 16:05:48,145.82492564145969,128.8365347216036,122.29894151583412,118.45840810902607,120.33701177195724,40.93118304767473,34.440572534340056,35.25918249350448,33.40111357539474,82.49409724806337,1.9155957129937844,2.1790470568747726,2.1428541465940154,2.150025988739834,0.278429926138873,-0.13690368374564654,0.3323683658883626,0.40375756084490844,0.5269968642769336,-0.18856400587857897,-152.8491578988769,13.8579683303833,-5.602781295776367,-8.275425910949707,-55.25190353393555,0.0644073486328125,0.05844879150390625,-5.7545013427734375,-38.124786376953125,16.164592742919922,8.170333862304688,5.208721160888672,-56.8059196472168
1559450,1973-06-01 16:06:14,144.53227012994392,127.38071116816218,121.06677172883687,117.53206784768811,119.8236866714016,40.5901672637102,34.37780586565949,35.19825241302571,33.36241354340421,82.38471490378903,1.9074568166603265,2.175880656263413,2.1380538831195506,2.1451355875566014,0.2820091279134209,-0.17763439676488615,0.3270597542701188,0.37804011749486177,0.4862625356770277,-0.24351368286565633,-156.95416993986328,12.947362899780273,-5.908435821533203,-8.77562427520752,-54.938785552978516,-0.45905303955078125,0.28145599365234375,-5.272041320800781,-33.750732421875,17.355785369873047,8.073955535888672,4.809822082519531,-60.076011657714844
1559451,1973-06-01 16:06:23,144.16304645236914,126.97215901668652,120.74723905409202,117.32890547263564,119.76704088002643,40.50007190299014,34.360887494077055,35.178775062363485,33.35081946605606,82.34863448701128,1.9044865947561216,2.175022342191264,2.1365049097925,2.143712354030549,0.28315204021219753,-0.18765911707866537,0.32820838404912733,0.3724080218244539,0.47597382237532226,-0.25757390477404124,-158.2733526915581,12.693018913269043,-5.992450714111328,-8.928849220275879,-54.803863525390625,-0.5928192138671875,0.37358856201171875,-5.09405517578125,-32.47393798828125,17.69046974182129,8.057769775390625,4.688220977783203,-60.96910858154297
1559452,1973-06-01 16:06:32,143.66148433050856,126.41429656023236,120.33259264137493,117.09929020276357,119.76644591445775,40.383406670953796,34.33422547166395,35.148646556018974,33.33801668003374,82.28343017097306,1.8979048999941586,2.1736656472413873,2.134050331353701,2.141752148690758,0.28546553370020655,-0.20538769002487653,0.32795210478197717,0.360737257049469,0.4569877134221203,-0.2815254134612607,-160.5189686527092,12.155545234680176,-6.157009124755859,-9.200159072875977,-54.25128173828125,-0.8647537231445312,0.51019287109375,-4.7910919189453125,-30.211212158203125,18.324443817138672,8.004386901855469,4.408489227294922,-62.668399810791016
1559453,1973-06-01 16:06:40,143.22238696251577,125.91575712908231,119.97583916689075,116.92522647729274,119.81857358563782,40.291193841170994,34.310679514194184,35.12151587775883,33.327559925025135,82.22308708140679,1.8918905736101717,2.1724636255568353,2.1315277512215385,2.139937605516162,0.2871051507472913,-0.22238298186556293,0.3278913878462511,0.34927417574111547,0.43860166393000094,-0.3036149133675554,-162.74346566870008,11.622797012329102,-6.309061050415039,-9.448637008666992,-53.641319274902344,-1.1551666259765625,0.64569091796875,-4.4782867431640625,-27.97357940673828,18.89674186706543,7.9653472900390625,4.118499755859375,-64.26889038085938
1559454,1973-06-01 16:06:49,143.15823775815528,125.79405146680641,119.91090748541586,116.93779794781175,119.93836091228852,40.24996768043823,34.290361432359205,35.105021401318695,33.307637695937544,82.165184050887,1.8854935335528815,2.1714233794862943,2.1296820971607997,2.136710577056934,0.2884953755872561,-0.23388037531227582,0.32322685897049935,0.33842555846176037,0.4201453283242476,-0.3193988795342976,-163.9604141477048,11.30372428894043,-6.412967681884766,-9.523792266845703,-53.12378692626953,-1.354949951171875,0.6834716796875,-4.3884735107421875,-26.39751434326172,19.321033477783203,7.935970306396484,4.074974060058594,-65.53987121582031
1559455,1973-06-01 16:06:57,143.09725320237683,125.66213941778574,119.8298848638678,116.92910221423857,120.0361659150563,40.176134977118785,34.2726116583259,35.09798468934854,33.29385139371292,82.10563030756006,1.8794805043264615,2.17051134537872,2.128385743195792,2.1340791776748884,0.2900273002177075,-0.24621025985757708,0.3168851282993362,0.3266854801521876,0.40090560034190015,-0.33655300096399027,-165.19794881710823,10.91697883605957,-6.528083801269531,-9.615220069885254,-52.464534759521484,-1.5484848022460938,0.7249526977539062,-4.3062744140625,-24.69908905029297,19.753198623657227,7.860176086425781,4.008419036865234,-66.84538269042969
1559456,1973-06-01 16:07:06,142.76660161856142,125.2358470136506,119.52059149334474,116.77635953941146,120.09248919863022,40.063999121038734,34.25701023615789,35.09663531363017,33.29320167518304,82.04097660173862,1.8733878879212578,2.1697084699754416,2.127498180367109,2.1325270313653566,0.29151582865186504,-0.2650086917344417,0.31003693712214647,0.31210719106315904,0.3784299602938175,-0.36124632447757915,-167.15930596206363,10.332967758178711,-6.66254997253418,-9.793548583984375,-51.724891662597656,-1.8545684814453125,0.8361053466796875,-4.084228515625,-22.221153259277344,20.251873016357422,7.734401702880859,3.8208847045898438,-68.28092193603516
1559457,1973-06-01 16:07:15,142.55143053850338,124.92366528467305,119.30271680345052,116.68688556845488,120.18054412916014,39.95177449121288,34.24320220576023,35.09616413586701,33.29691979409444,81.945553046547,1.8673644844162625,2.1689964672395647,2.1269997289350524,2.1316393179223683,0.2939671109094831,-0.2821960897801976,0.30181227671243205,0.29761162123897394,0.3578031707256175,-0.38535711903933373,-168.83440987556241,9.82000732421875,-6.775634765625,-9.951288223266602,-50.87921142578125,-2.1280593872070312,0.9208450317382812,-3.8856735229492188,-19.872093200683594,20.68524932861328,7.607089996337891,3.6213455200195312,-69.51890563964844
1559458,1973-06-01 16:07:23,142.55986486495948,124.85058985219783,119.30661873376381,116.79443432866044,120.43080425044334,39.895353572102294,34.23100816128368,35.09893901607824,33.30027424474296,81.8352814512556,1.857542008958011,2.168366473151024,2.1267061893620958,2.1308873010791793,0.2968302334535649,-0.29432915676607724,0.29597549453104266,0.286885199667157,0.3416094559489536,-0.40522793344619834,-170.22760455796742,9.343355178833008,-6.86970329284668,-10.078998565673828,-50.01808166503906,-2.3128204345703125,1.0098190307617188,-3.7192611694335938,-17.903968811035156,21.157007217407227,7.4809417724609375,3.4671783447265625,-70.5178451538086
1559461,1973-06-01 16:07:49,142.59796389607604,124.59001102636385,119.19072008430132,116.89336041886472,120.8733059456808,40.08189527414629,34.20093792181916,35.114478383855925,33.307518686021794,81.48948401920532,1.806871168120841,2.1668080145258823,2.1264377247786106,2.1294923995464434,0.3048791599028878,-0.33652847838024524,0.26770606793005136,0.2473014389755408,0.28797868417935824,-0.4685585462407605,-173.69928047058238,8.14544677734375,-7.097936630249023,-10.389521598815918,-47.2740364074707,-3.1925048828125,1.1634445190429688,-3.3445892333984375,-11.858177185058594,22.73289680480957,7.125175476074219,3.0207366943359375,-73.09891510009766
1559462,1973-06-01 16:07:58,142.56007520709838,124.41662454376139,119.05481278718388,116.82123266641048,120.9207927832917,40.225609193398505,34.19269283601404,35.13375085743488,33.311777426888526,81.36840198583023,1.78529256576942,2.166379436738613,2.126757452410373,2.1293736585571086,0.30698322566251307,-0.3546447061187563,0.25313555044523883,0.2299454031618515,0.26543387987046957,-0.4939849606201432,-174.8368484901266,7.589025497436523,-7.178749084472656,-10.501239776611328,-46.0483512878418,-3.6367874145507812,1.2069931030273438,-3.24847412109375,-9.461341857910156,23.339324951171875,6.95416259765625,2.846343994140625,-74.010986328125
1559463,1973-06-01 16:08:07,142.45086374635352,124.15754164720897,118.83533276973486,116.6699849208062,120.89954221533563,40.589318365077574,34.18516051753131,35.14561413363723,33.32435833743678,81.24746612222042,1.743813039215956,2.165987022238518,2.1268120624748894,2.129363214703573,0.3084669020279783,-0.3732953091478519,0.23539198213776427,0.20886024644861512,0.24080430054466315,-0.5221828289107437,-175.92674178870766,6.803640365600586,-7.252004623413086,-10.60568904876709,-44.81460952758789,-4.137733459472656,1.2118377685546875,-3.1208419799804688,-6.866935729980469,24.348705291748047,6.823497772216797,2.6154212951660156,-74.81159973144531
1559464,1973-06-01 16:08:15,142.57721611347722,124.12523746969359,118.88929527784124,116.84595540239009,121.26361368652931,41.05791490957888,34.178194765089785,35.18631505396045,33.33411647356236,81.13108735824669,1.6989658326438972,2.1656242030624124,2.128889369199376,2.1293252078051723,0.30999477754371785,-0.39410260758370574,0.21884791856030616,0.1906229915449612,0.21393371598661007,-0.5516863028686408,-177.42013534740636,5.786163330078125,-7.305521011352539,-10.758319854736328,-43.346065521240234,-4.775764465332031,1.3570556640625,-3.0089111328125,-3.91668701171875,25.391387939453125,6.517818450927734,2.5174827575683594,-75.6697769165039
1559465,1973-06-01 16:08:24,142.43037539864787,123.86418049037668,118.77533889978099,116.91993429403682,121.57986756252703,41.433582654595796,34.17179134788244,35.224158536280356,33.35189648910466,81.0158094603014,1.6594573848839507,2.1652906848670432,2.131928952333488,2.1295976310943567,0.3108136836604278,-0.4121883822914498,0.20609163936124927,0.1762135817607099,0.19077806862984092,-0.5789257217218093,-179.0805816747752,4.769969940185547,-7.307399749755859,-10.916479110717773,-42.11720275878906,-5.269569396972656,1.5713882446289062,-2.8319015502929688,-1.0722427368164062,26.29490089416504,6.200309753417969,2.481121063232422,-76.20564270019531
1559466,1973-06-01 16:08:33,142.52612863175563,123.8728564523457,118.94764087340734,117.29291225636732,122.19544583814077,41.723259316994955,34.16586765349273,35.260728127708965,33.37134488441607,80.90510663038175,1.6280776281815341,2.164980659637821,2.13504978534516,2.1302103422019094,0.3114178183366515,-0.42839555202387203,0.19634162055900048,0.16466306212390253,0.17116303675376596,-0.6024569838696128,179.25252485894816,3.881956100463867,-7.283466339111328,-11.069816589355469,-40.912384033203125,-5.700843811035156,1.8113784790039062,-2.6205978393554688,1.5120391845703125,26.981924057006836,5.895347595214844,2.4421958923339844,-76.59481048583984
1559467,1973-06-01 16:08:41,142.65882835351158,123.94323743392054,119.19589508609589,117.75349535070258,122.9003263401402,41.917741386558134,34.16036660828747,35.29558616580993,33.3948800410846,80.81026038067043,1.6056826326595577,2.1646937180688095,2.1376425247389634,2.1314606590481837,0.311072229723108,-0.4445007814375129,0.1879727040765981,0.1540842866732905,0.15454307161823516,-0.6231822229657151,177.6240847984036,3.2514495849609375,-7.227901458740234,-11.198936462402344,-39.975868225097656,-6.122413635253906,2.0479049682617188,-2.3566436767578125,3.8604354858398438,27.427839279174805,5.6561737060546875,2.3735198974609375,-76.73675537109375
1559468,1973-06-01 16:08:50,142.89595337100045,124.14497351636125,119.58545429566121,118.3613089280758,123.74700443829359,42.174642566582804,34.15521258963858,35.330119693125,33.424798155835674,80.72561613234065,1.579794751920267,2.1644244768118632,2.1397489490140895,2.1335812279248136,0.31060666555794686,-0.45771670513967805,0.18301314638063673,0.14648291447120407,0.14317984787263813,-0.6393857014412608,176.04206270400027,2.6404037475585938,-7.17137336730957,-11.31205940246582,-38.92534255981445,-6.517112731933594,2.288482666015625,-2.0296249389648438,5.8227996826171875,27.9034481048584,5.435096740722656,2.20904541015625,-76.83094024658203
1559469,1973-06-01 16:08:59,143.05992309196967,124.28196594456784,119.9070255456076,118.8953895083867,124.51046548208014,42.42520079341034,34.150451639536534,35.35987863884777,33.45264747006478,80.65676857447284,1.555448892372519,2.164175029263076,2.1417549126735067,2.13596229521284,0.3103737928745938,-0.47093900302284136,0.1772080859188898,0.13814477533817018,0.13190236052466717,-0.6550054524529569,174.5717142038302,2.073383331298828,-7.102849960327148,-11.40211296081543,-38.03074264526367,-6.911903381347656,2.5047531127929688,-1.7069854736328125,7.6865692138671875,28.323001861572266,5.247920989990234,2.0489578247070312,-76.81021118164062
1559470,1973-06-01 16:09:08,143.1294386529086,124.34255264379075,120.14252018152585,119.32960922519739,125.15304227795981,42.54912286053667,34.14597519144237,35.4291396738654,33.47458152743821,80.61177728564354,1.5425156607283268,2.163941242452015,2.1446470432060263,2.1384347025180444,0.3094535799565291,-0.4831844303054357,0.17235165525550233,0.13397615415619848,0.12191748920991748,-0.6677409924062048,173.21909084556864,1.5990371704101562,-6.9996337890625,-11.516477584838867,-37.11475372314453,-7.2649993896484375,2.8011245727539062,-1.4993820190429688,9.316596984863281,28.520843505859375,4.952167510986328,2.0025863647460938,-76.82533264160156
1559471,1973-06-01 16:09:16,143.17909582258022,124.3837976794446,120.33737760384341,119.69810247268089,125.70324840634709,42.794643779495004,34.14177191004554,35.52962714645607,33.50339589354273,80.56739528584554,1.5178980083042686,2.1637212740789318,2.1474077121599766,2.1406589134564693,0.30820691748390394,-0.4936632122627052,0.1660311680258661,0.13078959770643994,0.1125999405104936,-0.6800725440288495,172.13382841529892,1.0309410095214844,-6.865253448486328,-11.638221740722656,-36.34207534790039,-7.555931091308594,3.111114501953125,-1.3817977905273438,10.763862609863281,28.937461853027344,4.636589050292969,2.0167922973632812,-76.7568359375
1559472,1973-06-01 16:09:25,143.16266641043876,124.36833383949184,120.47937957473887,120.01649319426453,126.2026580737589,43.2950622439121,34.137817906812394,35.622521054142055,33.55678308803111,80.52377074131613,1.4734680054442322,2.1635136482548956,2.1500631100301435,2.1437428757834627,0.3067865450870515,-0.5031665472693223,0.1599641934282925,0.12721458294752755,0.10641675048901099,-0.6917503087814048,171.06042319356675,0.2769317626953125,-6.722911834716797,-11.732368469238281,-35.574485778808594,-7.8779296875,3.4029388427734375,-1.1563262939453125,12.074356079101562,29.670516967773438,4.346157073974609,1.9131240844726562,-76.5731201171875
1559473,1973-06-01 16:09:34,143.240050623156,124.45170798704137,120.70074283767279,120.39044644064376,126.7304192339569,43.70732424707693,34.13411683296199,35.725911003221434,33.60479169521066,80.48673622229101,1.4345045176161515,2.163319280265329,2.1524707648443817,2.1469867485652903,0.3053919272537755,-0.5111159242496767,0.15461424477312308,0.12500750009803868,0.10139315902961013,-0.7017592172815208,170.1127754163008,-0.4894142150878906,-6.579980850219727,-11.826164245605469,-34.7278938293457,-8.097328186035156,3.6969223022460938,-0.9716949462890625,13.203727722167969,30.307720184326172,4.046607971191406,1.8024826049804688,-76.4419174194336
1559474,1973-06-01 16:09:42,143.43355090709028,124.66574396584944,121.04096838409187,120.86716335069934,127.33845666362136,44.05036424579158,34.13061998932599,35.84236628556268,33.67028898326159,80.45744514804741,1.3997836013590856,2.1631362885227414,2.1549178557824717,2.150624603502988,0.30381281949870514,-0.5157600973656192,0.1518218073881899,0.12635787641643983,0.10123865628724227,-0.7083132848734428,169.26200704335315,-1.2232322692871094,-6.419881820678711,-11.905778884887695,-34.0007438659668,-8.154716491699219,4.0122528076171875,-0.7688446044921875,13.968528747558594,30.891761779785156,3.7272567749023438,1.6716156005859375,-76.25605773925781
1559475,1973-06-01 16:09:51,143.65402374697615,124.92316092115486,121.43420413822098,121.4050913557985,128.00999314176323,44.3000076745205,34.127300062156976,35.97083341396969,33.71849287706907,80.43705910298,1.373946832614864,2.16296194418065,2.157647324429869,2.153165134284271,0.3018464906039682,-0.5202084782742085,0.15069453342099384,0.1297748031455394,0.09963435415145083,-0.7129829261217425,168.3512559484143,-1.8348388671875,-6.228736877441406,-12.011547088623047,-33.29966354370117,-8.200836181640625,4.359031677246094,-0.649139404296875,14.717422485351562,31.303543090820312,3.3802032470703125,1.6763229370117188,-76.17101287841797
1559476,1973-06-01 16:10:00,143.80153079514187,125.10902478071131,121.74725572527585,121.8530829837466,128.58136341915574,44.54246039620382,34.12416249199754,36.11055638551622,33.784997079489806,80.42001880856698,1.3471544422156478,2.162796773743079,2.1604009459525284,2.1565110858648735,0.29953661223688455,-0.5241764121037665,0.1490496201514522,0.13382775587123824,0.10078062748826903,-0.7171676464629148,167.5910968660537,-2.443897247314453,-6.0270843505859375,-12.100830078125,-32.7706184387207,-8.166053771972656,4.703704833984375,-0.511627197265625,15.281394958496094,31.732769012451172,3.027923583984375,1.63812255859375,-75.95654296875
1559477,1973-06-01 16:10:08,143.80383229895114,125.14113360969783,121.87886260145247,122.0906511807927,128.91632781202551,44.68419818348847,34.12120725451084,36.228781469869524,33.856345729816056,80.40137895763526,1.3296215522829926,2.162641791224368,2.162487683243773,2.1593674970634793,0.2968993001095803,-0.5281853959188243,0.14664065768968165,0.13648703190326525,0.10261452648118823,-0.7205731743210468,167.06080097270387,-2.8543167114257812,-5.858922958374023,-12.156274795532227,-32.42384338378906,-8.14788818359375,4.973609924316406,-0.38031005859375,15.668891906738281,32.00584411621094,2.751922607421875,1.5752334594726562,-75.71746826171875
1559478,1973-06-01 16:10:17,143.68979398740262,125.063664867119,121.9168730733089,122.25177894774234,129.19031548982002,44.775319629163995,34.11839902487264,36.35724185475944,33.926360345219386,80.38455402407976,1.316477048440086,2.1624937676655493,2.164628732253063,2.1623034369778327,0.2940591844750822,-0.5337784619974091,0.14342985622182294,0.1386325756670188,0.1032304688057365,-0.7246091388973777,166.4840597924558,-3.1577682495117188,-5.671747207641602,-12.216758728027344,-32.146827697753906,-8.187088012695312,5.259269714355469,-0.26012420654296875,16.143882751464844,32.19145202636719,2.4723052978515625,1.5423126220703125,-75.43477630615234
1559479,1973-06-01 16:10:26,143.50868968819321,124.91932399890858,121.87990343231608,122.32912107565555,129.37161132745726,44.867409815727484,34.11570226786457,36.473107236312416,33.970776375296886,80.37216403536038,1.3004391663998662,2.1623521105380874,2.166273064167686,2.1634755251170565,0.29086058170758133,-0.5388717549877577,0.1403755988774951,0.14001928974066727,0.1005957422867716,-0.727738129788534,165.96700080587198,-3.5237960815429688,-5.501033782958984,-12.298982620239258,-31.822250366210938,-8.137733459472656,5.506858825683594,-0.23029327392578125,16.644134521484375,32.432373046875,2.2345199584960938,1.6106643676757812,-75.33639526367188
1559480,1973-06-01 16:10:34,143.1594872027979,124.61325385353426,121.69228655983387,122.26791348356268,129.4248773045992,44.9941663913332,34.309594812349545,36.57410361219254,34.03212544476682,80.36643946030328,1.282247497652101,2.164250832140748,2.167792069209374,2.165349980771437,0.2873891587042263,-0.5455066831990761,0.148299699982812,0.13983195880149582,0.09888706625141282,-0.7311825790570232,165.4040975890439,-3.6992225646972656,-5.500316619873047,-12.346748352050781,-31.542898178100586,-7.868370056152344,5.434608459472656,-0.1116485595703125,17.153038024902344,32.37508773803711,2.3309173583984375,1.5880203247070312,-75.15460968017578
1559481,1973-06-01 16:10:43,142.80409998382638,124.30513337028145,121.50258612643304,122.20376119207849,129.47267400610622,45.06600702841302,34.47899603803805,36.654569518824104,34.09874746002776,80.35757370135049,1.2675409128419737,2.1658979502685254,2.1688853937157373,2.167348038656693,0.2840194305662297,-0.5516147339814701,0.15504380093981104,0.1388362180367275,0.09822901740053105,-0.7338641269474578,164.87974396034133,-3.8722610473632812,-5.508647918701172,-12.364694595336914,-31.26697540283203,-7.5803680419921875,5.3603973388671875,0.05310821533203125,17.572975158691406,32.313438415527344,2.4369277954101562,1.4989471435546875,-74.97201538085938
1559482,1973-06-01 16:10:52,142.42781108287505,123.98242209970874,121.30008112798092,122.12778283177389,129.50728225776805,45.115428914132714,34.60593977625505,36.743906909268105,34.15719276500055,80.350576504152,1.2526469821748503,2.167125899274832,2.1702142719923594,2.1693255917007397,0.28100226547003715,-0.556620045187365,0.1599706138083406,0.13912848800424776,0.09770532719193399,-0.735882505577993,164.35603236942825,-4.048801422119141,-5.470714569091797,-12.400007247924805,-31.042804718017578,-7.2867889404296875,5.368736267089844,0.1822509765625,17.955894470214844,32.34278106689453,2.454620361328125,1.4619903564453125,-74.79178619384766
1559483,1973-06-01 16:11:00,142.02807133468352,123.63813796923276,121.06978542093965,122.0168711053017,129.49897936688723,45.14750092520782,34.704054777988475,36.83344413971823,34.218403171995796,80.34783717986033,1.2393577279537107,2.168070715687838,2.171724244997925,2.170831940760049,0.2782767326527795,-0.561214005058401,0.1636540865458536,0.1401793899736646,0.09766941695101296,-0.7371197157888646,163.88554161314914,-4.188755035400391,-5.409217834472656,-12.43820571899414,-30.861059188842773,-7.042335510253906,5.417854309082031,0.29102325439453125,18.257606506347656,32.38939666748047,2.4176712036132812,1.45623779296875,-74.640380859375
1559484,1973-06-01 16:11:09,141.45185525851164,123.13944168623244,120.71324193240392,121.80834235514202,129.41463759485413,45.17586687565822,34.78100460682226,36.90276724294213,34.272526987445204,80.34547709694039,1.2310784452542656,2.1688098168408994,2.1726415512089283,2.1723469829448083,0.27565201323500566,-0.5666298471185747,0.16627587297715687,0.1392321639891751,0.09608003632126404,-0.7388490424469907,163.24447371054703,-4.2855377197265625,-5.336938858032227,-12.453346252441406,-30.6722469329834,-6.936714172363281,5.470085144042969,0.46144866943359375,18.71142578125,32.36996078491211,2.41455078125,1.4141921997070312,-74.46432495117188
1559485,1973-06-01 16:11:18,140.88073797270854,122.65254240711948,120.37026473281104,121.61393591945401,129.3423118050236,45.21469587245836,34.844163852662604,36.97815539937819,34.32792742920244,80.34433433547063,1.224155937765841,2.1694158205486036,2.173434826767616,2.1736393035586823,0.27290635407986535,-0.5717644311898772,0.16823154492683765,0.13874793299122268,0.09472757907005691,-0.739880769600917,162.62948347050042,-4.334037780761719,-5.248468399047852,-12.470808029174805,-30.572101593017578,-6.8925933837890625,5.5453643798828125,0.6149749755859375,19.11280059814453,32.346073150634766,2.3923568725585938,1.398956298828125,-74.28022766113281
1559486,1973-06-01 16:11:26,140.35605931368798,122.20608503313807,120.04951016929849,121.42214851671032,129.25456729187158,45.2546670863636,34.89625993619531,37.04567432016832,34.361735330512104,80.34510227062401,1.2180293364933847,2.169913212371614,2.1741089608044843,2.1744625617456586,0.26980931664001034,-0.5759081542867872,0.17006624016750654,0.13874130741787621,0.09273675198045045,-0.7392469391569031,162.1044878040084,-4.3600921630859375,-5.166984558105469,-12.499519348144531,-30.49713897705078,-6.8620147705078125,5.616180419921875,0.707244873046875,19.418426513671875,32.33039474487305,2.3662643432617188,1.4337615966796875,-74.19839477539062
1559487,1973-06-01 16:11:35,139.84403001574606,121.76869828106331,119.72915381062683,121.22138688182525,129.1494213604656,45.27819151514032,34.940815459607975,37.100935563357595,34.39731122154246,80.34812396439699,1.2128843998905452,2.17033920388057,2.174535995737488,2.1751720963668912,0.2665873496310724,-0.5799285744424186,0.17125917058034287,0.137998191040098,0.09084791694886608,-0.7381349373977827,161.61946240500583,-4.362998962402344,-5.096902847290039,-12.512691497802734,-30.463123321533203,-6.838218688964844,5.6716156005859375,0.8122024536132812,19.67962646484375,32.31822204589844,2.3597946166992188,1.4468765258789062,-74.1275634765625
1559488,1973-06-01 16:11:44,139.43843133129877,121.42031900958106,119.46980940758485,121.05280619599212,129.05308735873123,45.29866970517048,34.97892599029197,37.11599608042367,34.42912438679184,80.34886261083243,1.209336433409275,2.1707023628341156,2.1744396397406534,2.1754825913911575,0.2636197450133918,-0.5831848836012166,0.172121766061815,0.13573154560155162,0.0892494792953479,-0.7363932861727844,161.25865082769906,-4.3543548583984375,-5.079973220825195,-12.488990783691406,-30.43341064453125,-6.836601257324219,5.6615447998046875,0.9374618530273438,19.83983612060547,32.29343795776367,2.420623779296875,1.4027099609375,-74.11439514160156
1559489,1973-06-01 16:11:52,139.0407624763405,121.08483244261295,119.22697699317322,120.9037371862733,128.97744361915818,45.309491946444794,35.01196714601048,37.1531623109728,34.44196580172021,80.3467981003493,1.2065084858662964,2.171016906356399,2.1745868807142728,2.17542802089142,0.2607775234831072,-0.5858804259217565,0.17305386095828196,0.13498568126279412,0.08648741487985749,-0.7340634200727151,160.89409630668342,-4.32977294921875,-5.033622741699219,-12.507301330566406,-30.409645080566406,-6.824531555175781,5.69525146484375,0.9800567626953125,20.011024475097656,32.27552032470703,2.4305877685546875,1.4612960815429688,-74.15587615966797
1559490,1973-06-01 16:12:01,138.69869359649752,120.79480928940406,119.01305408270402,120.76665360842156,128.90009131221558,45.318309314142255,35.041114254892356,37.18937637484802,34.46239145126421,80.3476121482445,1.204993711340254,2.1712947020712354,2.1746085683261938,2.1758082023678154,0.2579296800733414,-0.5883352574701121,0.17384821174092013,0.13438345512405234,0.08509703406795426,-0.7314161025516344,160.5821479032693,-4.298274993896484,-4.990320205688477,-12.512533187866211,-30.416954040527344,-6.832298278808594,5.725982666015625,1.043609619140625,20.101234436035156,32.23955154418945,2.44012451171875,1.4721298217773438,-74.17036437988281
1559491,1973-06-01 16:12:10,138.3155486375427,120.48739308969539,118.80801954890143,120.66361425920373,128.8738398593784,45.33207931475018,35.06675612461271,37.204849518626666,34.48309786379556,80.35018801939074,1.2032704323673884,2.1715384312906143,2.1744878156674567,2.175939583730928,0.25499967201056617,-0.5906434535683288,0.17536480622874298,0.13288569050406407,0.08304078919695929,-0.7285565038725086,160.10184899522756,-4.3092498779296875,-4.949619293212891,-12.495040893554688,-30.33139419555664,-6.8315582275390625,5.745025634765625,1.1697463989257812,20.2857666015625,32.208927154541016,2.4776840209960938,1.4539337158203125,-74.20970916748047
1559492,1973-06-01 16:12:18,137.8736009688148,120.1409093063881,118.58283614381867,120.55820367302606,128.8562447462407,45.3489818919787,35.08986343549047,37.22059882416279,34.49403924899643,80.35912267448431,1.201432632679289,2.1717574762786263,2.174378553182816,2.175787309880653,0.2519435497818441,-0.5928455413491303,0.17739647622343924,0.13150886448855406,0.07982757464933672,-0.7249000681937586,159.48654456647546,-4.309658050537109,-4.890869140625,-12.485122680664062,-30.26868438720703,-6.826690673828125,5.779212951660156,1.296539306640625,20.53943634033203,32.18523025512695,2.51397705078125,1.4809799194335938,-74.27413177490234
1559493,1973-06-01 16:12:27,137.42264531122973,119.7889678726497,118.3568345443964,120.4560463134784,128.8445765978396,45.375363681001794,35.110340602302976,37.25934313581115,34.49703797003639,80.36217227153669,1.19897621419896,2.1719522116589403,2.174465859369716,2.175688212048414,0.24975229554212447,-0.5957202790566343,0.17886836231878822,0.13091372399129816,0.07585669237232204,-0.7221446780324032,158.8621286652642,-4.267887115478516,-4.801675796508789,-12.504707336425781,-30.273441314697266,-6.858436584472656,5.8513031005859375,1.3730392456054688,20.855987548828125,32.16582489013672,2.5115432739257812,1.57806396484375,-74.2823486328125
1559494,1973-06-01 16:12:36,136.98869795270846,119.45234801016254,118.14088667114508,120.35807070824946,128.8316769662033,45.420716278873,35.12900819024721,37.261245887753375,34.50341562226293,80.36951978650386,1.1954260373045256,2.172129665256935,2.174314927918296,2.175590414758151,0.24756934392372235,-0.5994083857177774,0.18021449862535896,0.12845108652558157,0.07191656371549689,-0.7189805235916192,158.22701668768786,-4.241123199462891,-4.749917984008789,-12.480716705322266,-30.232656478881836,-6.9423065185546875,5.870948791503906,1.5145721435546875,21.158164978027344,32.13821029663086,2.5669784545898438,1.595306396484375,-74.32339477539062
1559495,1973-06-01 16:12:44,136.64592798948863,119.18560188535344,117.96760843174714,120.27585295465016,128.8147263388977,45.4882392680449,35.1459262298545,37.26095147090526,34.50514899597482,80.37289127315972,1.190172932087439,2.1722897651727138,2.1738368116024476,2.175449589588592,0.24593974696364077,-0.603059571751801,0.18120163611562246,0.1259537120327608,0.06841745566222164,-0.7159639221403702,157.73066683490924,-4.217887878417969,-4.715513229370117,-12.460847854614258,-30.2005558013916,-7.048095703125,5.871818542480469,1.6269378662109375,21.381248474121094,32.12761306762695,2.635528564453125,1.599029541015625,-74.38372039794922
1559496,1973-06-01 16:12:53,136.32161569458353,118.93318547795842,117.80417108814805,120.19890218259368,128.79978082956782,45.57596209370684,35.16133076207688,37.25460244220594,34.50203176811738,80.36795777094555,1.1836276094807483,2.1724356684173185,2.17316046343468,2.174851822325135,0.24518042401672002,-0.6072118916948502,0.18177538205461824,0.1227545430604309,0.0639866974026907,-0.7140434239089414,157.25131049298398,-4.200382232666016,-4.688596725463867,-12.440967559814453,-30.13685417175293,-7.191383361816406,5.8590240478515625,1.7265777587890625,21.66559600830078,32.12368392944336,2.7212142944335938,1.614898681640625,-74.44364166259766
1559497,1973-06-01 16:13:02,135.91216147398717,118.60518069668836,117.58706269734104,120.0901422807281,128.77139623294482,45.67683347319958,35.17544080997552,37.23537645228121,34.50475602349447,80.35799221408047,1.1762576987680957,2.172569448616275,2.1721187776503603,2.174230663336227,0.24470994679023364,-0.6129129941647802,0.18120266555090125,0.11742539236376193,0.058456607003248465,-0.713889243510741,156.7094032779096,-4.168972015380859,-4.668712615966797,-12.39555549621582,-30.10234832763672,-7.3908233642578125,5.822654724121094,1.8720626831054688,22.088943481445312,32.11521530151367,2.8523941040039062,1.597412109375,-74.4142074584961
1559498,1973-06-01 16:13:10,135.59374181278122,118.35409922221483,117.42372888841453,120.01195275451964,128.75518796159972,45.80798059791336,35.188488436874934,37.21018388830796,34.50550590629846,80.35008135390378,1.1679502510820083,2.172693106053169,2.1708927038171013,2.1730725858044027,0.24405874362515473,-0.6180530831054522,0.1812069733939713,0.112708384047376,0.053596400573119526,-0.7125614862480836,156.26391101428453,-4.151634216308594,-4.665582656860352,-12.351118087768555,-30.070453643798828,-7.611061096191406,5.769538879394531,1.99359130859375,22.393997192382812,32.10384750366211,2.99163818359375,1.5864639282226562,-74.46202087402344
1559499,1973-06-01 16:13:20,135.27028297960672,118.11106932440755,117.28309798164645,119.9698977709989,128.7839338332234,45.96540959683587,35.20104359597193,37.15749490860597,34.506331135728495,80.34162796792897,1.1593949731044433,2.172811863203429,2.1692119492392603,2.172714061852727,0.24346263232847354,-0.6248270751239087,0.18143275164359154,0.1062773694937268,0.04900611567396899,-0.7109160471067175,155.71315187394248,-4.090156555175781,-4.684900283813477,-12.262491226196289,-30.009357452392578,-7.9646453857421875,5.6768798828125,2.207122802734375,22.730079650878906,32.042171478271484,3.1922683715820312,1.4742584228515625,-74.47089385986328
1559500,1973-06-01 16:13:28,135.04112610295923,117.94339970495614,117.19084671818159,119.94976835473926,128.81468410025016,46.12885681870242,35.21089328872607,37.1270772588502,34.50081739521216,80.3318643493877,1.1526480618932191,2.172905038002581,2.1679526106242535,2.1723524716746927,0.24325848594194488,-0.6307943669057987,0.18186967454574018,0.10205938749073158,0.0452691100630245,-0.7093886439522817,155.28715297043618,-4.012073516845703,-4.6908111572265625,-12.208908081054688,-29.94021224975586,-8.364707946777344,5.6212158203125,2.3430099487304688,22.983558654785156,31.947433471679688,3.3286666870117188,1.4177169799804688,-74.49993896484375
1559501,1973-06-01 16:13:36,134.81281908330178,117.77793494580138,117.102713934506,119.93541768472812,128.852337483281,46.2927790416579,35.21032187823043,37.09121685652314,34.49420915473608,80.32398826715144,1.1464071217647762,2.172004418166069,2.167308276965252,2.1719728609394138,0.24319976724269116,-0.636471010891572,0.18101293139210603,0.09779808453707349,0.0412083652738764,-0.7078801925169852,154.84850455643937,-3.9690322875976562,-4.673011779785156,-12.15888786315918,-29.87200927734375,-8.780609130859375,5.589515686035156,2.4764633178710938,23.253448486328125,31.89788818359375,3.3955764770507812,1.3869171142578125,-74.53233337402344
1559502,1973-06-01 16:13:45,134.61318465872196,117.63455304510826,117.02823522348369,119.92648060961923,128.8894406120537,46.41871519624102,35.20979833118432,36.98677702800611,34.48882599289677,80.31632046040608,1.1421366402887556,2.1711709723119763,2.166200564613351,2.1718478036948294,0.2428353291404344,-0.6410189786760135,0.18021875085787153,0.09037891583776485,0.037766344934994846,-0.7062970549148965,154.4505777307495,-3.9309921264648438,-4.735267639160156,-12.032590866088867,-29.80314064025879,-9.126602172851562,5.444793701171875,2.7206573486328125,23.483421325683594,31.851089477539062,3.5822677612304688,1.21875,-74.55786895751953
1559503,1973-06-01 16:13:54,134.42350701757175,117.50155023897435,116.96352823839776,119.92643304759412,128.93439179171583,46.535045119032375,35.209338913950624,36.92887148409978,34.470993413851836,80.3065585062406,1.1393157099938769,2.1704064400590095,2.1658878579642855,2.171657249750637,0.242626841822116,-0.644729843928493,0.1795635575046108,0.08578250020229462,0.03362712863370179,-0.7044899108885275,154.05024667844373,-3.894176483154297,-4.745874404907227,-11.970935821533203,-29.715499877929688,-9.458259582519531,5.385490417480469,2.8536911010742188,23.726783752441406,31.79540252685547,3.6652374267578125,1.1813278198242188,-74.61457824707031
1559504,1973-06-01 16:14:02,134.27634730662447,117.40061277522906,116.91738762339732,119.9319984372289,128.97560758530926,46.61212842791726,35.171236103320624,36.89646843947818,34.44745949505112,80.29575325513107,1.1379033857621308,2.1685891517974376,2.1654400176971937,2.1715340910169525,0.2426407634632608,-0.6476214915381754,0.17704285622767732,0.0825258846606829,0.029714010445826937,-0.7026268192262602,153.72075834903626,-3.9178314208984375,-4.690704345703125,-11.939048767089844,-29.627120971679688,-9.7510986328125,5.399635314941406,2.9277191162109375,23.92498016357422,31.82122802734375,3.64520263671875,1.1748809814453125,-74.69038391113281
1559505,1973-06-01 16:14:11,134.15569786953822,117.31607549819913,116.87793801570918,119.93522664114226,129.00891870596428,46.693386138170005,35.114977720168305,36.8679152666539,34.43327771626526,80.28446755486164,1.1369564332774575,2.16625912706838,2.1648798389908284,2.171511939298696,0.24238049887704155,-0.6505060101819712,0.17299745641652392,0.07923814922067404,0.02649429143410249,-0.7008529592983659,153.4544902513244,-3.9744415283203125,-4.617563247680664,-11.90072250366211,-29.55447006225586,-10.08001708984375,5.438499450683594,3.005859375,24.073524475097656,31.87557601928711,3.5859909057617188,1.1433563232421875,-74.75474548339844
1559506,1973-06-01 16:14:20,134.06368574633578,117.25189604745262,116.84846901582961,119.93855380709797,129.03533238923814,46.77748340867952,35.07199407188008,36.848757374330845,34.415889652516945,80.27607705387193,1.1360764166836599,2.1638693094641477,2.1645413783541905,2.171444411022318,0.2416134289349573,-0.6528692375929726,0.16938691325554112,0.07680497896726105,0.02349977144555746,-0.6984282658898008,153.24551378103934,-4.021503448486328,-4.550966262817383,-11.881547927856445,-29.49789047241211,-10.38909912109375,5.481376647949219,3.0470962524414062,24.16191864013672,31.92540740966797,3.509674072265625,1.1410675048828125,-74.8568115234375
1559507,1973-06-01 16:14:28,133.970873341799,117.1881021463233,116.82077287770737,119.94490865234181,129.065601815967,46.87504934251769,35.03666158665372,36.83321392582656,34.40545934746584,80.26966254741174,1.1339450150299384,2.1618977950819223,2.1642037360533513,2.171471876459159,0.24061965542701522,-0.6552106717220633,0.16629817797205718,0.07447053655018364,0.02090508695985325,-0.6958185789682395,153.02702968731865,-4.070304870605469,-4.491250991821289,-11.858060836791992,-29.461589813232422,-10.681777954101562,5.518547058105469,3.1005859375,24.235275268554688,31.969146728515625,3.4519500732421875,1.1293182373046875,-74.94418334960938
1559508,1973-06-01 16:14:37,133.88594673269006,117.13142455768904,116.79867932900659,119.95534607190523,129.09870101608206,46.95195797769182,35.007104361182094,36.81407790411661,34.39837752199641,80.25893787173477,1.1326466033494587,2.1602436586954883,2.1637582122306713,2.171509639844469,0.24033340810365444,-0.6572569333862402,0.16365423758416395,0.07194955886506325,0.018594121146587376,-0.6935389542661847,152.81686476410414,-4.093963623046875,-4.446266174316406,-11.826583862304688,-29.421607971191406,-10.947532653808594,5.538597106933594,3.1669235229492188,24.3046875,31.996376037597656,3.4214019775390625,1.100830078125,-75.01398468017578
1559509,1973-06-01 16:14:46,133.79962388610318,117.0769818076485,116.78288444504467,119.97576257817211,129.14421059794705,47.05185185705013,34.98223150561322,36.76989443407694,34.39097131163602,80.24556427360368,1.1301691261427018,2.1588475303362835,2.161983744175566,2.1715197536381967,0.24016383782958817,-0.6593794325818695,0.16132998613891836,0.06720438542985452,0.01604463919494108,-0.691537345617136,152.58196089542707,-4.134487152099609,-4.449331283569336,-11.750802993774414,-29.370681762695312,-11.215126037597656,5.487449645996094,3.3018035888671875,24.40509033203125,32.01730728149414,3.505889892578125,0.9761505126953125,-75.07038879394531
1559510,1973-06-01 16:14:54,133.68653908477518,117.00575029090723,116.76285661759387,120.00368338934354,129.20545434495654,47.15626041710801,34.96087434193107,36.69219726297273,34.36956745187436,80.22845411617368,1.1279489589873195,2.1576455960129874,2.1594405425404086,2.1709782220617613,0.24014972583567978,-0.6622490581882406,0.15904491013939653,0.060073226831291605,0.01148204294845635,-0.6898998998961428,152.27547664341273,-4.161914825439453,-4.50103759765625,-11.63960075378418,-29.289386749267578,-11.514778137207031,5.371147155761719,3.4701004028320312,24.61988067626953,32.005859375,3.6879501342773438,0.8271865844726562,-75.15243530273438
1559511,1973-06-01 16:15:03,133.5101642895761,116.8928708104764,116.72975325919012,120.04535047466743,129.2996172912033,47.248304316108914,34.942369376910676,36.64500772930526,34.35344505404562,80.20798012671077,1.1258403812843265,2.156601206030364,2.158446740420214,2.1701324037609746,0.2398421308583861,-0.6655866918175458,0.15625539738016764,0.05418566945149964,0.0053684956488865895,-0.688908507933304,151.8371560784999,-4.1898193359375,-4.488311767578125,-11.572359085083008,-29.219188690185547,-11.796981811523438,5.330696105957031,3.58746337890625,24.97669219970703,31.993778228759766,3.7707748413085938,0.8187179565429688,-75.1864242553711
1559512,1973-06-01 16:15:12,133.3512245272466,116.78984452872903,116.69834566452614,120.08102217894817,129.38268829538882,47.31959502210323,34.89127796000451,36.61532705621913,34.338619840990155,80.18866382783543,1.124747619582301,2.1540876442015766,2.157844064448729,2.169416678643803,0.239362132721975,-0.6687928259635797,0.15117384307013385,0.04927183000199063,-0.00046267322344315713,-0.6877887370346285,151.44896910268017,-4.260730743408203,-4.406120300292969,-11.531169891357422,-29.141620635986328,-12.116569519042969,5.366081237792969,3.6667938232421875,25.294578552246094,32.057613372802734,3.7260971069335938,0.840789794921875,-75.23571014404297
1559513,1973-06-01 16:15:20,133.23445674132313,116.72010069959148,116.68739343601072,120.12482821544594,129.46474742223316,47.383000032341045,34.847528145869184,36.59880218594228,34.31560901582889,80.16649705790981,1.1245273806957794,2.1519264609556763,2.157422223890087,2.1687700855974317,0.2388144708850471,-0.6715596724267299,0.14682842376646432,0.045573863977689304,-0.005977118201775514,-0.6863182535215764,151.1272945097744,-4.315052032470703,-4.325460433959961,-11.519479751586914,-29.053634643554688,-12.413291931152344,5.411506652832031,3.695770263671875,25.556228637695312,32.09281921386719,3.6703338623046875,0.895782470703125,-75.31551361083984
1559514,1973-06-01 16:15:29,133.03614493883822,116.61181685292962,116.67669990338106,120.2036448280961,129.60188373500912,47.407494711881256,34.85711017698302,36.57827919013449,34.291986429852564,80.15131353588232,1.124320139495933,2.1517679455593686,2.156799081611435,2.1681506698590725,0.23786264910640573,-0.6738436561274457,0.14606762097505746,0.040974064538207004,-0.012757843091438665,-0.683920634115819,150.58695823822745,-4.351543426513672,-4.308006286621094,-11.487443923950195,-28.955955505371094,-12.501144409179688,5.382194519042969,3.7753982543945312,25.93010711669922,32.04856872558594,3.7606735229492188,0.9475173950195312,-75.38980102539062
1559515,1973-06-01 16:15:38,132.84425807218804,116.52082805426157,116.69563092132097,120.3229587710711,129.78660937421893,47.41647384363431,34.87875186435189,36.57112148455356,34.27490116085188,80.13675902854706,1.1243429898433126,2.1513089146634905,2.156418006990282,2.167583154047757,0.2369943848089226,-0.6767683115685706,0.14520031743208792,0.03628914290845796,-0.020052881310517495,-0.681997748582537,149.99993079296928,-4.3918914794921875,-4.274831771850586,-11.463123321533203,-28.856199264526367,-12.560050964355469,5.360328674316406,3.8521804809570312,26.361572265625,31.99786376953125,3.8309097290039062,1.0191268920898438,-75.4324722290039
