329300,1972-09-19 18:53:37,0.04382514953613281,2.9994583129882812,-43.721282958984375,-16.094453811645508,13.312019348144531,-21.442306518554688,-16.227031707763672,12.153961181640625,-3.3363232612609863,-6.620082855224609,34.96270751953125,-53.9026985168457,-32.5682258605957,-12.886688232421875,-13.99586296081543,-3.9937849044799805,-13.580123901367188,15.808643341064453,5.520872116088867,-5.08380126953125,12.987409591674805,-10.41789436340332,38.68572998046875,-46.331443786621094,-33.354164123535156,-19.47161865234375,-17.292821884155273,-0.3591938018798828,-18.676528930664062,16.562471389770508,7.595846176147461,-5.9691925048828125,13.373735427856445,-13.392166137695312,39.353546142578125,-36.00312042236328,-29.520112991333008,-19.052734375,-17.441171646118164,0.8620872497558594,-20.0435791015625,13.747453689575195,7.704532623291016,-7.3552093505859375,12.474227905273438,-13.892322540283203,40.61286926269531,-27.369770050048828,-20.380977630615234,-15.222259521484375,-17.79202651977539,0.8288459777832031,-15.086517333984375,8.15848159790039,6.323814392089844,-7.689361572265625,11.396530151367188
329318,1972-09-19 18:56:30,3.737335205078125,0.91790771484375,-43.65476989746094,-14.144533157348633,12.323860168457031,-23.325271606445312,-15.805695533752441,12.028053283691406,-5.260433197021484,-1.828439712524414,32.38006591796875,-55.856109619140625,-31.803386688232422,-15.154647827148438,-13.473003387451172,-3.6943135261535645,-12.27484130859375,16.910446166992188,5.211484432220459,-3.9438629150390625,13.50127124786377,-6.223295211791992,36.46958923339844,-48.81557846069336,-31.916112899780273,-20.995681762695312,-18.19968032836914,-1.3098316192626953,-17.538192749023438,17.718725204467773,6.619972229003906,-5.0869293212890625,14.22968864440918,-10.050107955932617,37.63606262207031,-38.8175048828125,-28.212982177734375,-17.392196655273438,-20.98041534423828,-1.5753746032714844,-19.9871826171875,13.766307830810547,6.283357620239258,-7.1704559326171875,13.348002433776855,-11.265157699584961,39.30572509765625,-30.32594108581543,-19.035737991333008,-14.253707885742188,-19.953205108642578,-0.09174156188964844,-14.738967895507812,8.809369087219238,5.588657379150391,-6.6114959716796875,12.41180419921875
329323,1972-09-19 18:57:14,2.7267990112304688,-1.679229736328125,-43.7069091796875,-14.304019927978516,11.43408203125,-23.678482055664062,-15.544309616088867,12.216529846191406,-5.594377517700195,-2.145662307739258,29.20470428466797,-57.56907272338867,-32.58631896972656,-14.941925048828125,-11.726512908935547,-3.537289619445801,-11.116867065429688,17.72528839111328,5.485807418823242,-3.2799606323242188,13.570030212402344,-6.242823600769043,33.82695007324219,-50.68022918701172,-32.975685119628906,-21.030426025390625,-16.155834197998047,-1.3435726165771484,-16.402923583984375,18.772212982177734,6.839069366455078,-4.433998107910156,14.344048500061035,-9.793100357055664,35.68159484863281,-40.68410110473633,-29.23012924194336,-17.4058837890625,-19.52621841430664,-1.9059009552001953,-19.12957763671875,14.8965482711792,6.407787322998047,-6.5574493408203125,13.601666450500488,-10.753718376159668,37.868316650390625,-32.27778244018555,-19.9399356842041,-14.591690063476562,-18.792001724243164,-0.3638420104980469,-14.21221923828125,9.629711151123047,5.6896209716796875,-6.036895751953125,12.656302452087402
329328,1972-09-19 18:57:57,2.652083396911621,-2.4822235107421875,-43.67326736450195,-14.266085624694824,11.097030639648438,-23.86102294921875,-15.47490406036377,12.212409973144531,-5.792263031005859,-2.0452346801757812,28.177757263183594,-58.082252502441406,-32.70452880859375,-14.975112915039062,-11.349018096923828,-3.509786605834961,-10.7523193359375,17.954164505004883,5.53260612487793,-3.0412826538085938,13.606571197509766,-6.102975845336914,32.949066162109375,-51.272159576416016,-33.131858825683594,-21.08453369140625,-15.760942459106445,-1.4100608825683594,-16.047683715820312,19.07199478149414,6.848065376281738,-4.200157165527344,14.409980773925781,-9.626800537109375,35.00567626953125,-41.30622863769531,-29.366079330444336,-17.516220092773438,-19.221189498901367,-1.9940376281738281,-18.83477783203125,15.256307601928711,6.411947250366211,-6.315277099609375,13.713848114013672,-10.561251640319824,37.349273681640625,-32.93932342529297,-20.0601806640625,-14.7529296875,-18.536401748657227,-0.4408149719238281,-14.034774780273438,9.883405685424805,5.681219100952148,-5.826019287109375,12.758489608764648
329333,1972-09-19 18:58:40,2.5807676315307617,-3.0453338623046875,-43.64189147949219,-14.213913917541504,10.902786254882812,-23.981407165527344,-15.392579078674316,12.251930236816406,-5.926603317260742,-1.9106369018554688,27.46625518798828,-58.426631927490234,-32.834861755371094,-14.9217529296875,-11.038738250732422,-3.475722312927246,-10.46160888671875,18.131664276123047,5.586452007293701,-2.8661346435546875,13.622581481933594,-5.925224304199219,32.35151672363281,-51.671974182128906,-33.30229568481445,-20.940322875976562,-15.5931396484375,-1.5660266876220703,-15.82177734375,19.247753143310547,6.821432113647461,-4.0751953125,14.458412170410156,-9.421842575073242,34.55775451660156,-41.72848892211914,-29.51445198059082,-17.526473999023438,-18.983102798461914,-2.0853652954101562,-18.609054565429688,15.518843650817871,6.410261154174805,-6.151885986328125,13.788697242736816,-10.329011917114258,37.01216125488281,-33.39039611816406,-20.190290451049805,-14.778549194335938,-18.374019622802734,-0.5334949493408203,-13.908737182617188,10.055503845214844,5.667118072509766,-5.6877593994140625,12.8269624710083
329338,1972-09-19 18:59:24,2.3187246322631836,-3.6487808227539062,-43.61030960083008,-14.171518325805664,10.799095153808594,-24.053302764892578,-15.24045181274414,12.399528503417969,-6.012201309204102,-1.7980194091796875,26.731353759765625,-58.770050048828125,-33.103004455566406,-14.576202392578125,-10.694183349609375,-3.527301788330078,-10.159278869628906,18.29290008544922,5.6253862380981445,-2.7543411254882812,13.629620552062988,-5.706857681274414,31.762435913085938,-52.06055450439453,-33.67839050292969,-20.428665161132812,-15.463531494140625,-1.8574943542480469,-15.62249755859375,19.384126663208008,6.789618492126465,-4.0257110595703125,14.487222671508789,-9.121232032775879,34.14874267578125,-42.13007736206055,-29.860687255859375,-17.326980590820312,-18.621322631835938,-2.2788314819335938,-18.366867065429688,15.778000831604004,6.393003463745117,-6.0547637939453125,13.839611053466797,-9.950813293457031,36.72416687011719,-33.82046127319336,-20.495512008666992,-14.6744384765625,-18.11774444580078,-0.7001743316650391,-13.774246215820312,10.228915214538574,5.645679473876953,-5.6029815673828125,12.873641967773438
329343,1972-09-19 19:00:07,1.902374267578125,-4.573394775390625,-43.543243408203125,-14.190489768981934,10.538253784179688,-24.1575870513916,-15.085688591003418,12.52294921875,-6.145233154296875,-1.8441886901855469,25.555274963378906,-59.289485931396484,-33.40976333618164,-14.206161499023438,-10.228038787841797,-3.5852766036987305,-9.717903137207031,18.520023345947266,5.681084156036377,-2.5568618774414062,13.644986152648926,-5.615777969360352,30.785369873046875,-52.654022216796875,-34.11502456665039,-19.77655029296875,-15.35378646850586,-2.284242630004883,-15.366424560546875,19.542572021484375,6.727169990539551,-3.9559478759765625,14.53549575805664,-8.909600257873535,33.42903137207031,-42.74803924560547,-30.288528442382812,-17.20831298828125,-18.0310115814209,-2.450176239013672,-17.999847412109375,16.170413970947266,6.405984878540039,-5.8734893798828125,13.911532402038574,-9.629241943359375,36.18635559082031,-34.48667907714844,-20.878116607666016,-14.680450439453125,-17.670490264892578,-0.8486232757568359,-13.554168701171875,10.507863998413086,5.656585693359375,-5.4337615966796875,12.941216468811035
329348,1972-09-19 19:00:50,1.269430160522461,-6.139823913574219,-43.373268127441406,-14.441374778747559,9.7825927734375,-24.32614517211914,-15.0740327835083,12.416084289550781,-6.38597297668457,-2.466297149658203,23.4366455078125,-60.13616180419922,-33.631980895996094,-14.230865478515625,-9.434667587280273,-3.504940986633301,-9.011604309082031,18.888874053955078,5.808905601501465,-2.103057861328125,13.668638229370117,-6.106893539428711,28.9302978515625,-53.64201354980469,-34.4385986328125,-19.521652221679688,-14.952364921569824,-2.652729034423828,-14.896743774414062,19.857175827026367,6.678613662719727,-3.6905288696289062,14.627405166625977,-9.244304656982422,31.952178955078125,-43.793582916259766,-30.654796600341797,-17.480133056640625,-17.127948760986328,-2.5078163146972656,-17.44976806640625,16.754018783569336,6.472047805786133,-5.5008392333984375,14.0327730178833,-9.829597473144531,35.00831604003906,-35.62729263305664,-21.22703742980957,-15.040283203125,-16.93695640563965,-0.8739852905273438,-13.204483032226562,10.942060470581055,5.750688552856445,-5.0708465576171875,13.04660415649414
329353,1972-09-19 19:01:34,1.1557846069335938,-6.829307556152344,-43.27324295043945,-14.504253387451172,9.395767211914062,-24.440948486328125,-15.089900970458984,12.314445495605469,-6.543357849121094,-2.6219005584716797,22.477066040039062,-60.49482345581055,-33.631927490234375,-14.300628662109375,-9.328746795654297,-3.598581314086914,-8.716522216796875,19.009355545043945,5.776763439178467,-1.8935394287109375,13.712820053100586,-6.245187759399414,28.07373046875,-54.079429626464844,-34.45347213745117,-19.478134155273438,-14.974857330322266,-2.8668746948242188,-14.698516845703125,19.974773406982422,6.613447189331055,-3.5445022583007812,14.69298267364502,-9.356689453125,31.25225830078125,-44.27217102050781,-30.688222885131836,-17.538284301757812,-17.00823974609375,-2.6786556243896484,-17.271514892578125,16.911521911621094,6.4024505615234375,-5.37939453125,14.111557960510254,-9.920465469360352,34.43800354003906,-36.15404510498047,-21.262975692749023,-15.005966186523438,-16.92230987548828,-1.0941581726074219,-13.175125122070312,10.9576416015625,5.617887496948242,-5.0829620361328125,13.099641799926758
329359,1972-09-19 19:02:26,1.2817134857177734,-7.2560272216796875,-43.200191497802734,-14.833738327026367,8.681655883789062,-24.507200241088867,-15.47431468963623,11.773460388183594,-6.640586853027344,-3.429281234741211,21.733238220214844,-60.72580337524414,-33.15275955200195,-15.288406372070312,-9.476264953613281,-3.4993247985839844,-8.650711059570312,19.057886123657227,5.778072834014893,-1.5805892944335938,13.751855850219727,-7.210659027099609,27.284561157226562,-54.362483978271484,-33.870521545410156,-20.84136962890625,-14.460649490356445,-2.2134361267089844,-14.453605651855469,20.23489761352539,6.821892738342285,-3.0886917114257812,14.700568199157715,-10.399526596069336,30.4713134765625,-44.58279037475586,-30.164794921875,-18.581588745117188,-16.835914611816406,-2.1508331298828125,-17.179046630859375,17.080230712890625,6.586799621582031,-5.0305633544921875,14.15531063079834,-11.045369148254395,33.72544860839844,-36.497962951660156,-20.82030487060547,-15.59344482421875,-16.94158172607422,-0.7916469573974609,-13.154342651367188,11.008523941040039,5.743099212646484,-4.8277435302734375,13.141820907592773
329364,1972-09-19 19:03:09,1.3026676177978516,-7.348854064941406,-43.183868408203125,-14.90881633758545,8.522506713867188,-24.517499923706055,-15.558674812316895,11.651939392089844,-6.657779693603516,-3.617603302001953,21.56623077392578,-60.77439880371094,-33.05168151855469,-15.533187866210938,-9.431171417236328,-3.4140119552612305,-8.615081787109375,19.089473724365234,5.814915657043457,-1.4906387329101562,13.746369361877441,-7.4325714111328125,27.10662841796875,-54.421592712402344,-33.735023498535156,-21.107925415039062,-14.390609741210938,-2.073253631591797,-14.393508911132812,20.292499542236328,6.876871109008789,-2.9730758666992188,14.6987886428833,-10.636650085449219,30.294570922851562,-44.647254943847656,-30.04677391052246,-18.785888671875,-16.820228576660156,-1.9947452545166016,-17.133697509765625,17.144622802734375,6.6681671142578125,-4.9036102294921875,14.161758422851562,-11.299344062805176,33.56324768066406,-36.56966781616211,-20.718612670898438,-15.626358032226562,-17.03567123413086,-0.7618846893310547,-13.1593017578125,11.004694938659668,5.763738632202148,-4.760955810546875,13.157142639160156
329370,1972-09-19 19:04:01,1.3138971328735352,-7.397087097167969,-43.17529296875,-14.947017669677734,8.439979553222656,-24.522789001464844,-15.601838111877441,11.588958740234375,-6.66668701171875,-3.714059829711914,21.478958129882812,-60.79948425292969,-32.976802825927734,-15.574142456054688,-9.623762130737305,-3.4604244232177734,-8.627105712890625,19.075685501098633,5.811328887939453,-1.4527740478515625,13.751937866210938,-7.546351432800293,27.013656616210938,-54.4521484375,-33.64996337890625,-20.96075439453125,-14.799051284790039,-2.254823684692383,-14.500160217285156,20.196990966796875,6.814489364624023,-3.0018310546875,14.721978187561035,-10.758318901062012,30.2022705078125,-44.68062210083008,-29.985763549804688,-18.853729248046875,-16.853164672851562,-1.9268417358398438,-17.118850708007812,17.16718864440918,6.711599349975586,-4.8377532958984375,14.163894653320312,-11.429776191711426,33.47846984863281,-36.6068115234375,-20.662601470947266,-15.572952270507812,-17.152196884155273,-0.7771720886230469,-13.173202514648438,10.986974716186523,5.765378952026367,-4.726287841796875,13.168915748596191
329376,1972-09-19 19:04:53,1.3200349807739258,-7.423011779785156,-43.170654296875,-14.967333793640137,8.395645141601562,-24.525619506835938,-15.624858856201172,11.555145263671875,-6.671470642089844,-3.7655277252197266,21.431884765625,-60.81292724609375,-32.94617462158203,-15.622833251953125,-9.649686813354492,-3.425093650817871,-8.624481201171875,19.0832462310791,5.841727256774902,-1.422882080078125,13.742181777954102,-7.6070966720581055,26.963546752929688,-54.46853256225586,-33.609535217285156,-20.963516235351562,-14.886774063110352,-2.241060256958008,-14.502296447753906,20.196983337402344,6.836952209472656,-2.9654617309570312,14.71893310546875,-10.82330322265625,30.15252685546875,-44.69852066040039,-29.953006744384766,-18.864944458007812,-16.898815155029297,-1.885965347290039,-17.10906982421875,17.18147850036621,6.7468719482421875,-4.7886810302734375,14.163812637329102,-11.499475479125977,33.432769775390625,-36.626747131347656,-20.635087966918945,-15.581405639648438,-17.177629470825195,-0.7594566345214844,-13.17047119140625,10.99148178100586,5.780429840087891,-4.6964569091796875,13.172992706298828
329382,1972-09-19 19:05:45,1.1427335739135742,-7.562835693359375,-43.15143966674805,-14.971158027648926,8.436019897460938,-24.509422302246094,-15.554669380187988,11.654197692871094,-6.663185119628906,-3.771421432495117,21.276885986328125,-60.866966247558594,-33.09918975830078,-15.419235229492188,-9.451515197753906,-3.3726091384887695,-8.527801513671875,19.135971069335938,5.9108476638793945,-1.4089279174804688,13.714032173156738,-7.55288028717041,26.856826782226562,-54.52876281738281,-33.82548904418945,-21.029769897460938,-14.29232406616211,-2.0279884338378906,-14.276771545410156,20.379348754882812,6.958220481872559,-2.8701171875,14.680956840515137,-10.717330932617188,30.099716186523438,-44.75960159301758,-30.146163940429688,-18.70013427734375,-16.737730026245117,-1.9149951934814453,-17.0225830078125,17.26398468017578,6.78748893737793,-4.7620697021484375,14.153373718261719,-11.345878601074219,33.40934753417969,-36.69596481323242,-20.802505493164062,-15.49267578125,-17.055526733398438,-0.8063201904296875,-13.11822509765625,11.05046558380127,5.799215316772461,-4.67730712890625,13.171547889709473
329387,1972-09-19 19:06:29,1.0435094833374023,-7.6221771240234375,-43.143516540527344,-14.88294506072998,8.577659606933594,-24.513986587524414,-15.424394607543945,11.821617126464844,-6.671092987060547,-3.5507946014404297,21.25183868408203,-60.88897705078125,-33.322547912597656,-15.215560913085938,-8.985250473022461,-3.2348718643188477,-8.429229736328125,19.203304290771484,5.980457305908203,-1.44805908203125,13.67973518371582,-7.267049789428711,26.8809814453125,-54.555702209472656,-34.07056427001953,-20.775863647460938,-14.079984664916992,-2.108640670776367,-14.188949584960938,20.43243408203125,6.943320274353027,-2.9184646606445312,14.67848014831543,-10.391592979431152,30.16998291015625,-44.78910827636719,-30.363597869873047,-18.490081787109375,-16.577320098876953,-2.0251197814941406,-16.943161010742188,17.329410552978516,6.761587142944336,-4.79803466796875,14.153621673583984,-10.980185508728027,33.49522399902344,-36.72889709472656,-20.985883712768555,-15.39202880859375,-16.921466827392578,-0.88507080078125,-13.05999755859375,11.113243103027344,5.7816314697265625,-4.6919403076171875,13.174072265625
329393,1972-09-19 19:07:21,1.0610990524291992,-7.6025543212890625,-43.14654541015625,-14.814697265625,8.6583251953125,-24.52696418762207,-15.363006591796875,11.894660949707031,-6.682895660400391,-3.3818798065185547,21.301803588867188,-60.881134033203125,-33.43022918701172,-15.222427368164062,-8.563739776611328,-3.0503616333007812,-8.425697326660156,19.23502540588379,6.041811943054199,-1.502288818359375,13.646886825561523,-7.080384254455566,26.944061279296875,-54.549129486083984,-34.15391159057617,-20.810943603515625,-13.823917388916016,-2.088916778564453,-14.120346069335938,20.48192596435547,6.920662879943848,-2.9415359497070312,14.684572219848633,-10.201841354370117,30.241592407226562,-44.784423828125,-30.428932189941406,-18.419692993164062,-16.535816192626953,-2.1025009155273438,-16.935684204101562,17.327495574951172,6.712278366088867,-4.850799560546875,14.159112930297852,-10.785160064697266,33.56494140625,-36.72304153442383,-21.039308547973633,-15.454757690429688,-16.79749298095703,-0.8931369781494141,-13.02520751953125,11.153332710266113,5.758792877197266,-4.7123260498046875,13.176800727844238
329399,1972-09-19 19:08:13,1.1893815994262695,-7.57769775390625,-43.14757537841797,-14.715023040771484,8.704093933105469,-24.570728302001953,-15.31619644165039,11.930374145507812,-6.726543426513672,-3.1351146697998047,21.346832275390625,-60.878570556640625,-33.44763946533203,-15.192291259765625,-8.549249649047852,-3.0751733779907227,-8.452621459960938,19.219255447387695,6.003106117248535,-1.5495376586914062,13.65868091583252,-6.8431291580200195,26.992691040039062,-54.555362701416016,-34.15705871582031,-20.94207763671875,-13.61655044555664,-2.045003890991211,-14.04010009765625,20.54143714904785,6.894503593444824,-2.9280548095703125,14.699563980102539,-9.990360260009766,30.29052734375,-44.79903793334961,-30.41094970703125,-18.2906494140625,-16.711223602294922,-2.333660125732422,-17.018783569335938,17.216140747070312,6.556859970092773,-4.9882049560546875,14.184167861938477,-10.593742370605469,33.61000061035156,-36.73754119873047,-21.016159057617188,-15.456893920898438,-16.82447624206543,-0.9885406494140625,-13.052322387695312,11.113542556762695,5.653810501098633,-4.808807373046875,13.187400817871094
329406,1972-09-19 19:09:13,1.2481956481933594,-7.711235046386719,-43.12224197387695,-14.623595237731934,8.696029663085938,-24.628101348876953,-15.24868106842041,11.97802734375,-6.794895172119141,-2.909963607788086,21.179283142089844,-60.94823455810547,-33.50482177734375,-15.101303100585938,-8.486358642578125,-3.12862491607666,-8.386489868164062,19.239582061767578,5.963589668273926,-1.5488739013671875,13.676056861877441,-6.606436729431152,26.86029052734375,-54.649803161621094,-34.22283172607422,-20.89312744140625,-13.52627944946289,-2.1190032958984375,-13.95172119140625,20.594087600708008,6.849793434143066,-2.91497802734375,14.723047256469727,-9.759903907775879,30.2010498046875,-44.91010665893555,-30.45044708251953,-18.015945434570312,-16.936189651489258,-2.918489456176758,-17.202957153320312,16.941699981689453,6.163963317871094,-5.3548431396484375,14.226611137390137,-10.365823745727539,33.54713439941406,-36.85980987548828,-21.052797317504883,-15.512466430664062,-16.727243423461914,-1.2035789489746094,-13.109725952148438,11.024410247802734,5.427118301391602,-5.0579376220703125,13.189444541931152
329413,1972-09-19 19:10:14,1.005971908569336,-8.768028259277344,-42.926204681396484,-14.411434173583984,8.488510131835938,-24.824779510498047,-14.933858871459961,12.210342407226562,-7.074840545654297,-2.4054718017578125,19.78857421875,-61.4356803894043,-33.94189453125,-14.570098876953125,-7.635471343994141,-3.121363639831543,-7.822441101074219,19.476896286010742,5.986388206481934,-1.3932571411132812,13.682833671569824,-5.945337295532227,25.713714599609375,-55.273681640625,-34.787315368652344,-20.534393310546875,-12.604246139526367,-2.2761402130126953,-13.29681396484375,21.006452560424805,6.8334150314331055,-2.6987380981445312,14.771803855895996,-9.000962257385254,29.367828369140625,-45.61566925048828,-30.93396759033203,-17.6279296875,-16.461580276489258,-3.832670211791992,-16.942535400390625,17.021804809570312,5.597583770751953,-5.6204071044921875,14.357690811157227,-9.511299133300781,32.91986083984375,-37.64738464355469,-21.48503875732422,-15.50189208984375,-16.178462982177734,-1.8234405517578125,-13.01544189453125,11.050989151000977,4.922948837280273,-5.4260406494140625,13.240863800048828
329429,1972-09-19 19:12:33,0.8313894271850586,-9.345184326171875,-42.808006286621094,-14.172410011291504,8.52008056640625,-24.951248168945312,-14.620232582092285,12.483169555664062,-7.251567840576172,-1.854278564453125,19.04499053955078,-61.689273834228516,-34.33154296875,-13.946487426757812,-7.034238815307617,-3.1182565689086914,-7.6078948974609375,19.562198638916016,5.988428115844727,-1.4742965698242188,13.673444747924805,-5.252613067626953,25.135101318359375,-55.60897445678711,-35.29874038696289,-20.2705078125,-11.566791534423828,-2.2897720336914062,-12.801750183105469,21.310314178466797,6.811872482299805,-2.6292572021484375,14.794265747070312,-8.22650146484375,28.988388061523438,-46.00299072265625,-31.392982482910156,-17.523239135742188,-15.686153411865234,-4.824607849121094,-16.891220092773438,16.81932830810547,4.734569549560547,-6.248748779296875,14.408416748046875,-8.656730651855469,32.65478515625,-38.081932067871094,-21.87812042236328,-15.66015625,-15.484363555908203,-2.4370899200439453,-13.010223388671875,10.938254356384277,4.2597503662109375,-6.0233306884765625,13.212564468383789
329437,1972-09-19 19:13:42,0.7030706405639648,-9.536651611328125,-42.76805877685547,-14.139537811279297,8.520538330078125,-24.969736099243164,-14.533538818359375,12.5635986328125,-7.286865234375,-1.7895183563232422,18.791275024414062,-61.768943786621094,-34.45586395263672,-13.733642578125,-6.842563629150391,-3.056438446044922,-7.517356872558594,19.60690689086914,6.052027702331543,-1.4657135009765625,13.64633846282959,-5.132964134216309,24.93359375,-55.71076965332031,-35.471923828125,-20.096725463867188,-11.337991714477539,-2.266317367553711,-12.654891967773438,21.400344848632812,6.862054824829102,-2.5809173583984375,14.779579162597656,-8.064492225646973,28.851181030273438,-46.1177864074707,-31.56633758544922,-17.577728271484375,-15.271821022033691,-4.995935440063477,-16.815155029296875,16.84552001953125,4.54847526550293,-6.366851806640625,14.416651725769043,-8.456098556518555,32.55503845214844,-38.2121696472168,-22.026681900024414,-15.697311401367188,-15.234090805053711,-2.5927867889404297,-12.993301391601562,10.922568321228027,4.091373443603516,-6.1716461181640625,13.197317123413086
329439,1972-09-19 19:14:00,0.6529874801635742,-9.577888488769531,-42.759639739990234,-14.141891479492188,8.524185180664062,-24.967159271240234,-14.514993667602539,12.584480285644531,-7.287792205810547,-1.7997684478759766,18.73699188232422,-61.785133361816406,-34.489715576171875,-13.677925109863281,-6.783384323120117,-3.023691177368164,-7.502784729003906,19.617557525634766,6.081255912780762,-1.46710205078125,13.63318920135498,-5.126979827880859,24.891326904296875,-55.73021697998047,-35.518821716308594,-20.040725708007812,-11.290170669555664,-2.269620895385742,-12.629486083984375,21.41499900817871,6.871320724487305,-2.5784378051757812,14.775705337524414,-8.043876647949219,28.823440551757812,-46.13872146606445,-31.615938186645508,-17.591323852539062,-15.153087615966797,-5.0067596435546875,-16.789535522460938,16.867847442626953,4.529712677001953,-6.379913330078125,14.416784286499023,-8.422524452209473,32.535430908203125,-38.23628234863281,-22.069583892822266,-15.7064208984375,-15.162446022033691,-2.6133384704589844,-12.981353759765625,10.931870460510254,4.070442199707031,-6.18988037109375,13.195250511169434
329445,1972-09-19 19:15:09,0.37056922912597656,-9.734466552734375,-42.72764587402344,-14.182701110839844,8.559295654296875,-24.931970596313477,-14.438156127929688,12.68524169921875,-7.265712738037109,-1.9229907989501953,18.533309936523438,-61.84282684326172,-34.64513397216797,-13.404922485351562,-6.531696319580078,-2.9146671295166016,-7.433799743652344,19.660280227661133,6.189984321594238,-1.4790802001953125,13.582868576049805,-5.168116569519043,24.737930297851562,-55.79468536376953,-35.7458610534668,-19.775299072265625,-11.03885269165039,-2.274362564086914,-12.538185119628906,21.46807861328125,6.917335510253906,-2.5918502807617188,14.751869201660156,-8.005937576293945,28.729354858398438,-46.20396041870117,-31.851247787475586,-17.5482177734375,-14.70363712310791,-5.005430221557617,-16.663558959960938,16.992691040039062,4.528724670410156,-6.383575439453125,14.415474891662598,-8.315406799316406,32.472442626953125,-38.313194274902344,-22.279935836791992,-15.65533447265625,-14.905464172363281,-2.67828369140625,-12.921707153320312,10.986679077148438,4.039796829223633,-6.2215576171875,13.189769744873047
329451,1972-09-19 19:16:01,-0.5400285720825195,-9.151336669921875,-42.85452651977539,-14.397958755493164,9.205879211425781,-24.575687408447266,-14.27467155456543,13.092887878417969,-6.853912353515625,-2.528156280517578,19.41973876953125,-61.54834747314453,-35.03105926513672,-12.5450439453125,-6.171485900878906,-2.7720279693603516,-7.6692657470703125,19.5903377532959,6.3703155517578125,-1.8204193115234375,13.457454681396484,-5.537872314453125,25.609176635742188,-55.36445617675781,-36.3458251953125,-18.850830078125,-10.691703796386719,-2.196653366088867,-12.791412353515625,21.32631492614746,7.09407901763916,-2.9557418823242188,14.598716735839844,-8.13085651397705,29.528610229492188,-45.67523193359375,-32.465641021728516,-16.680084228515625,-14.366464614868164,-5.148815155029297,-16.811080932617188,16.803503036499023,4.553491592407227,-6.7394256591796875,14.24468994140625,-8.229618072509766,33.16859436035156,-37.730953216552734,-22.860610961914062,-15.013961791992188,-14.684396743774414,-2.7916812896728516,-13.024658203125,10.835853576660156,4.081592559814453,-6.5367279052734375,13.02342414855957
329458,1972-09-19 19:17:02,-1.0068378448486328,-8.882972717285156,-42.90254211425781,-14.541109085083008,9.478538513183594,-24.38703155517578,-14.223894119262695,13.255409240722656,-6.643863677978516,-2.9203224182128906,19.818252563476562,-61.403785705566406,-35.194522857666016,-12.161041259765625,-6.007909774780273,-2.645751953125,-7.87396240234375,19.526491165161133,6.503127098083496,-2.0220718383789062,13.36482048034668,-5.820850372314453,25.994903564453125,-55.1552734375,-36.603004455566406,-18.555831909179688,-10.324064254760742,-1.9798755645751953,-12.850914001464844,21.311767578125,7.267731666564941,-3.0557632446289062,14.492318153381348,-8.292278289794922,29.876602172851562,-45.419193267822266,-32.73843002319336,-16.342361450195312,-14.133665084838867,-5.170925140380859,-16.885162353515625,16.72223663330078,4.582233428955078,-6.9031219482421875,14.156814575195312,-8.287886619567871,33.468414306640625,-37.45240783691406,-23.123388290405273,-14.76922607421875,-14.520219802856445,-2.8022403717041016,-13.0733642578125,10.774286270141602,4.128013610839844,-6.6766815185546875,12.937517166137695
329464,1972-09-19 19:17:54,-1.2187986373901367,-8.781990051269531,-42.91783142089844,-14.603742599487305,9.591064453125,-24.305471420288086,-14.198457717895508,13.326568603515625,-6.555347442626953,-3.094633102416992,19.968299865722656,-61.34661102294922,-35.267112731933594,-11.939071655273438,-6.02739143371582,-2.598033905029297,-8.00909423828125,19.47787857055664,6.580472946166992,-2.1330032348632812,13.30960464477539,-5.944873809814453,26.142242431640625,-55.07234191894531,-36.717777252197266,-18.359100341796875,-10.26807975769043,-2.009798049926758,-12.916107177734375,21.26951026916504,7.275674819946289,-3.1462326049804688,14.468955993652344,-8.36075210571289,30.011688232421875,-45.317466735839844,-32.864410400390625,-16.260574340820312,-13.934215545654297,-5.09832763671875,-16.87811279296875,16.751628875732422,4.646112442016602,-6.926727294921875,14.12442398071289,-8.309295654296875,33.58546447753906,-37.34272766113281,-23.244522094726562,-14.70257568359375,-14.393913269042969,-2.7690906524658203,-13.073974609375,10.782111167907715,4.178840637207031,-6.7056427001953125,12.906179428100586
329470,1972-09-19 19:18:46,-1.3455896377563477,-8.726524353027344,-42.925357818603516,-14.640730857849121,9.655563354492188,-24.25763702392578,-14.182760238647461,13.368354797363281,-6.504024505615234,-3.1982994079589844,20.050689697265625,-61.314414978027344,-35.3096809387207,-11.807205200195312,-6.037946701049805,-2.584005355834961,-8.080284118652344,19.450321197509766,6.615044593811035,-2.19598388671875,13.282196044921875,-6.0183258056640625,26.223724365234375,-55.02560806274414,-36.785247802734375,-18.25372314453125,-10.214332580566406,-2.0600223541259766,-12.956092834472656,21.24036407470703,7.250245094299316,-3.2156143188476562,14.466468811035156,-8.40090274810791,30.086959838867188,-45.26008987426758,-32.94348907470703,-16.254714965820312,-13.753142356872559,-4.965970993041992,-16.854171752929688,16.81535530090332,4.747159957885742,-6.901214599609375,14.103300094604492,-8.321252822875977,33.650848388671875,-37.281158447265625,-23.317771911621094,-14.681350708007812,-14.296760559082031,-2.7212982177734375,-13.063217163085938,10.807308197021484,4.234905242919922,-6.699188232421875,12.891244888305664
329475,1972-09-19 19:19:29,-1.4231853485107422,-8.710975646972656,-42.9260139465332,-14.660329818725586,9.687370300292969,-24.233104705810547,-14.170093536376953,13.393898010253906,-6.4790496826171875,-3.2551536560058594,20.074966430664062,-61.30347442626953,-35.33734130859375,-11.729736328125,-6.027111053466797,-2.5945262908935547,-8.104110717773438,19.439002990722656,6.6175994873046875,-2.2285003662109375,13.275506973266602,-6.055675506591797,26.250732421875,-55.008628845214844,-36.82957458496094,-18.20703125,-10.137649536132812,-2.0595035552978516,-12.95330810546875,21.242111206054688,7.251860618591309,-3.2364883422851562,14.461000442504883,-8.417476654052734,30.114898681640625,-45.23843002319336,-32.99357604980469,-16.223281860351562,-13.669942855834961,-4.906827926635742,-16.839309692382812,16.847583770751953,4.801050186157227,-6.886993408203125,14.09200668334961,-8.320178985595703,33.6761474609375,-37.25852966308594,-23.363948822021484,-14.65753173828125,-14.245718002319336,-2.703704833984375,-13.053085327148438,10.823952674865723,4.2624969482421875,-6.692474365234375,12.885639190673828
329480,1972-09-19 19:20:13,-1.4773454666137695,-8.672279357910156,-42.9320182800293,-14.665748596191406,9.733016967773438,-24.211524963378906,-14.152932167053223,13.423713684082031,-6.454807281494141,-3.27655029296875,20.13227081298828,-61.283538818359375,-35.361968994140625,-11.649627685546875,-6.037994384765625,-2.620290756225586,-8.132553100585938,19.42366600036621,6.608384132385254,-2.2660064697265625,13.273748397827148,-6.060693740844727,26.307525634765625,-54.980934143066406,-36.86946105957031,-18.142303466796875,-10.10867691040039,-2.0561485290527344,-12.958358764648438,21.239355087280273,7.262223243713379,-3.2541122436523438,14.45184326171875,-8.406926155090332,30.167510986328125,-45.20532989501953,-33.03420639038086,-16.137908935546875,-13.672876358032227,-4.930946350097656,-16.852676391601562,16.827165603637695,4.798318862915039,-6.9138641357421875,14.07977294921875,-8.296218872070312,33.72184753417969,-37.22252655029297,-23.40220069885254,-14.60552978515625,-14.236349105834961,-2.715557098388672,-13.057510375976562,10.815628051757812,4.263408660888672,-6.71038818359375,12.876019477844238
329485,1972-09-19 19:20:56,-1.4877710342407227,-8.642410278320312,-42.937679290771484,-14.659555435180664,9.761260986328125,-24.203903198242188,-14.142343521118164,13.439689636230469,-6.444766998291016,-3.2646045684814453,20.17584991455078,-61.26985168457031,-35.372703552246094,-11.615020751953125,-6.041816711425781,-2.6237564086914062,-8.152633666992188,19.414777755737305,6.608067512512207,-2.2869949340820312,13.270304679870605,-6.043172836303711,26.349197387695312,-54.96290969848633,-36.88420867919922,-18.097686767578125,-10.134807586669922,-2.0602378845214844,-12.959617614746094,21.238195419311523,7.269964218139648,-3.2555084228515625,14.44763469696045,-8.38547134399414,30.20458984375,-45.18455123901367,-33.04817199707031,-16.051422119140625,-13.740767478942871,-5.003528594970703,-16.886245727539062,16.77199363708496,4.756687164306641,-6.9621429443359375,14.070100784301758,-8.271224021911621,33.753509521484375,-37.19938659667969,-23.415430068969727,-14.56884765625,-14.252172470092773,-2.737548828125,-13.069259643554688,10.795894622802734,4.247079849243164,-6.735992431640625,12.868036270141602
329492,1972-09-19 19:21:57,-1.6009950637817383,-8.652694702148438,-42.93153762817383,-14.667612075805664,9.80792236328125,-24.180145263671875,-14.103174209594727,13.490982055664062,-6.423408508300781,-3.302541732788086,20.165283203125,-61.27129364013672,-35.42902374267578,-11.47259521484375,-5.983695983886719,-2.6031665802001953,-8.158409118652344,19.41512107849121,6.6394853591918945,-2.3184814453125,13.249143600463867,-6.045806884765625,26.351486206054688,-54.961517333984375,-36.9710693359375,-17.982223510742188,-10.02322769165039,-2.005279541015625,-12.908042907714844,21.274829864501953,7.327944755554199,-3.2370223999023438,14.422475814819336,-8.355120658874512,30.219406127929688,-45.180259704589844,-33.132965087890625,-15.808197021484375,-13.818313598632812,-5.21259880065918,-16.9327392578125,16.661067962646484,4.637569427490234,-7.080413818359375,14.0508394241333,-8.212432861328125,33.77085876464844,-37.19667053222656,-23.497743606567383,-14.442718505859375,-14.245061874389648,-2.8297042846679688,-13.089691162109375,10.747272491455078,4.184602737426758,-6.8169097900390625,12.845874786376953
329498,1972-09-19 19:22:49,-1.7245521545410156,-8.868759155273438,-42.882633209228516,-14.709104537963867,9.712471008300781,-24.193466186523438,-14.093362808227539,13.485076904296875,-6.457244873046875,-3.416799545288086,19.8583984375,-61.36518859863281,-35.46787643432617,-11.426010131835938,-5.84092903137207,-2.540949821472168,-8.083900451660156,19.454490661621094,6.692888259887695,-2.2774505615234375,13.229375839233398,-6.132503509521484,26.082015991210938,-55.080322265625,-37.029388427734375,-17.98065185546875,-9.808490753173828,-1.9319515228271484,-12.766647338867188,21.36673355102539,7.386516571044922,-3.1474838256835938,14.4124116897583,-8.410036087036133,30.004257202148438,-45.313262939453125,-33.19737243652344,-15.803863525390625,-13.667854309082031,-5.238258361816406,-16.850189208984375,16.736547470092773,4.630165100097656,-7.0410003662109375,14.073073387145996,-8.240659713745117,33.59614562988281,-37.34831237792969,-23.561079025268555,-14.471511840820312,-14.110588073730469,-2.839061737060547,-13.035476684570312,10.810495376586914,4.189130783081055,-6.7752838134765625,12.866415977478027
329503,1972-09-19 19:23:32,-1.8084869384765625,-8.96466064453125,-42.859230041503906,-14.737059593200684,9.676445007324219,-24.190893173217773,-14.086464881896973,13.488845825195312,-6.464420318603516,-3.494070053100586,19.72228240966797,-61.40471649169922,-35.494075775146484,-11.391937255859375,-5.7475433349609375,-2.4816160202026367,-8.042984008789062,19.479093551635742,6.741954803466797,-2.252716064453125,13.208680152893066,-6.190988540649414,25.9638671875,-55.12957763671875,-37.06812286376953,-17.982391357421875,-9.657794952392578,-1.8388233184814453,-12.66845703125,21.433292388916016,7.454792022705078,-3.074920654296875,14.39291000366211,-8.446889877319336,29.911483764648438,-45.367713928222656,-33.2415885925293,-15.793533325195312,-13.57201099395752,-5.238742828369141,-16.808456420898438,16.778310775756836,4.637058258056641,-7.0219268798828125,14.080323219299316,-8.259366035461426,33.52137756347656,-37.41131591796875,-23.604053497314453,-14.481414794921875,-14.02836799621582,-2.847625732421875,-13.011001586914062,10.837695121765137,4.18682861328125,-6.7658538818359375,12.87211799621582
329508,1972-09-19 19:24:15,-1.8702983856201172,-9.020866394042969,-42.84477996826172,-14.758633613586426,9.657112121582031,-24.185466766357422,-14.082379341125488,13.492828369140625,-6.464992523193359,-3.5532398223876953,19.642547607421875,-61.4268798828125,-35.513877868652344,-11.367874145507812,-5.672418594360352,-2.3825559616088867,-8.019508361816406,19.501131057739258,6.822879791259766,-2.225921630859375,13.171616554260254,-6.236656188964844,25.89501953125,-55.15680694580078,-37.09519958496094,-17.981109619140625,-9.555679321289062,-1.7356739044189453,-12.586990356445312,21.48982048034668,7.53321647644043,-3.0021286010742188,14.367420196533203,-8.476758003234863,29.85784912109375,-45.397464752197266,-33.27425003051758,-15.79779052734375,-13.486754417419434,-5.233617782592773,-16.784469604492188,16.803913116455078,4.639955520629883,-7.0163421630859375,14.082148551940918,-8.276002883911133,33.47831726074219,-37.446189880371094,-23.634586334228516,-14.490447998046875,-13.967507362365723,-2.857921600341797,-12.997329711914062,10.851388931274414,4.178155899047852,-6.768218994140625,12.873692512512207
329514,1972-09-19 19:25:07,-1.9157142639160156,-9.06201171875,-42.83408737182617,-14.774497032165527,9.642951965332031,-24.181427001953125,-14.079389572143555,13.495765686035156,-6.46539306640625,-3.5967845916748047,19.58409881591797,-61.44300079345703,-35.52937698364258,-11.341598510742188,-5.62775993347168,-2.2934999465942383,-8.021331787109375,19.51105499267578,6.897980690002441,-2.2145233154296875,13.134369850158691,-6.27028751373291,25.844558715820312,-55.17665481567383,-37.1165771484375,-17.941848754882812,-9.546466827392578,-1.63775634765625,-12.533012390136719,21.52901268005371,7.6248884201049805,-2.9322280883789062,14.333457946777344,-8.498780250549316,29.818527221679688,-45.419185638427734,-33.30027770996094,-15.8026123046875,-13.416685104370117,-5.25086784362793,-16.782424926757812,16.800559997558594,4.619012832641602,-7.0378875732421875,14.078289031982422,-8.288308143615723,33.44671630859375,-37.4716911315918,-23.657106399536133,-14.493637084960938,-13.926006317138672,-2.8982372283935547,-13.002639770507812,10.83432388305664,4.133235931396484,-6.808746337890625,12.866822242736816
329518,1972-09-19 19:25:42,-1.9367170333862305,-9.081001281738281,-42.829124450683594,-14.781837463378906,9.636428833007812,-24.179546356201172,-14.078009605407715,13.497116088867188,-6.465568542480469,-3.616945266723633,19.55712127685547,-61.450416564941406,-35.53654861450195,-11.324264526367188,-5.6173858642578125,-2.2549562454223633,-8.029594421386719,19.512149810791016,6.932811737060547,-2.2138214111328125,13.116135597229004,-6.285863876342773,25.821258544921875,-55.185791015625,-37.126739501953125,-17.937850952148438,-9.514408111572266,-1.5211334228515625,-12.479866027832031,21.568405151367188,7.716382026672363,-2.8621139526367188,14.298624038696289,-8.508988380432129,29.800369262695312,-45.42919158935547,-33.3132438659668,-15.808883666992188,-13.377035140991211,-5.266454696655273,-16.787368774414062,16.790740966796875,4.599420547485352,-7.0584716796875,14.0743989944458,-8.294022560119629,33.43212890625,-37.48344802856445,-23.667949676513672,-14.499176025390625,-13.90180492401123,-2.9134693145751953,-13.005111694335938,10.827259063720703,4.114446640014648,-6.8274383544921875,12.862940788269043
329524,1972-09-19 19:26:34,-1.9601335525512695,-9.102134704589844,-42.823570251464844,-14.790021896362305,9.629150390625,-24.17743682861328,-14.076475143432617,13.498626708984375,-6.465763092041016,-3.639432907104492,19.527084350585938,-61.458641052246094,-35.543609619140625,-11.302474975585938,-5.616613388061523,-2.2139158248901367,-8.030563354492188,19.516448974609375,6.97348690032959,-2.2058029174804688,13.095909118652344,-6.303247451782227,25.795318603515625,-55.195945739746094,-37.137794494628906,-17.924423217773438,-9.496559143066406,-1.4047260284423828,-12.423477172851562,21.60882568359375,7.812050819396973,-2.786590576171875,14.261544227600098,-8.520383834838867,29.7801513671875,-45.4403190612793,-33.32857131958008,-15.824050903320312,-13.320817947387695,-5.273103713989258,-16.792251586914062,16.78377914428711,4.583538055419922,-7.0794219970703125,14.069055557250977,-8.300411224365234,33.41587829589844,-37.496524810791016,-23.67957878112793,-14.508987426757812,-13.87172794342041,-2.939371109008789,-13.009323120117188,10.815201759338379,4.081928253173828,-6.85626220703125,12.857961654663086
329539,1972-09-19 19:28:44,-2.057785987854004,-9.092048645019531,-42.82113265991211,-14.803886413574219,9.672958374023438,-24.151451110839844,-14.049657821655273,13.538528442382812,-6.440608978271484,-3.6886653900146484,19.543731689453125,-61.450408935546875,-35.588966369628906,-11.20025634765625,-5.533540725708008,-2.04461669921875,-8.041267395019531,19.530506134033203,7.117754936218262,-2.1998748779296875,13.019063949584961,-6.324408531188965,25.818710327148438,-55.18258285522461,-37.20541000366211,-17.853912353515625,-9.363819122314453,-1.2137889862060547,-12.358863830566406,21.65738296508789,7.957040786743164,-2.7187652587890625,14.194320678710938,-8.51395320892334,29.80865478515625,-45.42282485961914,-33.40394973754883,-15.78228759765625,-13.180816650390625,-5.2537689208984375,-16.79925537109375,16.782825469970703,4.592559814453125,-7.119171142578125,14.046038627624512,-8.270432472229004,33.442901611328125,-37.479042053222656,-23.744007110595703,-14.469497680664062,-13.802665710449219,-2.9493980407714844,-12.99871826171875,10.825218200683594,4.082763671875,-6.8705291748046875,12.85008716583252
329544,1972-09-19 19:29:28,-2.107823371887207,-9.052070617675781,-42.82716369628906,-14.81124210357666,9.714691162109375,-24.130184173583984,-14.036169052124023,13.563858032226562,-6.416667938232422,-3.714567184448242,19.602081298828125,-61.430259704589844,-35.609283447265625,-11.146530151367188,-5.511253356933594,-2.0212249755859375,-8.046035766601562,19.530975341796875,7.141376495361328,-2.209930419921875,13.004417419433594,-6.336017608642578,25.875335693359375,-55.15471649169922,-37.23919677734375,-17.801834106445312,-9.328594207763672,-1.165679931640625,-12.361885070800781,21.65830421447754,7.99692440032959,-2.7210617065429688,14.17144775390625,-8.511453628540039,29.85992431640625,-45.38961410522461,-33.439056396484375,-15.7398681640625,-13.142475128173828,-5.234962463378906,-16.802169799804688,16.785781860351562,4.613157272338867,-7.1281585693359375,14.0347261428833,-8.255908012390137,33.4869384765625,-37.44290542602539,-23.776525497436523,-14.427978515625,-13.790138244628906,-2.9538230895996094,-13.002365112304688,10.819626808166504,4.087970733642578,-6.8842926025390625,12.841063499450684
329551,1972-09-19 19:30:28,-2.1778039932250977,-8.986885070800781,-42.8373908996582,-14.829656600952148,9.770660400390625,-24.096248626708984,-14.025489807128906,13.593009948730469,-6.378227233886719,-3.7687759399414062,19.696502685546875,-61.396751403808594,-35.6317253112793,-11.09307861328125,-5.473934173583984,-1.9768915176391602,-8.049171447753906,19.534225463867188,7.180515289306641,-2.2157516479492188,12.981856346130371,-6.372959136962891,25.964340209960938,-55.108619689941406,-37.277183532714844,-17.751449584960938,-9.272726058959961,-1.0866279602050781,-12.367828369140625,21.659019470214844,8.056109428405762,-2.7207489013671875,14.137947082519531,-8.529711723327637,29.937820434570312,-45.3348503112793,-33.479713439941406,-15.688247680664062,-13.100634574890137,-5.208139419555664,-16.812484741210938,16.783794403076172,4.641637802124023,-7.142181396484375,14.018192291259766,-8.258420944213867,33.55291748046875,-37.383235931396484,-23.815404891967773,-14.374801635742188,-13.77857780456543,-2.952817916870117,-13.012069702148438,10.808229446411133,4.10106086730957,-6.903656005859375,12.826481819152832
329556,1972-09-19 19:31:12,-2.166292190551758,-8.941970825195312,-42.847373962402344,-14.802970886230469,9.814453125,-24.094863891601562,-14.003421783447266,13.618354797363281,-6.372657775878906,-3.7078990936279297,19.76171875,-61.37949752807617,-35.64375686645508,-11.049545288085938,-5.483652114868164,-1.9609527587890625,-8.04278564453125,19.5384578704834,7.197881698608398,-2.2149581909179688,12.972371101379395,-6.307027816772461,26.026931762695312,-55.086669921875,-37.29637145996094,-17.6947021484375,-9.303956985473633,-1.1166152954101562,-12.390525817871094,21.644514083862305,8.041705131530762,-2.74969482421875,14.140546798706055,-8.463784217834473,29.9937744140625,-45.310203552246094,-33.493621826171875,-15.625946044921875,-13.139455795288086,-5.237331390380859,-16.82073974609375,16.766437530517578,4.628664016723633,-7.15875244140625,14.014031410217285,-8.191978454589844,33.600738525390625,-37.35490798950195,-23.827342987060547,-14.327285766601562,-13.807413101196289,-2.972980499267578,-13.01739501953125,10.796270370483398,4.089382171630859,-6.917572021484375,12.822711944580078
329561,1972-09-19 19:31:55,-2.128567695617676,-8.93170166015625,-42.85140609741211,-14.76222038269043,9.83807373046875,-24.110225677490234,-13.97813606262207,13.637855529785156,-6.386447906494141,-3.611032485961914,19.777198791503906,-61.380287170410156,-35.65265655517578,-11.009857177734375,-5.505605697631836,-1.9729423522949219,-8.037826538085938,19.539289474487305,7.192373275756836,-2.2201690673828125,12.97453498840332,-6.209186553955078,26.04473876953125,-55.089378356933594,-37.3095703125,-17.633514404296875,-9.367021560668945,-1.200937271118164,-12.419120788574219,21.623600006103516,7.991938591003418,-2.7925338745117188,14.16035270690918,-8.372014999389648,30.012710571289062,-45.31471633911133,-33.4981689453125,-15.54791259765625,-13.220195770263672,-5.298557281494141,-16.824462890625,16.743446350097656,4.597513198852539,-7.17303466796875,14.016983032226562,-8.104652404785156,33.617919921875,-37.35847854614258,-23.830110549926758,-14.286727905273438,-13.844600677490234,-3.004375457763672,-13.016586303710938,10.788558959960938,4.065879821777344,-6.925384521484375,12.825967788696289
329564,1972-09-19 19:32:21,-2.1060333251953125,-8.933830261230469,-42.85207748413086,-14.741148948669434,9.844535827636719,-24.120479583740234,-13.966325759887695,13.645240783691406,-6.396495819091797,-3.560373306274414,19.774452209472656,-61.384124755859375,-35.6556510925293,-10.994613647460938,-5.516633987426758,-1.9824771881103516,-8.032081604003906,19.540691375732422,7.186286926269531,-2.2206497192382812,12.977823257446289,-6.159038543701172,26.043960571289062,-55.095375061035156,-37.31353759765625,-17.605438232421875,-9.403949737548828,-1.2530021667480469,-12.430732727050781,21.613975524902344,7.96052360534668,-2.8131866455078125,14.17395305633545,-8.325916290283203,30.013916015625,-45.32240676879883,-33.49803161621094,-15.506195068359375,-13.269451141357422,-5.335216522216797,-16.827560424804688,16.728683471679688,4.5785064697265625,-7.18121337890625,14.019009590148926,-8.061637878417969,33.619598388671875,-37.36628341674805,-23.829160690307617,-14.272079467773438,-13.861328125,-3.0188465118408203,-13.014007568359375,10.787631034851074,4.054449081420898,-6.92584228515625,12.829340934753418
329569,1972-09-19 19:33:22,-2.091829299926758,-8.937370300292969,-42.85203552246094,-14.722992897033691,9.851791381835938,-24.128602981567383,-13.953973770141602,13.654029846191406,-6.404697418212891,-3.5177879333496094,19.769744873046875,-61.388099670410156,-35.66058349609375,-10.973846435546875,-5.526100158691406,-1.99462890625,-8.024803161621094,19.54244613647461,7.179303169250488,-2.221649169921875,12.98151683807373,-6.115148544311523,26.041732788085938,-55.10130310058594,-37.32050323486328,-17.510101318359375,-9.553091049194336,-1.4019794464111328,-12.478996276855469,21.576984405517578,7.884983062744141,-2.8679733276367188,14.205163955688477,-8.28394603729248,30.014328002929688,-45.329830169677734,-33.50177001953125,-15.467803955078125,-13.304769515991211,-5.363962173461914,-16.82550048828125,16.721567153930664,4.565252304077148,-7.1846923828125,14.02155876159668,-8.020977973937988,33.62074279785156,-37.374000549316406,-23.832111358642578,-14.252395629882812,-13.87651252746582,-3.0352954864501953,-13.011444091796875,10.786107063293457,4.042781829833984,-6.927581787109375,12.832082748413086
329575,1972-09-19 19:34:14,-2.050795555114746,-9.141944885253906,-42.81084060668945,-14.711111068725586,9.726158142089844,-24.186752319335938,-13.959142684936523,13.612945556640625,-6.4804534912109375,-3.48358154296875,19.475921630859375,-61.48390197753906,-35.646400451660156,-11.035140991210938,-5.495466232299805,-2.0050430297851562,-7.9045257568359375,19.590341567993164,7.169628143310547,-2.1348190307617188,13.001419067382812,-6.090703964233398,25.775665283203125,-55.228973388671875,-37.300140380859375,-17.550308227539062,-9.558843612670898,-1.45361328125,-12.404388427734375,21.616554260253906,7.856392860412598,-2.8158111572265625,14.231414794921875,-8.270316123962402,29.792861938476562,-45.478172302246094,-33.48028564453125,-15.560012817382812,-13.251230239868164,-5.350406646728516,-16.748931884765625,16.802583694458008,4.570493698120117,-7.1094512939453125,14.058150291442871,-8.016434669494629,33.43714904785156,-37.53931427001953,-23.80984115600586,-14.326004028320312,-13.838885307312012,-3.0496673583984375,-12.968704223632812,10.833420753479004,4.023014068603516,-6.8771209716796875,12.865396499633789
329580,1972-09-19 19:34:57,-2.021747589111328,-9.243553161621094,-42.790401458740234,-14.688143730163574,9.674644470214844,-24.221343994140625,-13.948142051696777,13.603492736816406,-6.523830413818359,-3.427520751953125,19.33013153076172,-61.533042907714844,-35.64507293701172,-11.04217529296875,-5.489923477172852,-2.035612106323242,-7.822776794433594,19.619979858398438,7.148564338684082,-2.0863037109375,13.020877838134766,-6.036703109741211,25.64599609375,-55.29523468017578,-37.301124572753906,-17.54052734375,-9.572965621948242,-1.5184440612792969,-12.379096984863281,21.6265869140625,7.816976547241211,-2.8133087158203125,14.253599166870117,-8.222078323364258,29.687469482421875,-45.55576705932617,-33.47799301147461,-15.573410034179688,-13.241278648376465,-5.389080047607422,-16.717453002929688,16.821561813354492,4.539148330688477,-7.0956573486328125,14.075265884399414,-7.972726345062256,33.35066223144531,-37.62546920776367,-23.804737091064453,-14.336593627929688,-13.836697578430176,-3.101778030395508,-12.956100463867188,10.833715438842773,3.9690399169921875,-6.885040283203125,12.877921104431152
329585,1972-09-19 19:35:40,-1.8818531036376953,-9.317230224609375,-42.780799865722656,-14.636125564575195,9.608078002929688,-24.27926254272461,-13.95417594909668,13.567222595214844,-6.586170196533203,-3.2859745025634766,19.223129272460938,-61.57427215576172,-35.60694122314453,-11.12237548828125,-5.574811935424805,-2.1014480590820312,-7.7680816650390625,19.634765625,7.096399307250977,-2.0387802124023438,13.056892395019531,-5.924613952636719,25.544387817382812,-55.35435485839844,-37.241783142089844,-17.596939086914062,-9.699630737304688,-1.6240959167480469,-12.384201049804688,21.61599349975586,7.7407426834106445,-2.81463623046875,14.294879913330078,-8.145357131958008,29.597793579101562,-45.627845764160156,-33.410972595214844,-15.57830810546875,-13.403797149658203,-5.618005752563477,-16.777801513671875,16.686023712158203,4.339324951171875,-7.20343017578125,14.083547592163086,-7.92549467086792,33.27439880371094,-37.702884674072266,-23.736547470092773,-14.372909545898438,-13.915943145751953,-3.2031078338623047,-12.979278564453125,10.776339530944824,3.8432540893554688,-6.946502685546875,12.883057594299316
329591,1972-09-19 19:36:32,-1.645669937133789,-9.353652954101562,-42.782588958740234,-14.554763793945312,9.539054870605469,-24.355266571044922,-13.970869064331055,13.512924194335938,-6.661968231201172,-3.0619583129882812,19.168426513671875,-61.60285949707031,-35.53828811645508,-11.257797241210938,-5.738637924194336,-2.198563575744629,-7.738380432128906,19.635862350463867,7.016792297363281,-1.9949722290039062,13.106587409973145,-5.752529144287109,25.484603881835938,-55.400047302246094,-37.133609771728516,-17.721542358398438,-9.885717391967773,-1.7090511322021484,-12.399642944335938,21.600582122802734,7.666614532470703,-2.7996749877929688,14.337703704833984,-8.033798217773438,29.536849975585938,-45.687076568603516,-33.29131317138672,-15.68963623046875,-13.570636749267578,-5.747640609741211,-16.822006225585938,16.597131729125977,4.198213577270508,-7.2534027099609375,14.100658416748047,-7.864615440368652,33.21974182128906,-37.76378631591797,-23.619487762451172,-14.4737548828125,-14.010297775268555,-3.2478790283203125,-13.000762939453125,10.736944198608398,3.7547855377197266,-6.973876953125,12.894357681274414
329595,1972-09-19 19:37:07,-1.5794754028320312,-9.355903625488281,-42.78459548950195,-14.526777267456055,9.528884887695312,-24.37594985961914,-13.97032356262207,13.503608703613281,-6.681964874267578,-2.9879684448242188,19.164749145507812,-61.60763931274414,-35.521461486816406,-11.284469604492188,-5.790256500244141,-2.240673065185547,-7.723320007324219,19.637027740478516,6.984442710876465,-1.9831008911132812,13.125653266906738,-5.691373825073242,25.479324340820312,-55.408790588378906,-37.108673095703125,-17.722366333007812,-9.977453231811523,-1.7616004943847656,-12.424774169921875,21.5819091796875,7.6339311599731445,-2.8139801025390625,14.352335929870605,-7.988925933837891,29.530349731445312,-45.69914627075195,-33.2597541809082,-15.673599243164062,-13.666217803955078,-5.923084259033203,-16.872604370117188,16.48369789123535,4.041618347167969,-7.3514556884765625,14.095627784729004,-7.833277702331543,33.21356201171875,-37.77573013305664,-23.58936309814453,-14.463653564453125,-14.071334838867188,-3.364236831665039,-13.048980712890625,10.642232894897461,3.6160221099853516,-7.0887298583984375,12.871367454528809
329602,1972-09-19 19:38:08,-1.2846879959106445,-9.195976257324219,-42.82910919189453,-14.339679718017578,9.637474060058594,-24.44394874572754,-13.90500259399414,13.546180725097656,-6.731849670410156,-2.5222091674804688,19.39569854736328,-61.55616760253906,-35.48663330078125,-11.219207763671875,-6.121149063110352,-2.496145248413086,-7.7431488037109375,19.598365783691406,6.809995651245117,-2.02581787109375,13.21052360534668,-5.2619781494140625,25.69085693359375,-55.35353088378906,-37.06181335449219,-17.683624267578125,-10.217483520507812,-1.8734111785888672,-12.4898681640625,21.534873962402344,7.548928260803223,-2.8689727783203125,14.386367797851562,-7.623924255371094,29.708999633789062,-45.64567565917969,-33.1686897277832,-15.492568969726562,-14.087470054626465,-6.5071563720703125,-17.02593994140625,16.101383209228516,3.537548065185547,-7.662017822265625,14.065717697143555,-7.520398139953613,33.362762451171875,-37.70777893066406,-23.507537841796875,-14.352249145507812,-14.320145606994629,-3.649250030517578,-13.1734619140625,10.392014503479004,3.2817115783691406,-7.3701171875,12.802709579467773
329608,1972-09-19 19:39:00,-0.9339113235473633,-9.125679016113281,-42.85322570800781,-14.06832504272461,9.741973876953125,-24.559925079345703,-13.778207778930664,13.6220703125,-6.838584899902344,-1.8637275695800781,19.499542236328125,-61.54682159423828,-35.47427749633789,-11.044418334960938,-6.498968124389648,-2.7822141647338867,-7.697624206542969,19.577770233154297,6.632089614868164,-2.0443649291992188,13.29788875579834,-4.630659103393555,25.79833984375,-55.35995101928711,-37.05128479003906,-17.513961791992188,-10.542728424072266,-2.099842071533203,-12.50537109375,21.504968643188477,7.415534019470215,-2.9199600219726562,14.445365905761719,-7.062821388244629,29.8131103515625,-45.668060302734375,-33.10916519165039,-15.262054443359375,-14.473825454711914,-7.029003143310547,-17.10748291015625,15.792621612548828,3.095468521118164,-7.8982696533203125,14.039260864257812,-7.015078067779541,33.45445251464844,-37.72393035888672,-23.443485260009766,-14.212188720703125,-14.562775611877441,-3.935565948486328,-13.227783203125,10.21705436706543,2.9657726287841797,-7.558868408203125,12.769706726074219
329613,1972-09-19 19:39:43,-0.7887811660766602,-9.05810546875,-42.87047576904297,-13.955789566040039,9.807159423828125,-24.598159790039062,-13.725481033325195,13.659500122070312,-6.869884490966797,-1.5916118621826172,19.597511291503906,-61.523338317871094,-35.46736145019531,-10.980941772460938,-6.642698287963867,-2.8783302307128906,-7.65472412109375,19.580690383911133,6.573802947998047,-2.031494140625,13.328767776489258,-4.369745254516602,25.892227172851562,-55.33732604980469,-37.04823303222656,-17.467239379882812,-10.630611419677734,-2.158933639526367,-12.519050598144531,21.49114418029785,7.370993614196777,-2.9475326538085938,14.462553024291992,-6.830899238586426,29.896881103515625,-45.64856719970703,-33.087059020996094,-15.187026977539062,-14.60270881652832,-7.199718475341797,-17.1453857421875,15.674180030822754,2.9405517578125,-7.9908905029296875,14.020140647888184,-6.80625057220459,33.52593994140625,-37.69871520996094,-23.418428421020508,-14.163406372070312,-14.650362014770508,-4.033512115478516,-13.253921508789062,10.144704818725586,2.8498668670654297,-7.6380157470703125,12.74899673461914
329618,1972-09-19 19:40:27,-0.7399806976318359,-9.032600402832031,-42.87672805786133,-13.909624099731445,9.838119506835938,-24.611942291259766,-13.69936752319336,13.680030822753906,-6.881153106689453,-1.482168197631836,19.6346435546875,-61.51423263549805,-35.479644775390625,-10.969268798828125,-6.596210479736328,-2.8693923950195312,-7.6612396240234375,19.579458236694336,6.56358528137207,-2.0496749877929688,13.33102035522461,-4.261302947998047,25.929168701171875,-55.32848358154297,-37.05679702758789,-17.448089599609375,-10.632198333740234,-2.154367446899414,-12.510482788085938,21.496597290039062,7.370990753173828,-2.9481430053710938,14.46242904663086,-6.731117248535156,29.931259155273438,-45.64086151123047,-33.086387634277344,-15.151519775390625,-14.641057968139648,-7.283811569213867,-17.156158447265625,15.623462677001953,2.8634204864501953,-8.034317016601562,14.011280059814453,-6.713160991668701,33.55572509765625,-37.68890380859375,-23.416748046875,-14.143203735351562,-14.672548294067383,-4.073633193969727,-13.26043701171875,10.120140075683594,2.8026981353759766,-7.6688690185546875,12.740923881530762
329623,1972-09-19 19:41:10,-0.7010345458984375,-9.016822814941406,-42.88070297241211,-13.879849433898926,9.85382080078125,-24.62246322631836,-13.685646057128906,13.689262390136719,-6.890094757080078,-1.4102153778076172,19.657470703125,-61.50863265991211,-35.488773345947266,-10.97906494140625,-6.530490875244141,-2.8848581314086914,-7.7137908935546875,19.556537628173828,6.522907257080078,-2.1052322387695312,13.342324256896973,-4.1925048828125,25.951126098632812,-55.32343673706055,-37.05458068847656,-17.429458618164062,-10.670402526855469,-2.210418701171875,-12.52691650390625,21.48133087158203,7.330713272094727,-2.9745330810546875,14.477489471435547,-6.670147895812988,29.950973510742188,-45.63688278198242,-33.07989501953125,-15.1375732421875,-14.67013168334961,-7.318891525268555,-17.16119384765625,15.601533889770508,2.8308467864990234,-8.050582885742188,14.008560180664062,-6.658453941345215,33.57257080078125,-37.68360137939453,-23.409482955932617,-14.135040283203125,-14.691991806030273,-4.091548919677734,-13.262466430664062,10.110247611999512,2.7810497283935547,-7.6791534423828125,12.739473342895508
329627,1972-09-19 19:41:45,-0.6690635681152344,-9.006988525390625,-42.883277893066406,-13.860368728637695,9.860481262207031,-24.630775451660156,-13.679378509521484,13.691848754882812,-6.897380828857422,-1.361928939819336,19.67162322998047,-61.50519943237305,-35.49388122558594,-10.980743408203125,-6.499866485595703,-2.956244468688965,-7.826385498046875,19.501060485839844,6.438736915588379,-2.2108535766601562,13.36610221862793,-4.148460388183594,25.964080810546875,-55.32068634033203,-37.047203063964844,-17.427825927734375,-10.698646545410156,-2.313549041748047,-12.561622619628906,21.450180053710938,7.248969078063965,-3.0292892456054688,14.507265090942383,-6.633176803588867,29.961883544921875,-45.635108947753906,-33.06938171386719,-15.135025024414062,-14.696430206298828,-7.336708068847656,-17.162460327148438,15.591766357421875,2.8142852783203125,-8.054656982421875,14.009551048278809,-6.627267837524414,33.58168029785156,-37.680992126464844,-23.399545669555664,-14.133575439453125,-14.709221839904785,-4.100370407104492,-13.264266967773438,10.104318618774414,2.769216537475586,-7.68328857421875,12.739557266235352
329633,1972-09-19 19:42:37,-0.6356468200683594,-8.996696472167969,-42.885948181152344,-13.840002059936523,9.867439270019531,-24.639434814453125,-13.672821998596191,13.694564819335938,-6.904994964599609,-1.3114662170410156,19.6864013671875,-61.501564025878906,-35.50263214111328,-10.983016967773438,-6.447999954223633,-3.0550918579101562,-7.993537902832031,19.417850494384766,6.319672584533691,-2.3674087524414062,13.396081924438477,-4.102428436279297,25.977615356445312,-55.31776428222656,-37.03571701049805,-17.401229858398438,-10.781391143798828,-2.6066131591796875,-12.6575927734375,21.359966278076172,7.026571273803711,-3.1796875,14.584297180175781,-6.594538688659668,29.973297119140625,-45.63321304321289,-33.057106018066406,-15.131591796875,-14.72755241394043,-7.359865188598633,-17.160568237304688,15.582923889160156,2.7939834594726562,-8.05670166015625,14.012443542480469,-6.594676971435547,33.5911865234375,-37.6782341003418,-23.388885498046875,-14.133102416992188,-14.7266206741333,-4.110973358154297,-13.265289306640625,10.098663330078125,2.7551212310791016,-7.68731689453125,12.74018669128418
329638,1972-09-19 19:43:20,-0.6157855987548828,-8.990570068359375,-42.88752365112305,-13.82789421081543,9.871574401855469,-24.644573211669922,-13.668922424316406,13.696182250976562,-6.909511566162109,-1.2814807891845703,19.6951904296875,-61.49938201904297,-35.506839752197266,-10.969985961914062,-6.447004318237305,-3.161792755126953,-8.125938415527344,19.345680236816406,6.212176322937012,-2.4935073852539062,13.423456192016602,-4.0750732421875,25.985641479492188,-55.316009521484375,-37.031089782714844,-17.408615112304688,-10.78535270690918,-2.691629409790039,-12.682167053222656,21.334829330444336,6.954416275024414,-3.2256546020507812,14.608770370483398,-6.5715789794921875,29.980087280273438,-45.6320686340332,-33.050086975097656,-15.129714965820312,-14.745237350463867,-7.370738983154297,-17.15972900390625,15.578716278076172,2.784494400024414,-8.057159423828125,14.01406478881836,-6.575310230255127,33.596832275390625,-37.67657470703125,-23.382585525512695,-14.1319580078125,-14.737723350524902,-4.116765975952148,-13.26611328125,10.095200538635254,2.7475967407226562,-7.68951416015625,12.740484237670898
329644,1972-09-19 19:44:12,-0.5865211486816406,-8.979736328125,-42.89019775390625,-13.811918258666992,9.877044677734375,-24.651342391967773,-13.66505241394043,13.697166442871094,-6.9152069091796875,-1.2413387298583984,19.710708618164062,-61.49523162841797,-35.50270462036133,-10.943695068359375,-6.514131546020508,-3.2543582916259766,-8.216094970703125,19.29217529296875,6.137399673461914,-2.5747528076171875,13.442503929138184,-4.039432525634766,25.999435424804688,-55.31214904785156,-37.02145767211914,-17.401626586914062,-10.829601287841797,-2.841930389404297,-12.736709594726562,21.282785415649414,6.835920333862305,-3.3068695068359375,14.646490097045898,-6.542654037475586,29.991287231445312,-45.62887191772461,-33.03875732421875,-15.126785278320312,-14.773609161376953,-7.382753372192383,-17.162979125976562,15.569448471069336,2.773946762084961,-8.059921264648438,14.014564514160156,-6.551924228668213,33.60601806640625,-37.67247009277344,-23.372440338134766,-14.135116577148438,-14.750776290893555,-4.11506462097168,-13.2664794921875,10.095428466796875,2.7470226287841797,-7.6865997314453125,12.742359161376953
329649,1972-09-19 19:44:55,-0.5635967254638672,-8.972084045410156,-42.892112731933594,-13.799610137939453,9.880668640136719,-24.656780242919922,-13.6622314453125,13.697616577148438,-6.919891357421875,-1.210357666015625,19.721664428710938,-61.492340087890625,-35.491451263427734,-10.893844604492188,-6.657436370849609,-3.353013038635254,-8.260978698730469,19.256084442138672,6.083386421203613,-2.6127777099609375,13.45970630645752,-4.012042999267578,26.009124755859375,-55.30958557128906,-37.00813293457031,-17.338638305664062,-10.975212097167969,-2.9653167724609375,-12.771636962890625,21.244983673095703,6.769319534301758,-3.3426284790039062,14.669289588928223,-6.5205535888671875,29.999069213867188,-45.62690734863281,-33.029701232910156,-15.124664306640625,-14.795989990234375,-7.384550094604492,-17.163772583007812,15.567718505859375,2.7735023498535156,-8.056991577148438,14.016340255737305,-6.534188747406006,33.612396240234375,-37.66986083984375,-23.364118576049805,-14.138778686523438,-14.760445594787598,-4.110755920410156,-13.264541625976562,10.099740982055664,2.7504138946533203,-7.679412841796875,12.74596118927002
329655,1972-09-19 19:45:47,-0.5261335372924805,-8.973983764648438,-42.892189025878906,-13.781286239624023,9.876693725585938,-24.668621063232422,-13.659421920776367,13.694404602050781,-6.9317779541015625,-1.1636161804199219,19.718849182128906,-61.494140625,-35.49052429199219,-10.901870727539062,-6.649225234985352,-3.3098363876342773,-8.324111938476562,19.236358642578125,6.108965873718262,-2.6487350463867188,13.441080093383789,-3.971769332885742,26.005966186523438,-55.3139762878418,-36.99612808227539,-17.375900268554688,-10.956748962402344,-2.944326400756836,-12.743026733398438,21.265071868896484,6.77568244934082,-3.3172531127929688,14.672111511230469,-6.489156723022461,29.99578857421875,-45.633541107177734,-33.014854431152344,-15.128173828125,-14.825523376464844,-7.387670516967773,-17.16717529296875,15.562477111816406,2.7704715728759766,-8.05517578125,14.017987251281738,-6.510158538818359,33.60942077636719,-37.67666244506836,-23.34888458251953,-14.145538330078125,-14.778070449829102,-4.113988876342773,-13.263885498046875,10.099263191223145,2.744077682495117,-7.6757354736328125,12.749550819396973
329660,1972-09-19 19:46:31,-0.4635353088378906,-8.966148376464844,-42.89455032348633,-13.74978256225586,9.877166748046875,-24.68600845336914,-13.653837203979492,13.691596984863281,-6.94830322265625,-1.083648681640625,19.729965209960938,-61.492042541503906,-35.47821807861328,-10.86846923828125,-6.768529891967773,-3.3573408126831055,-8.421699523925781,19.185575485229492,6.083347320556641,-2.715240478515625,13.43942928314209,-3.9023189544677734,26.015090942382812,-55.31462860107422,-36.97591018676758,-17.396881103515625,-10.991641998291016,-2.9625682830810547,-12.739028930664062,21.264930725097656,6.757547378540039,-3.312835693359375,14.68147087097168,-6.434420585632324,30.002349853515625,-45.63697814941406,-32.98973083496094,-15.133682250976562,-14.875752449035645,-7.402248382568359,-17.172988891601562,15.549126625061035,2.755704879760742,-8.056533813476562,14.020112991333008,-6.467618942260742,33.61448669433594,-37.67946243286133,-23.32392120361328,-14.149993896484375,-14.813175201416016,-4.12379264831543,-13.2666015625,10.091704368591309,2.728994369506836,-7.6765289306640625,12.752304077148438
329667,1972-09-19 19:47:31,-0.2828855514526367,-8.92742919921875,-42.904197692871094,-13.656424522399902,9.889877319335938,-24.732696533203125,-13.63525676727295,13.688232421875,-6.991294860839844,-0.8479061126708984,19.78515625,-61.47800827026367,-35.460838317871094,-10.918258666992188,-6.7794342041015625,-3.194952964782715,-8.525001525878906,19.167678833007812,6.192660331726074,-2.7448043823242188,13.383381843566895,-3.696125030517578,26.062652587890625,-55.30640411376953,-36.91877365112305,-17.439224243164062,-11.115873336791992,-2.9505348205566406,-12.704460144042969,21.287281036376953,6.765154838562012,-3.2581787109375,14.690196990966797,-6.270362854003906,30.039306640625,-45.635501861572266,-32.9151611328125,-15.11248779296875,-15.061319351196289,-7.498567581176758,-17.204940795898438,15.46744155883789,2.670703887939453,-8.0909423828125,14.016746520996094,-6.33846378326416,33.644195556640625,-37.6749153137207,-23.238685607910156,-14.024520874023438,-15.064343452453613,-4.342061996459961,-13.333160400390625,9.910812377929688,2.496786117553711,-7.8282623291015625,12.707557678222656
329672,1972-09-19 19:48:15,-0.26895713806152344,-8.923713684082031,-42.905059814453125,-13.626880645751953,9.911285400390625,-24.740419387817383,-13.611318588256836,13.708251953125,-6.998710632324219,-0.7813682556152344,19.791061401367188,-61.476985931396484,-35.47005844116211,-10.799346923828125,-6.92022705078125,-3.1779184341430664,-8.616134643554688,19.129718780517578,6.245077133178711,-2.7962188720703125,13.348336219787598,-3.624448776245117,26.072158813476562,-55.306671142578125,-36.93656921386719,-17.40228271484375,-11.114669799804688,-2.8901519775390625,-12.64794921875,21.329166412353516,6.822390556335449,-3.2033767700195312,14.675771713256836,-6.199016571044922,30.051742553710938,-45.637062072753906,-32.92094802856445,-14.986068725585938,-15.174566268920898,-7.685703277587891,-17.241195678710938,15.334644317626953,2.5233497619628906,-8.18768310546875,13.987852096557617,-6.266914367675781,33.656097412109375,-37.676239013671875,-23.248279571533203,-13.9833984375,-15.087736129760742,-4.40095329284668,-13.3382568359375,9.877936363220215,2.436971664428711,-7.865631103515625,12.696087837219238
329677,1972-09-19 19:48:58,-0.2923469543457031,-8.9451904296875,-42.90043640136719,-13.623153686523438,9.914291381835938,-24.741268157958984,-13.597797393798828,13.720237731933594,-7.001499176025391,-0.7776546478271484,19.760719299316406,-61.486793518066406,-35.48982238769531,-10.7689208984375,-6.866090774536133,-3.0762643814086914,-8.622787475585938,19.143335342407227,6.327462196350098,-2.7885971069335938,13.311079978942871,-3.611661911010742,26.048187255859375,-55.31879425048828,-36.95973205566406,-17.379653930664062,-11.072977066040039,-2.8203983306884766,-12.58843994140625,21.37366485595703,6.883122444152832,-3.1485671997070312,14.659265518188477,-6.178705215454102,30.035629272460938,-45.650428771972656,-32.94580841064453,-14.970062255859375,-15.136358261108398,-7.708078384399414,-17.23126220703125,15.334571838378906,2.5031299591064453,-8.19805908203125,13.985403060913086,-6.240036964416504,33.64410400390625,-37.69141387939453,-23.271282196044922,-13.983505249023438,-15.052125930786133,-4.407926559448242,-13.328811645507812,9.887578964233398,2.430147171020508,-7.866790771484375,12.696675300598145
329682,1972-09-19 19:49:42,-0.3389453887939453,-8.978904724121094,-42.89304733276367,-13.635839462280273,9.907501220703125,-24.73699951171875,-13.591114044189453,13.72747802734375,-7.000286102294922,-0.8137989044189453,19.712722778320312,-61.501731872558594,-35.51660919189453,-10.792221069335938,-6.688713073730469,-2.943556785583496,-8.60211181640625,19.17347526550293,6.406430244445801,-2.7693862915039062,13.277277946472168,-3.6363964080810547,26.007736206054688,-55.336204528808594,-36.985931396484375,-17.364089965820312,-11.009759902954102,-2.780752182006836,-12.546791076660156,21.403331756591797,6.916352272033691,-3.1196365356445312,14.64980697631836,-6.191082000732422,30.0052490234375,-45.668724060058594,-32.97618103027344,-14.97125244140625,-15.068899154663086,-7.700904846191406,-17.211196899414062,15.360692977905273,2.5087108612060547,-8.190353393554688,13.988914489746094,-6.241934776306152,33.620086669921875,-37.7125244140625,-23.30129051208496,-14.001495361328125,-14.988868713378906,-4.388580322265625,-13.312103271484375,9.918624877929688,2.4516162872314453,-7.8488311767578125,12.703666687011719
329687,1972-09-19 19:50:25,-0.33942317962646484,-8.999824523925781,-42.8886604309082,-13.616580963134766,9.912811279296875,-24.745479583740234,-13.571518898010254,13.741569519042969,-7.010654449462891,-0.7723121643066406,19.68311309814453,-61.511749267578125,-35.53267288208008,-10.738693237304688,-6.689521789550781,-2.9276857376098633,-8.648262023925781,19.15514373779297,6.422713279724121,-2.8070297241210938,13.261495590209961,-3.5883636474609375,25.984848022460938,-55.35009002685547,-37.00486755371094,-17.323028564453125,-11.010812759399414,-2.7935447692871094,-12.521728515625,21.41633415222168,6.916618347167969,-3.11004638671875,14.65172004699707,-6.140385627746582,29.990478515625,-45.685264587402344,-32.996219635009766,-14.962066650390625,-15.034109115600586,-7.692653656005859,-17.19091796875,15.387526512145996,2.5172481536865234,-8.17724609375,13.995048522949219,-6.188628196716309,33.609344482421875,-37.73088073730469,-23.32067108154297,-14.022994995117188,-14.938529968261719,-4.353145599365234,-13.2861328125,9.968924522399902,2.490682601928711,-7.8069305419921875,12.721878051757812
329690,1972-09-19 19:51:08,-0.33258628845214844,-9.066825866699219,-42.874595642089844,-13.607757568359375,9.878456115722656,-24.764062881469727,-13.565486907958984,13.734954833984375,-7.035243988037109,-0.751983642578125,19.587059020996094,-61.54265594482422,-35.528221130371094,-10.66796875,-6.824977874755859,-2.9878053665161133,-8.683403015136719,19.129941940307617,6.4095306396484375,-2.829925537109375,13.263007164001465,-3.5673999786376953,25.899337768554688,-55.391510009765625,-37.00336456298828,-17.286895751953125,-11.072467803955078,-2.8435325622558594,-12.497940063476562,21.423648834228516,6.900856971740723,-3.09326171875,14.662702560424805,-6.120322227478027,29.920913696289062,-45.733543395996094,-33.005680084228516,-15.024398803710938,-14.950944900512695,-7.610652923583984,-17.150970458984375,15.472640037536621,2.5813674926757812,-8.118972778320312,14.017276763916016,-6.169203281402588,33.55224609375,-37.78484344482422,-23.324819564819336,-14.060653686523438,-14.896595001220703,-4.321247100830078,-13.25927734375,10.01845932006836,2.525014877319336,-7.7592620849609375,12.74424934387207
329696,1972-09-19 19:52:00,-0.3241128921508789,-9.23822021484375,-42.83806228637695,-13.632757186889648,9.752777099609375,-24.80010223388672,-13.594202041625977,13.679946899414062,-7.086799621582031,-0.8043537139892578,19.340179443359375,-61.620018005371094,-35.50027847290039,-10.689285278320312,-6.93610954284668,-3.0292434692382812,-8.67431640625,19.127546310424805,6.40556526184082,-2.8024215698242188,13.270759582519531,-3.630899429321289,25.671340942382812,-55.49342346191406,-36.96706008911133,-17.372406005859375,-11.059906005859375,-2.844635009765625,-12.41827392578125,21.46977996826172,6.903719902038574,-3.0169296264648438,14.677252769470215,-6.189643859863281,29.726303100585938,-45.850975036621094,-32.988037109375,-15.215545654296875,-14.795772552490234,-7.4180450439453125,-17.071517944335938,15.652986526489258,2.7292728424072266,-7.979156494140625,14.06945514678955,-6.243956089019775,33.38917541503906,-37.91679000854492,-23.303985595703125,-14.199127197265625,-14.797538757324219,-4.220254898071289,-13.204238891601562,10.133525848388672,2.6225814819335938,-7.639373779296875,12.796871185302734
329700,1972-09-19 19:52:35,-0.32993316650390625,-9.306541442871094,-42.82322311401367,-13.649219512939453,9.701545715332031,-24.811141967773438,-13.608351707458496,13.656883239746094,-7.1041107177734375,-0.8410282135009766,19.24156951904297,-61.65039825439453,-35.48759078979492,-10.687118530273438,-7.00404167175293,-3.05210018157959,-8.6741943359375,19.12397003173828,6.406255722045898,-2.7916107177734375,13.272706031799316,-3.6710872650146484,25.579986572265625,-55.53295135498047,-36.94866180419922,-17.37335205078125,-11.119743347167969,-2.8849258422851562,-12.393310546875,21.47882843017578,6.891679763793945,-2.98956298828125,14.68850326538086,-6.230232238769531,29.648040771484375,-45.89612579345703,-32.981529235839844,-15.280502319335938,-14.743247985839844,-7.328449249267578,-17.037490844726562,15.732060432434082,2.805797576904297,-7.9134674072265625,14.091484069824219,-6.285159111022949,33.32347106933594,-37.967750549316406,-23.298011779785156,-14.262359619140625,-14.746039390563965,-4.151512145996094,-13.170928955078125,10.20503044128418,2.6953086853027344,-7.5622100830078125,12.827550888061523
329706,1972-09-19 19:53:27,-0.3697938919067383,-9.361778259277344,-42.81085968017578,-13.673726081848145,9.668281555175781,-24.810632705688477,-13.616387367248535,13.646453857421875,-7.108760833740234,-0.9014797210693359,19.16197967529297,-61.67432403564453,-35.492454528808594,-10.694869995117188,-6.967470169067383,-3.008302688598633,-8.642959594726562,19.145034790039062,6.444714546203613,-2.7603302001953125,13.260624885559082,-3.7263126373291016,25.508026123046875,-55.56236267089844,-36.94944381713867,-17.342315673828125,-11.165485382080078,-2.9167938232421875,-12.362335205078125,21.49237060546875,6.8920698165893555,-2.9617385864257812,14.693958282470703,-6.27667236328125,29.588272094726562,-45.92835998535156,-32.99897766113281,-15.345596313476562,-14.636210441589355,-7.147315979003906,-16.976898193359375,15.880207061767578,2.968088150024414,-7.7978363037109375,14.122661590576172,-6.324403762817383,33.273895263671875,-38.00468444824219,-23.31333351135254,-14.301773071289062,-14.683518409729004,-4.057170867919922,-13.130508422851562,10.294655799865723,2.806539535522461,-7.464874267578125,12.860668182373047
329712,1972-09-19 19:54:19,-0.5650129318237305,-9.40045166015625,-42.80024719238281,-13.750144004821777,9.678474426269531,-24.764379501342773,-13.611822128295898,13.672866821289062,-7.066612243652344,-1.1036090850830078,19.10704803466797,-61.68808364868164,-35.55632781982422,-10.702072143554688,-6.622203826904297,-2.8117504119873047,-8.544136047363281,19.219127655029297,6.56379508972168,-2.7001495361328125,13.214527130126953,-3.888399124145508,25.465591430664062,-55.57072830200195,-37.0367431640625,-17.286636352539062,-10.960721969604492,-2.827486038208008,-12.307220458984375,21.535892486572266,6.961468696594238,-2.9413375854492188,14.665313720703125,-6.390017509460449,29.5609130859375,-45.93034744262695,-33.09880828857422,-15.33148193359375,-14.424046516418457,-6.937446594238281,-16.89117431640625,16.063640594482422,3.1730918884277344,-7.6756439208984375,14.14500617980957,-6.396883487701416,33.25398254394531,-38.00999450683594,-23.409563064575195,-14.283416748046875,-14.547657012939453,-3.9638710021972656,-13.081527709960938,10.39289379119873,2.9360904693603516,-7.3789825439453125,12.881299018859863
329721,1972-09-19 19:55:37,-0.8057537078857422,-9.441253662109375,-42.787410736083984,-13.844465255737305,9.694587707519531,-24.705455780029297,-13.606279373168945,13.706138610839844,-7.012630462646484,-1.3539237976074219,19.048934936523438,-61.70106506347656,-35.6285285949707,-10.625625610351562,-6.351728439331055,-2.6469926834106445,-8.553581237792969,19.23831558227539,6.6777753829956055,-2.7207107543945312,13.153059005737305,-4.08941650390625,25.421768188476562,-55.57635498046875,-37.13998031616211,-17.18701171875,-10.766336441040039,-2.7504005432128906,-12.259353637695312,21.573139190673828,7.034149169921875,-2.929931640625,14.632881164550781,-6.530910491943359,29.534072875976562,-45.92779541015625,-33.212890625,-15.301589965820312,-14.191665649414062,-6.758625030517578,-16.784576416015625,16.250513076782227,3.354705810546875,-7.552032470703125,14.169618606567383,-6.487442493438721,33.235015869140625,-38.01123046875,-23.526521682739258,-14.255599975585938,-14.38534927368164,-3.87005615234375,-13.03070068359375,10.491639137268066,3.0688419342041016,-7.2984771728515625,12.896207809448242
329727,1972-09-19 19:56:29,-0.9229974746704102,-9.4608154296875,-42.78071975708008,-13.889131546020508,9.703582763671875,-24.676837921142578,-13.602301597595215,13.723373413085938,-6.986598968505859,-1.4734420776367188,19.020973205566406,-61.70695495605469,-35.66342544555664,-10.561859130859375,-6.2615966796875,-2.5744476318359375,-8.596046447753906,19.229228973388672,6.73629093170166,-2.754791259765625,13.116074562072754,-4.1845245361328125,25.40093994140625,-55.57880401611328,-37.190269470214844,-17.133392333984375,-10.677820205688477,-2.709705352783203,-12.230255126953125,21.59480857849121,7.074468612670898,-2.9180908203125,14.61579704284668,-6.596561431884766,29.521621704101562,-45.926414489746094,-33.268310546875,-15.27899169921875,-14.085811614990234,-6.696338653564453,-16.738113403320312,16.32405662536621,3.420919418334961,-7.506500244140625,14.17798137664795,-6.528434753417969,33.226348876953125,-38.01179122924805,-23.583126068115234,-14.235763549804688,-14.312129974365234,-3.834108352661133,-13.0069580078125,10.534202575683594,3.124002456665039,-7.2646484375,12.902071952819824
329733,1972-09-19 19:57:21,-1.1712970733642578,-9.459396362304688,-42.774959564208984,-13.982248306274414,9.748260498046875,-24.60654067993164,-13.592388153076172,13.767768859863281,-6.918220520019531,-1.7241477966308594,19.0233154296875,-61.69973373413086,-35.73060607910156,-10.4400634765625,-6.0802154541015625,-2.4645910263061523,-8.600204467773438,19.24176025390625,6.828219413757324,-2.7751998901367188,13.064133644104004,-4.383081436157227,25.412399291992188,-55.55825424194336,-37.29908752441406,-17.0208740234375,-10.47633171081543,-2.5850372314453125,-12.180816650390625,21.637983322143555,7.182624816894531,-2.8958282470703125,14.567395210266113,-6.732514381408691,29.5413818359375,-45.89397430419922,-33.38988494873047,-15.184951782226562,-13.898605346679688,-6.617731094360352,-16.698043823242188,16.396991729736328,3.5129528045654297,-7.483428955078125,14.167659759521484,-6.612022399902344,33.24615478515625,-37.980003356933594,-23.702564239501953,-14.163665771484375,-14.185796737670898,-3.7907066345214844,-12.98126220703125,10.581517219543457,3.2047042846679688,-7.23992919921875,12.896161079406738
329738,1972-09-19 19:58:05,-1.4072494506835938,-9.569427490234375,-42.74336242675781,-14.099308013916016,9.701278686523438,-24.558269500732422,-13.611743927001953,13.766395568847656,-6.882793426513672,-2.0247440338134766,18.864517211914062,-61.73934555053711,-35.77527618408203,-10.416275024414062,-5.854179382324219,-2.2881431579589844,-8.526153564453125,19.296428680419922,6.965631484985352,-2.712738037109375,13.0045747756958,-4.643642425537109,25.272857666015625,-55.60072326660156,-37.37409591674805,-17.023712158203125,-10.200777053833008,-2.4024791717529297,-12.070022583007812,21.720947265625,7.315728187561035,-2.80938720703125,14.518001556396484,-6.937305450439453,29.429901123046875,-45.93507385253906,-33.48536682128906,-15.20819091796875,-13.641095161437988,-6.442361831665039,-16.62701416015625,16.538393020629883,3.67120361328125,-7.39678955078125,14.173042297363281,-6.770778656005859,33.1551513671875,-38.03155517578125,-23.79433822631836,-14.1732177734375,-14.021673202514648,-3.7138118743896484,-12.935791015625,10.66412353515625,3.30902099609375,-7.171783447265625,12.907896995544434
329743,1972-09-19 19:58:48,-1.5735197067260742,-9.639030456542969,-42.72191619873047,-14.179824829101562,9.674385070800781,-24.52249526977539,-13.623397827148438,13.76837158203125,-6.855720520019531,-2.232828140258789,18.76390838623047,-61.76282501220703,-35.80586624145508,-10.40020751953125,-5.693506240844727,-2.1832876205444336,-8.456108093261719,19.33934783935547,7.045742988586426,-2.6623764038085938,12.971785545349121,-4.822883605957031,25.185028076171875,-55.62531661987305,-37.42747116088867,-17.010406494140625,-10.025772094726562,-2.2981510162353516,-12.007278442382812,21.766965866088867,7.394041061401367,-2.7649002075195312,14.486833572387695,-7.076972961425781,29.360397338867188,-45.958251953125,-33.55167007446289,-15.217269897460938,-13.466958045959473,-6.322025299072266,-16.572677612304688,16.639068603515625,3.781810760498047,-7.3323822021484375,14.177422523498535,-6.877782821655273,33.098602294921875,-38.06161117553711,-23.859134674072266,-14.184097290039062,-13.900043487548828,-3.6477794647216797,-12.89385986328125,10.737448692321777,3.395902633666992,-7.106048583984375,12.921680450439453
329749,1972-09-19 19:59:40,-1.7620177268981934,-9.700019836425781,-42.70075225830078,-14.269469261169434,9.655517578125,-24.477888107299805,-13.634960174560547,13.774848937988281,-6.81964111328125,-2.465709686279297,18.675628662109375,-61.780723571777344,-35.84036636352539,-10.370925903320312,-5.527387619018555,-2.068118095397949,-8.386581420898438,19.38224220275879,7.136463165283203,-2.6121978759765625,12.932332992553711,-5.022554397583008,25.108917236328125,-55.64204406738281,-37.48997497558594,-17.007553100585938,-9.794404983520508,-2.133930206298828,-11.925689697265625,21.82845687866211,7.509341239929199,-2.7009811401367188,14.439506530761719,-7.231551170349121,29.30126953125,-45.971920013427734,-33.629859924316406,-15.215301513671875,-13.272743225097656,-6.170600891113281,-16.52532958984375,16.742685317993164,3.919851303100586,-7.2680816650390625,14.173038482666016,-6.995144844055176,33.05085754394531,-38.08170700073242,-23.932004928588867,-14.178619384765625,-13.779830932617188,-3.5826072692871094,-12.850830078125,10.810739517211914,3.4875335693359375,-7.038970947265625,12.933979034423828
329754,1972-09-19 20:00:23,-1.394845962524414,-9.689735412597656,-42.71665573120117,-14.186824798583984,9.548843383789062,-24.567607879638672,-13.705062866210938,13.663131713867188,-6.903350830078125,-2.2109413146972656,18.690040588378906,-61.7860107421875,-35.70880889892578,-10.636810302734375,-5.863395690917969,-2.178325653076172,-8.407844543457031,19.360946655273438,7.053810119628906,-2.5541152954101562,12.989156723022461,-4.862995147705078,25.097930908203125,-55.66117858886719,-37.2768669128418,-17.297470092773438,-10.095439910888672,-2.2211074829101562,-11.970321655273438,21.79530143737793,7.412470817565918,-2.6608428955078125,14.49690055847168,-7.171856880187988,29.265838623046875,-46.00382614135742,-33.412044525146484,-15.49072265625,-13.502275466918945,-6.08978271484375,-16.577560424804688,16.720623016357422,3.9363632202148438,-7.2137603759765625,14.19620132446289,-7.019835472106934,33.01271057128906,-38.1102409362793,-23.718088150024414,-14.372604370117188,-13.947707176208496,-3.51580810546875,-12.8712158203125,10.808420181274414,3.499011993408203,-6.9775390625,12.964126586914062
329761,1972-09-19 20:01:24,-1.1546859741210938,-9.693016052246094,-42.72307586669922,-14.125582695007324,9.478446960449219,-24.630081176757812,-13.743677139282227,13.593597412109375,-6.963584899902344,-2.030508041381836,18.683876037597656,-61.7940673828125,-35.618614196777344,-10.768722534179688,-6.163530349731445,-2.3844690322875977,-8.426139831542969,19.32867431640625,6.908060073852539,-2.545806884765625,13.068875312805176,-4.742547988891602,25.077621459960938,-55.680721282958984,-37.13660430908203,-17.409713745117188,-10.414386749267578,-2.4612293243408203,-12.069992065429688,21.714393615722656,7.23543643951416,-2.7207412719726562,14.5750093460083,-7.115736961364746,29.23284912109375,-46.03350067138672,-33.27214813232422,-15.641952514648438,-13.672285079956055,-6.0510711669921875,-16.607940673828125,16.70452880859375,3.9438629150390625,-7.1766815185546875,14.212902069091797,-7.018078327178955,32.97975158691406,-38.139076232910156,-23.578231811523438,-14.452713012695312,-14.10120964050293,-3.520292282104492,-12.8927001953125,10.781306266784668,3.467761993408203,-6.960693359375,12.981573104858398
329771,1972-09-19 20:02:51,-1.1715049743652344,-9.679389953613281,-42.7257080078125,-14.105525016784668,9.512832641601562,-24.62831687927246,-13.716452598571777,13.622535705566406,-6.960712432861328,-1.990304946899414,18.704246520996094,-61.789215087890625,-35.63959884643555,-10.728759765625,-6.111703872680664,-2.4219655990600586,-8.386276245117188,19.341346740722656,6.871376037597656,-2.5473098754882812,13.087906837463379,-4.690053939819336,25.101699829101562,-55.67431640625,-37.17348098754883,-17.37384033203125,-10.342521667480469,-2.464580535888672,-12.061264038085938,21.718856811523438,7.225803375244141,-2.7413711547851562,14.575923919677734,-7.0555620193481445,29.259048461914062,-46.026126861572266,-33.306365966796875,-15.587142944335938,-13.651577949523926,-6.055385589599609,-16.605300903320312,16.70558738708496,3.9474964141845703,-7.1876068115234375,14.206367492675781,-6.950934886932373,33.00364685058594,-38.13070297241211,-23.605112075805664,-14.389984130859375,-14.120372772216797,-3.5605850219726562,-12.894210815429688,10.766265869140625,3.440755844116211,-6.9820556640625,12.977285385131836
329788,1972-09-19 20:05:18,-1.579660415649414,-9.384246826171875,-42.778377532958984,-14.122333526611328,9.873481750488281,-24.476272583007812,-13.562934875488281,13.86248779296875,-6.785594940185547,-2.110746383666992,19.131271362304688,-61.654327392578125,-35.82627487182617,-10.188140869140625,-5.943073272705078,-2.434450149536133,-8.443275451660156,19.314960479736328,6.903355598449707,-2.7116241455078125,13.037971496582031,-4.679725646972656,25.526931762695312,-55.48149871826172,-37.47789764404297,-16.748214721679688,-10.275674819946289,-2.700267791748047,-12.21295166015625,21.605777740478516,7.131604194641113,-3.0243606567382812,14.566343307495117,-6.924417495727539,29.655059814453125,-45.791988372802734,-33.63639450073242,-15.3778076171875,-13.067296981811523,-5.726467132568359,-16.496170043945312,16.928207397460938,4.220964431762695,-7.1373291015625,14.152995109558105,-6.716254234313965,33.34649658203125,-37.87360763549805,-23.910123825073242,-14.136856079101562,-13.860492706298828,-3.519674301147461,-12.85308837890625,10.828705787658691,3.5425662994384766,-7.0124664306640625,12.933418273925781
329802,1972-09-19 20:07:20,-1.934765338897705,-9.196434020996094,-42.80457305908203,-14.198099136352539,10.089790344238281,-24.34386444091797,-13.490942001342773,14.001914978027344,-6.641307830810547,-2.3511486053466797,19.399185180664062,-61.56184387207031,-35.938026428222656,-9.829849243164062,-5.871343612670898,-3.409046173095703,-8.679878234863281,19.060989379882812,6.075560569763184,-3.2116470336914062,13.3330717086792,-4.826833724975586,25.790695190429688,-55.34674835205078,-37.653690338134766,-16.171798706054688,-10.5526123046875,-4.919771194458008,-13.050079345703125,20.706249237060547,5.382925033569336,-4.3566436767578125,14.974266052246094,-6.974305152893066,29.897781372070312,-45.62630081176758,-33.845863342285156,-15.12054443359375,-12.82440185546875,-5.643268585205078,-16.459426879882812,16.991788864135742,4.332361221313477,-7.150909423828125,14.112422943115234,-6.684164047241211,33.5550537109375,-37.69465637207031,-24.12024688720703,-13.94207763671875,-13.692689895629883,-3.5068912506103516,-12.851715087890625,10.834484100341797,3.602518081665039,-7.067962646484375,12.886571884155273
329813,1972-09-19 20:08:56,-1.5513243675231934,-9.151565551757812,-42.829795837402344,-13.994010925292969,10.10302734375,-24.45629119873047,-13.445533752441406,13.996513366699219,-6.743995666503906,-1.8305587768554688,19.464080810546875,-61.55904006958008,-35.87733459472656,-9.874359130859375,-6.160694122314453,-3.708700180053711,-8.72344970703125,18.98499298095703,5.820816993713379,-3.27777099609375,13.430273056030273,-4.3665924072265625,25.846511840820312,-55.35894012451172,-37.579917907714844,-16.557464599609375,-10.212038040161133,-4.350778579711914,-12.802459716796875,20.986303329467773,5.719579696655273,-4.050559997558594,14.93533706665039,-6.602947235107422,29.940963745117188,-45.653221130371094,-33.71290588378906,-15.17095947265625,-13.11184024810791,-5.7734832763671875,-16.446014404296875,16.961002349853516,4.212789535522461,-7.1312255859375,14.158509254455566,-6.3857035636901855,33.58984375,-37.71539306640625,-23.987503051757812,-13.962249755859375,-13.903705596923828,-3.5773544311523438,-12.864151000976562,10.796621322631836,3.505380630493164,-7.0731964111328125,12.910460472106934
329823,1972-09-19 20:10:39,-0.8016505241394043,-10.063972473144531,-42.64531707763672,-13.345990180969238,9.755683898925781,-24.954458236694336,-13.105978012084961,14.027717590332031,-7.32274055480957,-0.29378700256347656,18.13641357421875,-61.989524841308594,-35.87879943847656,-9.538619995117188,-6.6608428955078125,-4.081174850463867,-8.172615051269531,19.1529541015625,5.622358322143555,-2.9697723388671875,13.58556079864502,-2.8662567138671875,24.686874389648438,-55.98271179199219,-37.620582580566406,-16.477508544921875,-10.191595077514648,-3.9852161407470703,-11.9136962890625,21.57404136657715,6.091350555419922,-3.310943603515625,14.970568656921387,-5.243236541748047,29.022705078125,-46.41624450683594,-33.63727951049805,-15.0042724609375,-13.492362976074219,-6.4294281005859375,-15.958084106445312,17.189598083496094,3.7535247802734375,-6.8727874755859375,14.413230895996094,-5.137407302856445,32.84100341796875,-38.55621337890625,-23.892192840576172,-13.93756103515625,-14.091320037841797,-3.9989089965820312,-12.584121704101562,10.977216720581055,3.1127891540527344,-6.8612518310546875,13.123703002929688
329840,1972-09-19 20:13:07,1.924372673034668,-17.340438842773438,-40.2014274597168,-17.877201080322266,-13.074012756347656,-20.13677215576172,-19.746429443359375,-5.3898773193359375,-1.7871246337890625,-9.065845489501953,-2.507080078125,-63.900245666503906,-5.654275894165039,-37.25267791748047,-1.7050495147705078,3.340456008911133,-3.4827651977539062,20.663854598999023,3.363220691680908,6.4823150634765625,13.102142333984375,-16.755069732666016,-1.2855682373046875,-58.90106964111328,0.2721443176269531,-42.14967346191406,-3.743783950805664,6.500675201416016,-4.730743408203125,23.63511085510254,3.7176122665405273,6.7577056884765625,14.584152221679688,-22.792940139770508,-0.22869873046875,-50.04704284667969,1.9055709838867188,-38.77030944824219,-5.645412445068359,9.634016036987305,-5.9737396240234375,21.516983032226562,5.389177322387695,5.6815948486328125,14.41324234008789,-27.120779037475586,2.6019439697265625,-43.002323150634766,4.286407470703125,-29.382232666015625,-9.053688049316406,8.375370025634766,-5.55902099609375,13.921253204345703,5.438728332519531,3.84844970703125,13.5870361328125
329852,1972-09-19 20:14:51,-12.3395357131958,-9.723579406738281,-40.911338806152344,-17.733379364013672,-9.836769104003906,-22.01769256591797,-18.83367347717285,-8.017250061035156,-1.7839584350585938,-19.476295471191406,11.548309326171875,-60.489898681640625,-1.3533878326416016,-36.11479187011719,-10.794914245605469,7.196174621582031,-7.763191223144531,18.39105987548828,4.718473434448242,3.6442794799804688,13.764205932617188,-26.28908348083496,10.277618408203125,-54.35968780517578,4.5776519775390625,-39.306922912597656,-14.989852905273438,11.011617660522461,-9.326118469238281,20.372161865234375,5.347145080566406,3.501678466796875,15.209571838378906,-30.80872917175293,8.185272216796875,-44.81182861328125,5.690162658691406,-35.48686218261719,-15.714447021484375,13.767879486083984,-8.8665771484375,17.980819702148438,6.849250793457031,3.2803802490234375,14.539321899414062,-34.17997360229492,8.50140380859375,-36.75543212890625,6.220466613769531,-25.285964965820312,-16.89923095703125,11.299381256103516,-7.051582336425781,10.837432861328125,7.093780517578125,1.6240386962890625,13.267959594726562
