327202,1972-09-19 13:02:05,-26.921798706054688,3.2494354248046875,-34.42683410644531,-13.006584167480469,1.9538421630859375,-26.88912582397461,1.850616455078125,0.630889892578125,-20.453441619873047,-31.78119659423828,30.689315795898438,-47.11515808105469,-6.018741607666016,-28.33563232421875,-24.155887603759766,10.886737823486328,-15.233230590820312,9.985530853271484,8.369985580444336,-3.051422119140625,12.067726135253906,-22.575441360473633,30.57122802734375,-48.0361328125,-11.733343124389648,-32.47163391113281,-24.466461181640625,7.760370254516602,-18.99725341796875,14.217533111572266,7.367493629455566,-4.1275482177734375,14.172801971435547,-12.370810508728027,28.146697998046875,-45.59609603881836,-13.239483833312988,-28.24853515625,-23.777618408203125,3.7117414474487305,-19.202560424804688,14.455608367919922,5.564482688903809,-4.607330322265625,14.726654052734375,-4.239713668823242,27.84002685546875,-42.40830612182617,-14.337373733520508,-20.487258911132812,-18.394824981689453,-0.24763011932373047,-13.257522583007812,10.909965515136719,3.931199550628662,-4.5467987060546875,13.887771606445312
327210,1972-09-19 13:03:15,-25.624324798583984,0.39385986328125,-35.54979705810547,-6.163017272949219,-2.6916351318359375,-29.16823959350586,4.63616943359375,-3.6014556884765625,-19.690135955810547,-30.457094192504883,27.431915283203125,-49.91565704345703,-10.493972778320312,-31.414947509765625,-18.04489517211914,9.602645874023438,-14.204559326171875,12.502105712890625,8.571321487426758,-1.841949462890625,12.171180725097656,-21.431438446044922,25.867050170898438,-51.21826171875,-17.0393123626709,-34.68168640136719,-17.248994827270508,6.603351593017578,-16.653244018554688,17.38741111755371,7.802427291870117,-2.2782363891601562,14.356765747070312,-11.502816200256348,22.411178588867188,-48.88456344604492,-18.90290069580078,-26.998916625976562,-21.2691593170166,0.7487945556640625,-18.581497192382812,15.673139572143555,5.385775566101074,-4.082275390625,14.946365356445312,-3.2918224334716797,21.435134887695312,-46.056556701660156,-18.019554138183594,-19.140975952148438,-16.509904861450195,-2.4529736042022705,-12.207061767578125,11.824605941772461,3.4591917991638184,-3.8630218505859375,14.216495513916016
327217,1972-09-19 13:04:16,-25.545982360839844,-2.878509521484375,-35.49177169799805,-4.556468963623047,-5.282005310058594,-29.10932731628418,4.918376922607422,-4.923347473144531,-19.33226203918457,-31.0181941986084,23.675033569335938,-51.4692268371582,-9.772575378417969,-32.93144226074219,-15.577459335327148,9.802570343017578,-12.900146484375,13.703248977661133,8.508611679077148,-0.6793975830078125,12.33449935913086,-21.974720001220703,22.159423828125,-52.704776763916016,-16.263118743896484,-36.41181945800781,-14.155380249023438,7.205968856811523,-14.792999267578125,18.774940490722656,7.94915771484375,-0.7936248779296875,14.434886932373047,-11.988836288452148,19.007186889648438,-50.192344665527344,-18.86064338684082,-26.471221923828125,-21.95880126953125,-0.22400665283203125,-18.9434814453125,15.25039291381836,4.947293281555176,-4.22369384765625,15.058221817016602,-3.755298614501953,18.336593627929688,-47.341033935546875,-17.44744110107422,-18.812332153320312,-17.474000930786133,-3.4761037826538086,-12.30853271484375,11.457210540771484,2.6739025115966797,-3.8304901123046875,14.39358901977539
327225,1972-09-19 13:05:25,-25.201866149902344,-4.504608154296875,-35.56857681274414,-2.7332191467285156,-6.547355651855469,-29.08049964904785,5.826080322265625,-5.480010986328125,-18.92597007751465,-30.583646774291992,21.351882934570312,-52.73001480102539,-8.515090942382812,-33.82185363769531,-14.360180854797363,9.685989379882812,-11.936447143554688,14.628260612487793,8.12234115600586,0.1262054443359375,12.609899520874023,-21.490093231201172,19.990951538085938,-53.76112747192383,-15.072776794433594,-37.39964294433594,-12.836013793945312,7.336994171142578,-13.662208557128906,19.56450843811035,7.738117218017578,0.10202789306640625,14.570383071899414,-11.487099647521973,17.1343994140625,-50.97779083251953,-18.043039321899414,-25.7220458984375,-23.48326873779297,-1.3083629608154297,-19.775131225585938,14.096539497375488,4.145356178283691,-5.035675048828125,15.050692558288574,-3.2933921813964844,16.7310791015625,-47.96593475341797,-16.27313232421875,-18.432296752929688,-18.949764251708984,-4.49940299987793,-12.750885009765625,10.584007263183594,1.551443338394165,-4.34112548828125,14.413376808166504
327230,1972-09-19 13:06:08,-24.559568405151367,-4.3712310791015625,-36.03150177001953,-2.079265594482422,-6.802497863769531,-29.0760498046875,5.98895263671875,-5.750846862792969,-18.7943172454834,-29.80998992919922,21.112350463867188,-53.26677703857422,-8.826702117919922,-33.88018798828125,-14.030769348144531,9.3267822265625,-11.853889465332031,14.925806045532227,7.957796096801758,0.20783233642578125,12.713306427001953,-20.72689437866211,19.615798950195312,-54.19721221923828,-15.439411163330078,-37.37821960449219,-12.457088470458984,7.002021789550781,-13.439559936523438,19.83953285217285,7.612873077392578,0.24249267578125,14.63455581665039,-10.78947925567627,16.658584594726562,-51.28699493408203,-18.192541122436523,-24.26446533203125,-24.877822875976562,-2.660369873046875,-20.52684783935547,12.769136428833008,3.383821487426758,-6.0729522705078125,14.857132911682129,-2.6296825408935547,16.181503295898438,-48.194923400878906,-15.992530822753906,-17.185089111328125,-20.311805725097656,-5.491938591003418,-13.228256225585938,9.471151351928711,0.670814037322998,-5.2202606201171875,14.187906265258789
327235,1972-09-19 13:06:51,-23.662689208984375,-4.5575714111328125,-36.604026794433594,-1.95977783203125,-6.994712829589844,-29.038719177246094,5.8510589599609375,-5.953041076660156,-18.774784088134766,-29.08423614501953,20.495376586914062,-53.90513610839844,-8.875606536865234,-33.94744873046875,-13.836000442504883,8.93679428100586,-11.736564636230469,15.253524780273438,7.711774826049805,0.3506622314453125,12.86092758178711,-19.997705459594727,18.9461669921875,-54.707000732421875,-15.64937973022461,-37.2353515625,-12.621831893920898,6.568202972412109,-13.450981140136719,19.97966766357422,7.414228439331055,0.30066680908203125,14.735116958618164,-10.108802795410156,15.9864501953125,-51.63837814331055,-17.957592010498047,-22.9981689453125,-26.215404510498047,-3.8094539642333984,-21.161056518554688,11.365640640258789,2.602935791015625,-7.040718078613281,14.58486557006836,-1.9882469177246094,15.516952514648438,-48.44355392456055,-15.508146286010742,-16.079910278320312,-21.55438995361328,-6.25648307800293,-13.688705444335938,8.265985488891602,-0.14711356163024902,-6.11590576171875,13.840950012207031
327241,1972-09-19 13:07:43,-22.834487915039062,-4.936347961425781,-37.077857971191406,-2.5736656188964844,-6.931251525878906,-29.005996704101562,5.481391906738281,-5.9500732421875,-18.886953353881836,-28.357452392578125,20.261138916015625,-54.37883758544922,-8.736099243164062,-33.83586120605469,-14.193501472473145,8.457321166992188,-11.719795227050781,15.537163734436035,7.347806930541992,0.47137451171875,13.068489074707031,-19.258005142211914,18.724639892578125,-55.047607421875,-15.665842056274414,-36.941619873046875,-13.438172340393066,6.165065765380859,-13.655105590820312,19.969650268554688,7.192405700683594,0.30150604248046875,14.844636917114258,-9.40833854675293,15.792266845703125,-51.83014678955078,-17.533794403076172,-21.45330810546875,-27.76616668701172,-4.753719329833984,-21.861801147460938,9.53647518157959,1.8574352264404297,-8.203323364257812,14.082636833190918,-1.3327274322509766,15.347503662109375,-48.51993942260742,-14.959095001220703,-14.662506103515625,-22.91057014465332,-6.814645767211914,-14.246139526367188,6.742325782775879,-0.8625826835632324,-7.262451171875,13.248042106628418
327247,1972-09-19 13:08:35,-22.64826011657715,-6.011207580566406,-37.03337860107422,-3.139911651611328,-7.42620849609375,-28.82717514038086,5.563606262207031,-6.2742767333984375,-18.757553100585938,-28.385730743408203,19.046188354492188,-54.801551818847656,-8.323955535888672,-34.143707275390625,-13.695237159729004,8.144962310791016,-11.060447692871094,16.174339294433594,6.9920654296875,1.1373748779296875,13.22177505493164,-19.27244758605957,17.572341918945312,-55.42117691040039,-15.461881637573242,-37.11311340332031,-13.19971752166748,6.227300643920898,-13.192520141601562,20.259197235107422,7.174589157104492,0.8213653564453125,14.833593368530273,-9.407302856445312,14.779022216796875,-52.1282958984375,-17.247507095336914,-20.518630981445312,-28.638212203979492,-5.298525810241699,-22.262451171875,8.233441352844238,1.4035720825195312,-8.956222534179688,13.670456886291504,-1.3366146087646484,14.460006713867188,-48.791683197021484,-14.536212921142578,-13.778961181640625,-23.717016220092773,-7.141545295715332,-14.580352783203125,5.591278076171875,-1.360084056854248,-8.062484741210938,12.733592987060547
327254,1972-09-19 13:09:36,-21.974998474121094,-6.333259582519531,-37.3836669921875,-2.9860382080078125,-7.704864501953125,-28.77033805847168,6.084617614746094,-6.5785980224609375,-18.489608764648438,-27.21768569946289,18.667449951171875,-55.51972961425781,-8.380355834960938,-34.131195068359375,-13.692054748535156,7.41583251953125,-10.713417053222656,16.74846839904785,6.495248794555664,1.5629501342773438,13.430072784423828,-18.108909606933594,17.103363037109375,-55.95769500732422,-15.71048355102539,-36.88465881347656,-13.542104721069336,5.729442596435547,-12.935981750488281,20.569175720214844,6.935253143310547,1.1818466186523438,14.922813415527344,-8.331024169921875,14.258453369140625,-52.45538330078125,-16.748680114746094,-19.627578735351562,-29.544517517089844,-6.153536796569824,-22.398101806640625,7.206896781921387,0.66717529296875,-9.473907470703125,13.37405014038086,-0.32489967346191406,13.904449462890625,-48.970062255859375,-14.063096046447754,-12.617752075195312,-24.630863189697266,-7.688058376312256,-14.724777221679688,4.350356101989746,-2.0952062606811523,-8.816390991210938,12.119370460510254
327261,1972-09-19 13:10:37,-21.63373565673828,-6.756187438964844,-37.50845718383789,-3.22857666015625,-7.688713073730469,-28.748458862304688,6.190670013427734,-6.497413635253906,-18.483108520507812,-26.62337303161621,18.400726318359375,-55.89567184448242,-8.139659881591797,-33.53306579589844,-15.228891372680664,6.6564788818359375,-11.178657531738281,16.763416290283203,5.9449920654296875,1.4949111938476562,13.690150260925293,-17.489852905273438,16.9534912109375,-56.19969177246094,-15.362876892089844,-36.46185302734375,-15.006685256958008,5.336889266967773,-13.273643493652344,20.459354400634766,6.650951385498047,1.2373123168945312,15.047218322753906,-7.729727745056152,14.228286743164062,-52.55553436279297,-15.966853141784668,-19.433761596679688,-30.100278854370117,-6.171867370605469,-22.579635620117188,6.599123001098633,0.402435302734375,-9.767677307128906,13.171785354614258,0.2274341583251953,13.971237182617188,-48.951602935791016,-13.57903003692627,-12.321060180664062,-25.049131393432617,-7.624821662902832,-14.913352966308594,3.782219886779785,-2.256502151489258,-9.198806762695312,11.80202865600586
327268,1972-09-19 13:11:38,-21.333879470825195,-7.176719665527344,-37.60198974609375,-3.2181968688964844,-7.938323974609375,-28.68170166015625,6.482147216796875,-6.6811065673828125,-18.31694793701172,-26.302692413330078,17.496551513671875,-56.336097717285156,-8.268375396728516,-32.90739440917969,-16.47353744506836,5.9138946533203125,-11.959243774414062,16.501075744628906,5.564445495605469,1.0612411499023438,13.889156341552734,-17.158538818359375,16.101470947265625,-56.55128860473633,-15.571060180664062,-35.58839416503906,-16.78371238708496,4.505228042602539,-14.358551025390625,19.919647216796875,6.314517974853516,0.6477890014648438,15.228005409240723,-7.410501480102539,13.484603881835938,-52.79703140258789,-15.510176658630371,-19.581314086914062,-30.243093490600586,-6.299012184143066,-22.62548828125,6.3158721923828125,0.14269638061523438,-9.911422729492188,13.069378852844238,0.5200786590576172,13.32403564453125,-49.129486083984375,-13.379301071166992,-12.411895751953125,-25.11168670654297,-7.608947277069092,-14.975090026855469,3.563936233520508,-2.3730549812316895,-9.349678039550781,11.659751892089844
327275,1972-09-19 13:12:38,-21.15521812438965,-7.2712554931640625,-37.68467712402344,-3.5827064514160156,-7.886604309082031,-28.652738571166992,6.694950103759766,-6.7103118896484375,-18.229524612426758,-26.079559326171875,17.129653930664062,-56.55217742919922,-8.339794158935547,-32.261566162109375,-17.671430587768555,5.287818908691406,-13.000251770019531,15.915895462036133,5.280651092529297,0.197021484375,14.038298606872559,-16.927709579467773,15.77825927734375,-56.71173095703125,-15.730297088623047,-34.66535949707031,-18.48124122619629,3.672361373901367,-15.767967224121094,19.003742218017578,5.964025497436523,-0.45084381103515625,15.375697135925293,-7.187715530395508,13.224822998046875,-52.893455505371094,-15.092613220214844,-19.402130126953125,-30.568098068237305,-6.456376075744629,-22.719276428222656,5.79913330078125,-0.12729740142822266,-10.183494567871094,12.858674049377441,0.7234268188476562,13.118423461914062,-49.182212829589844,-13.127936363220215,-12.14984130859375,-25.371173858642578,-7.668420314788818,-15.052986145019531,3.0747251510620117,-2.589069366455078,-9.667221069335938,11.350741386413574
327283,1972-09-19 13:13:48,-20.99517250061035,-7.644439697265625,-37.70032501220703,-3.847484588623047,-8.049583435058594,-28.572975158691406,5.863365173339844,-6.7713470458984375,-18.49150848388672,-25.957921981811523,16.809158325195312,-56.704105377197266,-8.487747192382812,-31.816986083984375,-18.3923282623291,4.7302398681640625,-13.9320068359375,15.290760040283203,5.059150695800781,-0.7490997314453125,14.101126670837402,-16.805927276611328,15.455825805664062,-56.836605072021484,-15.969110488891602,-33.972625732421875,-19.53287124633789,2.904306411743164,-16.95862579345703,18.08942413330078,5.634098052978516,-1.5945510864257812,15.423983573913574,-7.074340343475342,12.92315673828125,-52.98323059082031,-14.983577728271484,-19.167129516601562,-30.769344329833984,-6.715629577636719,-22.805747985839844,5.126237869262695,-0.43201446533203125,-10.612449645996094,12.50018310546875,0.8289337158203125,12.837051391601562,-49.25474166870117,-13.208342552185059,-11.788177490234375,-25.499731063842773,-7.7624359130859375,-15.109329223632812,2.5107173919677734,-2.7878100872039795,-10.107200622558594,10.911941528320312
327291,1972-09-19 13:14:57,-20.86418342590332,-7.6571502685546875,-37.7703971862793,-4.738491058349609,-7.881568908691406,-28.485809326171875,3.833423614501953,-6.618446350097656,-19.070058822631836,-25.331707000732422,17.098526000976562,-56.90045928955078,-8.731586456298828,-31.115325927734375,-19.448284149169922,4.018512725830078,-14.840248107910156,14.625385284423828,4.730743408203125,-1.64886474609375,14.138572692871094,-16.189281463623047,15.676849365234375,-56.95493698120117,-16.256868362426758,-32.966339111328125,-20.967117309570312,1.8684444427490234,-18.142173767089844,17.04781150817871,5.134355545043945,-2.7841339111328125,15.429576873779297,-6.5111846923828125,13.064804077148438,-53.02067184448242,-14.720601081848145,-18.025177001953125,-31.575862884521484,-7.297532081604004,-22.897117614746094,3.734752655029297,-1.0073604583740234,-11.312347412109375,11.835597038269043,1.3581256866455078,12.9132080078125,-49.22307586669922,-13.272722244262695,-11.241226196289062,-25.712404251098633,-7.933356761932373,-15.104568481445312,1.9402446746826172,-3.0396568775177,-10.497856140136719,10.46677017211914
327298,1972-09-19 13:15:58,-20.627574920654297,-6.263145446777344,-38.155277252197266,-4.596412658691406,-7.018157958984375,-28.733816146850586,3.427154541015625,-6.09075927734375,-19.321577072143555,-24.0737247467041,19.076873779296875,-56.81764602661133,-9.314208984375,-29.009811401367188,-22.233230590820312,2.8938331604003906,-16.5782470703125,12.925582885742188,4.231254577636719,-3.36798095703125,13.991108894348145,-14.956491470336914,17.501815795898438,-56.7601203918457,-16.722549438476562,-30.56781005859375,-24.0135555267334,0.36002349853515625,-19.930755615234375,15.029715538024902,4.3997955322265625,-4.591041564941406,15.223304748535156,-5.3912835121154785,14.618820190429688,-52.73993682861328,-14.463556289672852,-16.4742431640625,-32.52757263183594,-7.890807151794434,-22.887229919433594,2.3217029571533203,-1.5803775787353516,-11.959922790527344,11.114311218261719,2.408712387084961,14.229507446289062,-48.818294525146484,-13.06835651397705,-10.337493896484375,-26.191831588745117,-8.229263305664062,-15.015213012695312,1.2936649322509766,-3.451305627822876,-10.820075988769531,10.000608444213867
327305,1972-09-19 13:16:58,-20.445133209228516,-5.636436462402344,-38.3506965637207,-4.513607025146484,-6.707939147949219,-28.82090950012207,3.577564239501953,-6.0015869140625,-19.322216033935547,-23.39063262939453,19.94415283203125,-56.805152893066406,-9.925712585449219,-27.54901123046875,-23.773351669311523,2.1699485778808594,-17.524505615234375,11.767168045043945,3.963470458984375,-4.385841369628906,13.785979270935059,-14.299904823303223,18.224838256835938,-56.70175552368164,-17.22075653076172,-28.890640258789062,-25.679994583129883,-0.6395320892333984,-20.841346740722656,13.729034423828125,3.9554443359375,-5.6174468994140625,14.999454498291016,-4.808310508728027,15.156539916992188,-52.64442825317383,-14.660167694091797,-16.061614990234375,-32.645713806152344,-8.3203763961792,-22.78809356689453,1.7187385559082031,-1.9635400772094727,-12.306427001953125,10.665918350219727,2.9582386016845703,14.610244750976562,-48.675418853759766,-13.081791877746582,-10.07568359375,-26.286975860595703,-8.536322593688965,-14.872932434082031,0.8821582794189453,-3.9078710079193115,-11.035018920898438,9.589298248291016
327312,1972-09-19 13:17:59,-20.063262939453125,-5.5761260986328125,-38.56061935424805,-4.4604034423828125,-6.775825500488281,-28.81330680847168,3.8291244506835938,-6.202995300292969,-19.210071563720703,-22.651460647583008,20.045501708984375,-57.06843185424805,-10.432231903076172,-26.631546020507812,-24.587993621826172,1.5174636840820312,-18.02642822265625,11.091814994812012,3.698802947998047,-4.9660491943359375,13.662178039550781,-13.592230796813965,18.172714233398438,-56.8922233581543,-17.63201141357422,-27.907028198242188,-26.4763240814209,-1.4426746368408203,-21.207679748535156,13.092361450195312,3.5925674438476562,-6.103431701660156,14.900552749633789,-4.182708740234375,14.964691162109375,-52.752628326416016,-14.781011581420898,-16.052932739257812,-32.5954475402832,-8.766996383666992,-22.634429931640625,1.5175819396972656,-2.3532562255859375,-12.404792785644531,10.47132396697998,3.5455665588378906,14.307113647460938,-48.7261962890625,-12.972249031066895,-10.153732299804688,-26.311222076416016,-8.86097526550293,-14.688926696777344,0.7544593811035156,-4.3651299476623535,-10.991104125976562,9.441350936889648
327316,1972-09-19 13:18:51,-19.806215286254883,-6.0281829833984375,-38.62542724609375,-4.480510711669922,-7.1537017822265625,-28.71869468688965,4.058864593505859,-6.575233459472656,-19.038328170776367,-22.30136489868164,19.447128295898438,-57.41231918334961,-10.753467559814453,-26.595993041992188,-24.48788070678711,1.2396469116210938,-18.034561157226562,11.113100051879883,3.6092910766601562,-4.977531433105469,13.681926727294922,-13.263406753540039,17.479324340820312,-57.18633270263672,-17.919940948486328,-27.8939208984375,-26.29621124267578,-1.7549800872802734,-21.09796142578125,13.23076057434082,3.481637954711914,-6.025360107421875,14.958547592163086,-3.8987789154052734,14.231048583984375,-52.97691345214844,-14.90058422088623,-16.427810668945312,-32.353336334228516,-9.014778137207031,-22.514068603515625,1.8249988555908203,-2.5214405059814453,-12.240715026855469,10.624141693115234,3.8126258850097656,13.549285888671875,-48.92225646972656,-12.851037979125977,-10.304855346679688,-26.31195068359375,-9.098840713500977,-14.5462646484375,0.6841831207275391,-4.703987121582031,-10.907066345214844,9.375832557678223
327321,1972-09-19 13:19:34,-19.559425354003906,-6.4746246337890625,-38.67890167236328,-4.4379425048828125,-7.500648498535156,-28.636667251586914,4.164028167724609,-6.866035461425781,-18.912551879882812,-22.00071144104004,18.861663818359375,-57.72281265258789,-10.905166625976562,-26.703125,-24.30352020263672,1.0643501281738281,-17.96697998046875,11.240012168884277,3.538097381591797,-4.8959503173828125,13.729874610900879,-12.976987838745117,16.836074829101562,-57.4444580078125,-18.035873413085938,-28.0123291015625,-26.090267181396484,-1.9728832244873047,-20.955108642578125,13.425658226013184,3.3815765380859375,-5.893798828125,15.033729553222656,-3.6469554901123047,13.578872680664062,-53.165687561035156,-14.903229713439941,-16.715652465820312,-32.20433044433594,-9.183390617370605,-22.426864624023438,2.0449466705322266,-2.6518449783325195,-12.103691101074219,10.74865436553955,4.047733306884766,12.897064208984375,-49.07940673828125,-12.705926895141602,-10.323638916015625,-26.374980926513672,-9.25716781616211,-14.451850891113281,0.5474872589111328,-4.950252056121826,-10.879707336425781,9.280343055725098
327333,1972-09-19 13:21:18,-18.99392318725586,-7.167182922363281,-38.8382682800293,-4.551677703857422,-7.789764404296875,-28.541471481323242,4.929286956787109,-7.195121765136719,-18.603721618652344,-21.964452743530273,18.126907348632812,-57.97149658203125,-10.830913543701172,-26.9583740234375,-24.053638458251953,1.1142425537109375,-17.84435272216797,11.428937911987305,3.5543270111083984,-4.721885681152344,13.786531448364258,-12.935646057128906,16.129608154296875,-57.65610122680664,-17.89800262451172,-28.339431762695312,-25.830659866333008,-1.947824478149414,-20.787322998046875,13.68760871887207,3.369720458984375,-5.671653747558594,15.121580123901367,-3.603243827819824,12.9482421875,-53.32575988769531,-14.735163688659668,-17.164443969726562,-32.04520797729492,-9.152647018432617,-22.41919708251953,2.2558822631835938,-2.6885433197021484,-11.995826721191406,10.859890937805176,4.087057113647461,12.335342407226562,-49.22034454345703,-12.673627853393555,-10.46612548828125,-26.334339141845703,-9.224166870117188,-14.473411560058594,0.5345973968505859,-4.951100826263428,-10.892791748046875,9.264533996582031
327339,1972-09-19 13:22:11,-18.89563751220703,-7.285133361816406,-38.8642578125,-4.628501892089844,-7.7938690185546875,-28.527992248535156,5.412691116333008,-7.263175964355469,-18.442211151123047,-21.97351837158203,18.026580810546875,-57.99934387207031,-10.718036651611328,-27.00543212890625,-24.051406860351562,1.1624946594238281,-17.81993865966797,11.462186813354492,3.557159423828125,-4.675392150878906,13.80163860321045,-12.938701629638672,16.058029174804688,-57.675392150878906,-17.771385192871094,-28.402069091796875,-25.849279403686523,-1.899435043334961,-20.77275848388672,13.71648120880127,3.371734619140625,-5.626197814941406,15.138105392456055,-3.599879264831543,12.908523559570312,-53.33561325073242,-14.579540252685547,-17.13861083984375,-32.130104064941406,-9.120725631713867,-22.44286346435547,2.1472206115722656,-2.7122249603271484,-12.033775329589844,10.811907768249512,4.088905334472656,12.3221435546875,-49.22349548339844,-12.658319473266602,-10.38250732421875,-26.37476921081543,-9.178714752197266,-14.505744934082031,0.43053627014160156,-4.923898696899414,-10.975105285644531,9.18150806427002
327346,1972-09-19 13:23:11,-18.60372543334961,-6.1524658203125,-39.199462890625,-4.440120697021484,-7.02093505859375,-28.757705688476562,5.652507781982422,-6.8424224853515625,-18.530960083007812,-21.278169631958008,19.663406372070312,-57.72613525390625,-10.716827392578125,-26.104110717773438,-25.027294158935547,0.9173126220703125,-18.193702697753906,10.88259506225586,3.4037818908691406,-5.1138458251953125,13.684325218200684,-12.259954452514648,17.626419067382812,-57.364830017089844,-17.682199478149414,-27.281280517578125,-27.087949752807617,-2.3082199096679688,-21.22972869873047,12.931656837463379,3.1169395446777344,-6.1492919921875,14.988521575927734,-2.985358238220215,14.303314208984375,-53.01678466796875,-14.047739028930664,-15.400619506835938,-33.228309631347656,-9.441413879394531,-22.397735595703125,0.8254604339599609,-3.0717687606811523,-12.461326599121094,10.214935302734375,4.658172607421875,13.55938720703125,-48.84619903564453,-12.454854965209961,-9.548995971679688,-26.78341293334961,-9.273868560791016,-14.451438903808594,-0.04523658752441406,-5.069188117980957,-11.175468444824219,8.854941368103027
327352,1972-09-19 13:24:03,-18.574703216552734,-5.498237609863281,-39.31028747558594,-4.37542724609375,-6.6265869140625,-28.861007690429688,5.832069396972656,-6.672843933105469,-18.537158966064453,-20.913549423217773,20.564193725585938,-57.54523468017578,-10.937517166137695,-25.356903076171875,-25.69121551513672,0.7379188537597656,-18.47412109375,10.413715362548828,3.3571548461914062,-5.436920166015625,13.57082748413086,-11.9114990234375,18.458236694335938,-57.17631530761719,-17.721641540527344,-26.472991943359375,-27.853351593017578,-2.6757030487060547,-21.496131896972656,12.410238265991211,2.9195613861083984,-6.484260559082031,14.88675308227539,-2.677701950073242,15.012603759765625,-52.83681106567383,-13.811400413513184,-14.10858154296875,-33.89441680908203,-9.681357383728027,-22.310203552246094,0.08116722106933594,-3.2436342239379883,-12.639122009277344,9.939659118652344,4.944091796875,14.15985107421875,-48.647315979003906,-12.291685104370117,-8.978561401367188,-27.054718017578125,-9.386366844177246,-14.376113891601562,-0.2726707458496094,-5.171207427978516,-11.205680847167969,8.757238388061523
327358,1972-09-19 13:24:55,-18.623004913330078,-5.320655822753906,-39.311866760253906,-4.317592620849609,-6.553436279296875,-28.886409759521484,6.248481750488281,-6.7108917236328125,-18.387128829956055,-20.80453872680664,20.805068969726562,-57.498146057128906,-11.033843994140625,-25.0677490234375,-25.932653427124023,0.6513175964355469,-18.57213592529297,10.24374771118164,3.332927703857422,-5.545051574707031,13.532995223999023,-11.808978080749512,18.671737670898438,-57.12823486328125,-17.708276748657227,-26.215728759765625,-28.104053497314453,-2.8425254821777344,-21.55108642578125,12.277127265930176,2.8243141174316406,-6.554237365722656,14.874479293823242,-2.5889549255371094,15.185638427734375,-52.79176330566406,-13.7853364944458,-13.7855224609375,-34.037654876708984,-9.755398750305176,-22.277992248535156,-0.06044578552246094,-3.2802162170410156,-12.661056518554688,9.899658203125,5.026752471923828,14.297576904296875,-48.598541259765625,-12.158101081848145,-8.762191772460938,-27.185705184936523,-9.442692756652832,-14.337982177734375,-0.32973480224609375,-5.217058181762695,-11.168777465820312,8.777152061462402
327365,1972-09-19 13:25:56,-18.49106788635254,-5.47796630859375,-39.35252380371094,-4.192832946777344,-6.6668548583984375,-28.878833770751953,7.336139678955078,-6.93548583984375,-17.895423889160156,-20.81021499633789,20.647857666015625,-57.55274200439453,-11.008590698242188,-25.100738525390625,-25.911476135253906,0.6334342956542969,-18.543228149414062,10.297106742858887,3.3172225952148438,-5.4901885986328125,13.559196472167969,-11.814169883728027,18.51751708984375,-57.17734146118164,-17.631542205810547,-26.267868041992188,-28.103618621826172,-2.895872116088867,-21.502059936523438,12.350412368774414,2.7799510955810547,-6.4796142578125,14.915473937988281,-2.5932912826538086,15.04498291015625,-52.83180618286133,-13.812896728515625,-13.926361083984375,-33.96908950805664,-9.741387367248535,-22.28417205810547,0.03231048583984375,-3.2658281326293945,-12.630836486816406,9.942916870117188,5.0226898193359375,14.16973876953125,-48.636383056640625,-12.10421371459961,-8.834823608398438,-27.186243057250977,-9.445124626159668,-14.337547302246094,-0.27452659606933594,-5.218487739562988,-11.11810302734375,8.840411186218262
327371,1972-09-19 13:26:48,-18.325027465820312,-5.611000061035156,-39.411415100097656,-4.176074981689453,-6.701759338378906,-28.873180389404297,8.147586822509766,-7.051994323730469,-17.494352340698242,-20.867708206176758,20.489898681640625,-57.5883674621582,-10.909791946411133,-25.163848876953125,-25.892032623291016,0.6721916198730469,-18.511390686035156,10.351810455322266,3.3181381225585938,-5.427238464355469,13.58428955078125,-11.86547565460205,18.386581420898438,-57.208961486816406,-17.471996307373047,-26.40673828125,-28.073097229003906,-2.8556594848632812,-21.422943115234375,12.496383666992188,2.775838851928711,-6.3360748291015625,14.977775573730469,-2.634676933288574,14.94842529296875,-52.85716247558594,-13.89224624633789,-14.240203857421875,-33.806217193603516,-9.631690979003906,-22.330467224121094,0.24686050415039062,-3.170792579650879,-12.584815979003906,10.031644821166992,4.983621597290039,14.102569580078125,-48.65991973876953,-12.074617385864258,-8.99835205078125,-27.145740509033203,-9.399114608764648,-14.369270324707031,-0.17791748046875,-5.173065185546875,-11.077476501464844,8.917769432067871
327375,1972-09-19 13:27:23,-18.179197311401367,-5.8602752685546875,-39.44265365600586,-4.2053985595703125,-6.7906036376953125,-28.848155975341797,8.521265029907227,-7.112052917480469,-17.29083251953125,-20.97835922241211,20.2021484375,-57.6497917175293,-10.722362518310547,-25.34149169921875,-25.79690170288086,0.7329216003417969,-18.42633056640625,10.498381614685059,3.308643341064453,-5.289634704589844,13.640769958496094,-11.966073989868164,18.143203735351562,-57.265682220458984,-17.260700225830078,-26.686874389648438,-27.938581466674805,-2.7567081451416016,-21.29723358154297,12.731278419494629,2.7915382385253906,-6.1291961669921875,15.060715675354004,-2.717951774597168,14.763458251953125,-52.9049072265625,-13.893484115600586,-14.555374145507812,-33.67121124267578,-9.492696762084961,-22.38646697998047,0.4638023376464844,-3.0635690689086914,-12.522193908691406,10.142711639404297,4.905239105224609,13.9677734375,-48.70674133300781,-12.043681144714355,-9.257080078125,-27.072383880615234,-9.321216583251953,-14.421012878417969,-0.015745162963867188,-5.0885772705078125,-11.011314392089844,9.047385215759277
327383,1972-09-19 13:28:32,-17.69011878967285,-6.454864501953125,-39.57200622558594,-4.3613739013671875,-6.984222412109375,-28.7786865234375,8.763965606689453,-7.215179443359375,-17.12601089477539,-21.118160247802734,19.576736450195312,-57.81428527832031,-10.327812194824219,-25.87994384765625,-25.420564651489258,0.8020477294921875,-18.147171020507812,10.969057083129883,3.244495391845703,-4.9002685546875,13.800671577453613,-12.091883659362793,17.583251953125,-57.413734436035156,-16.94808578491211,-27.3704833984375,-27.464597702026367,-2.5222816467285156,-20.94599151611328,13.347694396972656,2.8676586151123047,-5.622810363769531,15.242881774902344,-2.8206005096435547,14.303756713867188,-53.02568435668945,-13.977531433105469,-15.501144409179688,-33.21116256713867,-9.218960762023926,-22.472549438476562,1.214813232421875,-2.8251686096191406,-12.263511657714844,10.520934104919434,4.8079681396484375,13.595596313476562,-48.82161331176758,-12.028406143188477,-9.786117553710938,-26.892515182495117,-9.197725296020508,-14.496467590332031,0.3238525390625,-4.946159362792969,-10.861167907714844,9.30420970916748
327390,1972-09-19 13:29:33,-17.497676849365234,-6.92303466796875,-39.57843017578125,-4.6278228759765625,-7.1457061767578125,-28.697317123413086,8.75501823425293,-7.2940521240234375,-17.097148895263672,-21.327552795410156,19.034744262695312,-57.918312072753906,-9.99639892578125,-26.691253662109375,-24.704038619995117,0.9603958129882812,-17.70909881591797,11.651123046875,3.242725372314453,-4.372802734375,13.977167129516602,-12.29017162322998,17.091766357421875,-57.51995086669922,-16.80081558227539,-28.321380615234375,-26.57663345336914,-2.147909164428711,-20.49017333984375,14.099517822265625,3.0352821350097656,-5.096580505371094,15.394699096679688,-2.993661880493164,13.893814086914062,-53.12510681152344,-14.084572792053223,-16.220550537109375,-32.820072174072266,-8.995784759521484,-22.519027709960938,1.8572444915771484,-2.6058826446533203,-12.019783020019531,10.853550910949707,4.646266937255859,13.257049560546875,-48.93025207519531,-12.12732219696045,-10.12200927734375,-26.723224639892578,-9.082114219665527,-14.560142517089844,0.6070518493652344,-4.7657060623168945,-10.754722595214844,9.519545555114746
327404,1972-09-19 13:31:34,-17.19484519958496,-7.517974853515625,-39.602603912353516,-4.944988250732422,-7.448738098144531,-28.567066192626953,9.199462890625,-7.640617370605469,-16.707988739013672,-21.31737518310547,18.400955200195312,-58.12651062011719,-10.099445343017578,-27.073822021484375,-24.24149513244629,0.7953834533691406,-17.439476013183594,12.062952995300293,3.1620101928710938,-4.054931640625,14.091029167175293,-12.29328727722168,16.398635864257812,-57.72071838378906,-17.034900665283203,-28.642471313476562,-26.078861236572266,-2.2393054962158203,-20.21142578125,14.482419967651367,3.041797637939453,-4.824668884277344,15.480794906616211,-3.0103235244750977,13.193756103515625,-53.30234146118164,-14.321954727172852,-16.807785034179688,-32.41941833496094,-9.107259750366211,-22.422019958496094,2.4063949584960938,-2.620494842529297,-11.767913818359375,11.122710227966309,4.634012222290039,12.558990478515625,-49.115211486816406,-12.443005561828613,-10.43341064453125,-26.457008361816406,-9.133170127868652,-14.510551452636719,0.9380149841308594,-4.700928688049316,-10.584678649902344,9.739803314208984
327424,1972-09-19 13:34:28,-16.082796096801758,-7.893974304199219,-39.994720458984375,-5.730173110961914,-7.2470245361328125,-28.472084045410156,7.483640670776367,-7.604393005371094,-17.5594539642334,-20.958396911621094,18.254074096679688,-58.303096771240234,-10.07876205444336,-27.014450073242188,-24.316219329833984,0.44950103759765625,-17.32061004638672,12.250605583190918,2.9467506408691406,-3.8547744750976562,14.19349479675293,-11.953266143798828,16.17694091796875,-57.85453796386719,-17.083152770996094,-28.561508178710938,-26.136024475097656,-2.5171432495117188,-20.023582458496094,14.696165084838867,2.9221954345703125,-4.584259033203125,15.576593399047852,-2.7134037017822266,12.917770385742188,-53.38581848144531,-14.344605445861816,-17.225616455078125,-32.18926239013672,-9.242531776428223,-22.305625915527344,2.918041229248047,-2.68257999420166,-11.476921081542969,11.408305168151855,4.910734176635742,12.241287231445312,-49.16851043701172,-12.567882537841797,-10.298934936523438,-26.45067596435547,-9.227757453918457,-14.45037841796875,0.9412746429443359,-4.739206314086914,-10.55682373046875,9.751463890075684
327448,1972-09-19 13:38:13,-15.588113784790039,-8.265388488769531,-40.11537170410156,-6.834621429443359,-6.997062683105469,-28.290332794189453,5.316343307495117,-7.3092498779296875,-18.452030181884766,-21.03214454650879,18.175491333007812,-58.30108642578125,-9.924510955810547,-27.422256469726562,-23.919960021972656,0.4204864501953125,-17.20178985595703,12.417915344238281,2.8683700561523438,-3.8326034545898438,14.215536117553711,-12.02456283569336,16.107589721679688,-57.859107971191406,-16.87425994873047,-29.033584594726562,-25.74869728088379,-2.6130619049072266,-19.854324340820312,14.907548904418945,2.765493392944336,-4.5129241943359375,15.625955581665039,-2.7772397994995117,12.861892700195312,-53.39602279663086,-14.136889457702637,-17.48919677734375,-32.13899230957031,-9.256272315979004,-22.274620056152344,3.1052780151367188,-2.7410335540771484,-11.348342895507812,11.522465705871582,4.851596832275391,12.197052001953125,-49.18537139892578,-12.60123062133789,-10.133636474609375,-26.498607635498047,-9.212981224060059,-14.465934753417969,0.841827392578125,-4.709895610809326,-10.627388000488281,9.688823699951172
327460,1972-09-19 13:39:57,-15.25562572479248,-8.294303894042969,-40.237037658691406,-7.380426406860352,-6.758155822753906,-28.211177825927734,4.495582580566406,-7.157745361328125,-18.72758674621582,-20.96808433532715,18.13861083984375,-58.33564376831055,-9.895126342773438,-27.558029174804688,-23.775646209716797,0.3720970153808594,-17.211013793945312,12.406688690185547,2.8196468353271484,-3.918701171875,14.201804161071777,-11.962411880493164,16.064498901367188,-57.883968353271484,-16.80862808227539,-29.26177978515625,-25.53240203857422,-2.708850860595703,-19.820037841796875,14.936038970947266,2.652181625366211,-4.578193664550781,15.626611709594727,-2.721358299255371,12.816024780273438,-53.40992736816406,-13.784520149230957,-17.507293701171875,-32.281883239746094,-9.395722389221191,-22.237564086914062,2.948200225830078,-2.961088180541992,-11.356880187988281,11.459425926208496,4.903324127197266,12.149368286132812,-49.19204330444336,-12.536502838134766,-9.94586181640625,-26.600257873535156,-9.255785942077637,-14.449699401855469,0.6226081848144531,-4.808128833770752,-10.732833862304688,9.522911071777344
327486,1972-09-19 13:43:43,-14.911734580993652,-8.69482421875,-40.281375885009766,-7.517282485961914,-6.892982482910156,-28.142335891723633,5.047611236572266,-7.352806091308594,-18.510103225708008,-21.086030960083008,17.95635986328125,-58.349510192871094,-9.931640625,-27.57476806640625,-23.740989685058594,0.28725433349609375,-17.31024932861328,12.270133018493652,2.7689895629882812,-4.100761413574219,14.160308837890625,-12.080368041992188,15.879486083984375,-57.910518646240234,-16.8129940032959,-29.316314697265625,-25.46688461303711,-2.8467254638671875,-19.886390686035156,14.821767807006836,2.5422401428222656,-4.730216979980469,15.59958267211914,-2.8311538696289062,12.641372680664062,-53.44582748413086,-13.201665878295898,-17.5006103515625,-32.5281867980957,-9.626482963562012,-22.17839813232422,2.6324806213378906,-3.326246738433838,-11.386795043945312,11.328824996948242,4.802343368530273,11.985000610351562,-49.2422981262207,-12.350669860839844,-9.632919311523438,-26.801593780517578,-9.344390869140625,-14.403717041015625,0.2574481964111328,-4.995324611663818,-10.865371704101562,9.272985458374023
327540,1972-09-19 13:51:31,-11.591605186462402,-9.246871948242188,-41.239295959472656,-10.590452194213867,-5.280357360839844,-27.494979858398438,3.408540725708008,-6.972312927246094,-19.02458381652832,-20.455995559692383,17.89752197265625,-58.59136962890625,-10.009525299072266,-27.091522216796875,-24.258991241455078,-0.20920181274414062,-17.666419982910156,11.753182411193848,2.4698524475097656,-4.585807800292969,14.066557884216309,-11.47382926940918,15.739028930664062,-58.071983337402344,-16.63744354248047,-28.922073364257812,-26.026798248291016,-3.6093597412109375,-20.07323455810547,14.397743225097656,2.0161209106445312,-5.0475616455078125,15.576977729797363,-2.290766716003418,12.43463134765625,-53.52017593383789,-12.446258544921875,-15.948776245117188,-33.60603332519531,-9.928548812866211,-22.0810546875,2.3090171813964844,-3.4113411903381348,-11.065895080566406,11.617828369140625,5.302824020385742,11.725692749023438,-49.25337219238281,-11.742668151855469,-8.968246459960938,-27.30088233947754,-9.48221492767334,-14.311393737792969,0.35004425048828125,-4.960389137268066,-10.493789672851562,9.709413528442383
327548,1972-09-19 13:52:40,-10.857905387878418,-9.971084594726562,-41.27023696899414,-10.961538314819336,-5.4393157958984375,-27.31798553466797,3.6454849243164062,-7.21368408203125,-18.89019203186035,-20.221750259399414,17.60015869140625,-58.762508392333984,-10.00844955444336,-27.414291381835938,-23.894105911254883,-0.20335006713867188,-17.448684692382812,12.074155807495117,2.469606399536133,-4.3321990966796875,14.14676570892334,-11.247186660766602,15.420547485351562,-58.20162582397461,-16.607826232910156,-29.341110229492188,-25.572750091552734,-3.6070289611816406,-19.758377075195312,14.827432632446289,2.0071067810058594,-4.722206115722656,15.679832458496094,-2.0876026153564453,12.118728637695312,-53.600887298583984,-12.586750030517578,-16.391342163085938,-33.3397102355957,-9.87646198272705,-22.021522521972656,2.998006820678711,-3.242257595062256,-10.692588806152344,12.009233474731445,5.490495681762695,11.4149169921875,-49.305789947509766,-11.785676956176758,-9.124740600585938,-27.230403900146484,-9.460420608520508,-14.312850952148438,0.7024955749511719,-4.797556400299072,-10.257438659667969,10.03824234008789
327557,1972-09-19 13:53:58,-10.606204986572266,-10.326271057128906,-41.24833679199219,-11.143041610717773,-5.541778564453125,-27.223796844482422,3.511058807373047,-7.2990264892578125,-18.882871627807617,-20.187705993652344,17.304580688476562,-58.86191177368164,-10.030128479003906,-27.741424560546875,-23.504243850708008,-0.09304046630859375,-17.20903778076172,12.414663314819336,2.5454235076904297,-4.0377044677734375,14.220256805419922,-11.21441650390625,15.12371826171875,-58.28577423095703,-16.56671905517578,-29.714218139648438,-25.16533851623535,-3.5424976348876953,-19.462501525878906,15.228893280029297,2.042757034301758,-4.393096923828125,15.770627975463867,-2.0584049224853516,11.841522216796875,-53.66393280029297,-12.627705574035645,-16.721176147460938,-33.15993881225586,-9.834647178649902,-21.97748565673828,3.4278621673583984,-3.1480135917663574,-10.447998046875,12.24722671508789,5.517478942871094,11.156463623046875,-49.361907958984375,-11.871042251586914,-9.2366943359375,-27.155473709106445,-9.418000221252441,-14.325874328613281,0.9599380493164062,-4.639310359954834,-10.102554321289062,10.267084121704102
327562,1972-09-19 13:54:42,-10.576329231262207,-10.47882080078125,-41.217529296875,-11.170148849487305,-5.619361877441406,-27.1967716217041,3.478546142578125,-7.3656005859375,-18.863025665283203,-20.165138244628906,17.112167358398438,-58.92586898803711,-10.064496994018555,-27.889495849609375,-23.313568115234375,-0.0646209716796875,-17.09363555908203,12.573244094848633,2.5725975036621094,-3.8988113403320312,14.254085540771484,-11.19420051574707,14.923919677734375,-58.34113311767578,-16.599933624267578,-29.871749877929688,-24.95608139038086,-3.512451171875,-19.323196411132812,15.41213607788086,2.0733680725097656,-4.243217468261719,15.807629585266113,-2.0419998168945312,11.648834228515625,-53.70671844482422,-12.64937973022461,-16.840927124023438,-33.091007232666016,-9.844344139099121,-21.94861602783203,3.581502914428711,-3.1289610862731934,-10.350959777832031,12.334199905395508,5.532842636108398,10.97137451171875,-49.40165328979492,-11.91050910949707,-9.27349853515625,-27.12563133239746,-9.416470527648926,-14.320564270019531,1.050018310546875,-4.59270715713501,-10.040550231933594,10.34853458404541
327565,1972-09-19 13:55:08,-10.521967887878418,-10.583908081054688,-41.20458984375,-11.196237564086914,-5.661048889160156,-27.177391052246094,3.464143753051758,-7.408294677734375,-18.848953247070312,-20.149465560913086,16.998779296875,-58.96403503417969,-10.089559555053711,-27.976364135742188,-23.19837760925293,-0.050830841064453125,-17.020530700683594,12.672086715698242,2.5881404876708984,-3.810546875,14.275123596191406,-11.180368423461914,14.804351806640625,-58.37424087524414,-16.630746841430664,-29.959381103515625,-24.83020782470703,-3.4928512573242188,-19.238487243652344,15.522178649902344,2.0960865020751953,-4.1522369384765625,15.828780174255371,-2.0310096740722656,11.531890869140625,-53.732364654541016,-12.681184768676758,-16.908248901367188,-33.04446792602539,-9.84988784790039,-21.930030822753906,3.6788482666015625,-3.111232280731201,-10.292060852050781,12.387860298156738,5.543163299560547,10.857620239257812,-49.425621032714844,-11.953985214233398,-9.323776245117188,-27.089244842529297,-9.41336727142334,-14.316452026367188,1.1308135986328125,-4.555925369262695,-9.991722106933594,10.411863327026367
327571,1972-09-19 13:56:17,-10.325602531433105,-10.232940673828125,-41.342689514160156,-11.309207916259766,-5.309410095214844,-27.20157814025879,3.3017539978027344,-7.2230682373046875,-18.949716567993164,-19.804309844970703,17.643310546875,-58.89159393310547,-10.137773513793945,-27.729568481445312,-23.472026824951172,-0.19162750244140625,-17.12653350830078,12.52711296081543,2.5079383850097656,-3.949554443359375,14.251638412475586,-10.849679946899414,15.395416259765625,-58.2836799621582,-16.689552307128906,-29.610183715820312,-25.20677947998047,-3.6722183227539062,-19.38935089111328,15.291337966918945,2.000120162963867,-4.340980529785156,15.79051399230957,-1.7379999160766602,12.031646728515625,-53.63296890258789,-12.432961463928223,-15.87139892578125,-33.647560119628906,-10.026627540588379,-21.9384765625,3.106508255004883,-3.2168102264404297,-10.436004638671875,12.239583015441895,5.813848495483398,11.277435302734375,-49.300357818603516,-11.909788131713867,-9.0235595703125,-27.210111618041992,-9.472753524780273,-14.282272338867188,1.0650711059570312,-4.577524185180664,-9.994644165039062,10.399580001831055
327576,1972-09-19 13:57:00,-10.110892295837402,-9.700782775878906,-41.523658752441406,-11.600255966186523,-4.7534332275390625,-27.181846618652344,2.8557357788085938,-6.8831787109375,-19.147655487060547,-19.349252700805664,18.603775024414062,-58.747108459472656,-10.186235427856445,-27.23211669921875,-24.026931762695312,-0.4601249694824219,-17.458595275878906,12.05274772644043,2.337087631225586,-4.4137420654296875,14.144073486328125,-10.413220405578613,16.28802490234375,-58.12044906616211,-16.726364135742188,-28.980636596679688,-25.90437889099121,-4.023914337158203,-19.77472686767578,14.697807312011719,1.7686290740966797,-4.8459625244140625,15.670785903930664,-1.3507051467895508,12.798477172851562,-53.46635818481445,-12.067259788513184,-14.3594970703125,-34.4503173828125,-10.252259254455566,-21.941680908203125,2.221294403076172,-3.3710122108459473,-10.692825317382812,11.973520278930664,6.1710052490234375,11.933029174804688,-49.10221862792969,-11.617504119873047,-8.469406127929688,-27.512916564941406,-9.591285705566406,-14.217926025390625,0.8417377471923828,-4.695267200469971,-10.004661560058594,10.337263107299805
327581,1972-09-19 13:57:44,-10.035805702209473,-9.703170776367188,-41.54130554199219,-11.650262832641602,-4.706321716308594,-27.16865348815918,2.7675857543945312,-6.862129211425781,-19.16814422607422,-19.253799438476562,18.665328979492188,-58.758941650390625,-10.216310501098633,-27.258209228515625,-23.984527587890625,-0.5058975219726562,-17.485267639160156,12.012187004089355,2.3067989349365234,-4.4911651611328125,14.124661445617676,-10.322644233703613,16.333099365234375,-58.123958587646484,-16.76017951965332,-29.030593872070312,-25.82646942138672,-4.082004547119141,-19.78155517578125,14.672576904296875,1.7179584503173828,-4.912200927734375,15.655792236328125,-1.2713613510131836,12.82501220703125,-53.461944580078125,-12.220172882080078,-14.41033935546875,-34.37510681152344,-10.215176582336426,-21.926361083984375,2.522855758666992,-3.233996868133545,-10.530784606933594,12.153564453125,6.244180679321289,11.943954467773438,-49.09031295776367,-11.454732894897461,-8.306961059570312,-27.630443572998047,-9.623364448547363,-14.19464111328125,0.8681087493896484,-4.677955150604248,-9.902755737304688,10.442704200744629
327586,1972-09-19 13:58:27,-9.97145938873291,-9.741546630859375,-41.54781723022461,-11.653635025024414,-4.703125,-27.167760848999023,2.69219970703125,-6.8651580810546875,-19.177791595458984,-19.156002044677734,18.652847290039062,-58.79486083984375,-10.248689651489258,-27.321853637695312,-23.898134231567383,-0.5389404296875,-17.46735382080078,12.036791801452637,2.2878646850585938,-4.50048828125,14.124772071838379,-10.230008125305176,16.304046630859375,-58.14848709106445,-16.800739288330078,-29.127685546875,-25.690444946289062,-4.119989395141602,-19.74139404296875,14.715980529785156,1.6863746643066406,-4.9168701171875,15.657758712768555,-1.190389633178711,12.78253173828125,-53.473976135253906,-12.255677223205566,-14.266159057617188,-34.422569274902344,-10.225768089294434,-21.912071228027344,2.6029014587402344,-3.1709561347961426,-10.448249816894531,12.241097450256348,6.318836212158203,11.8907470703125,-49.09367370605469,-11.365179061889648,-8.125778198242188,-27.72115135192871,-9.637845039367676,-14.181549072265625,0.9201278686523438,-4.6108503341674805,-9.805900573730469,10.56324291229248
327592,1972-09-19 13:59:19,-9.88744831085205,-9.858985900878906,-41.54019546508789,-11.620819091796875,-4.762535095214844,-27.171464920043945,2.505168914794922,-6.8720855712890625,-19.200641632080078,-19.052522659301758,18.545364379882812,-58.86244583129883,-10.28970718383789,-27.45391845703125,-23.72857093811035,-0.5537757873535156,-17.41014862060547,12.118705749511719,2.2822837829589844,-4.46502685546875,14.136924743652344,-10.131956100463867,16.180435180664062,-58.20016098022461,-16.838247299194336,-29.270660400390625,-25.50269889831543,-4.154426574707031,-19.66120147705078,14.813336372375488,1.6594047546386719,-4.8724822998046875,15.674507141113281,-1.104640007019043,12.652542114257812,-53.50672149658203,-12.292098999023438,-13.938690185546875,-34.54353332519531,-10.220185279846191,-21.902816772460938,2.700868606567383,-3.037416458129883,-10.312492370605469,12.38918399810791,6.397850036621094,11.756683349609375,-49.115726470947266,-11.282478332519531,-7.7955780029296875,-27.84946060180664,-9.637150764465332,-14.178840637207031,0.9678840637207031,-4.473019599914551,-9.700531005859375,10.718656539916992
327597,1972-09-19 14:00:03,-9.827991485595703,-9.91259765625,-41.541542053222656,-11.605369567871094,-4.79132080078125,-27.173011779785156,2.379192352294922,-6.852203369140625,-19.223756790161133,-19.0289363861084,18.52740478515625,-58.875728607177734,-10.290489196777344,-27.514724731445312,-23.657690048217773,-0.5412864685058594,-17.386573791503906,12.153074264526367,2.287546157836914,-4.450279235839844,14.140722274780273,-10.108926773071289,16.1614990234375,-58.20942306518555,-16.831710815429688,-29.316818237304688,-25.45394515991211,-4.159633636474609,-19.642433166503906,14.836751937866211,1.6492729187011719,-4.86376953125,15.678281784057617,-1.0837697982788086,12.634033203125,-53.51152420043945,-12.15587329864502,-13.107620239257812,-34.91509246826172,-10.224039077758789,-21.9288330078125,2.46490478515625,-2.9198102951049805,-10.283401489257812,12.44153118133545,6.417026519775391,11.738677978515625,-49.117530822753906,-11.15887451171875,-7.437469482421875,-27.996810913085938,-9.623056411743164,-14.188468933105469,0.9669437408447266,-4.344433784484863,-9.626022338867188,10.838053703308105
327602,1972-09-19 14:00:46,-9.692487716674805,-9.9951171875,-41.553611755371094,-11.582242965698242,-4.8245849609375,-27.176990509033203,2.3061141967773438,-6.8452911376953125,-19.23512077331543,-19.03015899658203,18.516265869140625,-58.87883377075195,-10.29571533203125,-27.527389526367188,-23.64066505432129,-0.5404815673828125,-17.382247924804688,12.15929126739502,2.2887401580810547,-4.448585510253906,14.141064643859863,-10.110383033752441,16.149490356445312,-58.212501525878906,-16.833534240722656,-29.326705932617188,-25.441347122192383,-4.166162490844727,-19.639724731445312,14.838508605957031,1.6437835693359375,-4.865715026855469,15.678256034851074,-1.085362434387207,12.622055053710938,-53.514320373535156,-12.127740859985352,-12.625244140625,-35.10213088989258,-10.207993507385254,-21.944236755371094,2.3933067321777344,-2.806766986846924,-10.233039855957031,12.508888244628906,6.415580749511719,11.726852416992188,-49.12054443359375,-10.984825134277344,-7.0908355712890625,-28.155132293701172,-9.62424087524414,-14.189163208007812,0.9448337554931641,-4.251352310180664,-9.546417236328125,10.94484806060791
327611,1972-09-19 14:02:04,-9.52486515045166,-10.327423095703125,-41.51109313964844,-11.588605880737305,-4.994842529296875,-27.14349937438965,2.074748992919922,-6.914054870605469,-19.236875534057617,-19.094900131225586,18.17132568359375,-58.96528244018555,-10.357315063476562,-27.668289184570312,-23.448484420776367,-0.528289794921875,-17.283523559570312,12.29975700378418,2.314699172973633,-4.3247528076171875,14.175210952758789,-10.176567077636719,15.7996826171875,-58.29690170288086,-16.90053367614746,-29.504867553710938,-25.189685821533203,-4.128904342651367,-19.489059448242188,15.046133041381836,1.6917858123779297,-4.695060729980469,15.725112915039062,-1.1484479904174805,12.292221069335938,-53.58972930908203,-12.594018936157227,-13.04351806640625,-34.78355407714844,-10.011589050292969,-21.917022705078125,3.3003902435302734,-2.3743696212768555,-9.747711181640625,12.977279663085938,6.357805252075195,11.416580200195312,-49.20108413696289,-11.022504806518555,-6.9958038330078125,-28.16417694091797,-9.595785140991211,-14.193893432617188,1.1424789428710938,-4.05625581741333,-9.373573303222656,11.166050910949707
327615,1972-09-19 14:02:39,-9.44835376739502,-10.494461059570312,-41.486671447753906,-11.613336563110352,-5.0701141357421875,-27.11896324157715,2.0476722717285156,-6.976081848144531,-19.217370986938477,-19.12952423095703,17.972030639648438,-59.01511764526367,-10.391889572143555,-27.782684326171875,-23.297454833984375,-0.4964103698730469,-17.178466796875,12.447367668151855,2.3477516174316406,-4.183830261230469,14.212021827697754,-10.212104797363281,15.597412109375,-58.34513854980469,-16.94353675842285,-29.63427734375,-25.00823974609375,-4.07550048828125,-19.358169555664062,15.228536605834961,1.7470169067382812,-4.536285400390625,15.765626907348633,-1.1824617385864258,12.101333618164062,-53.632415771484375,-12.722599029541016,-13.301376342773438,-34.63880920410156,-9.945995330810547,-21.882240295410156,3.7047691345214844,-2.2300500869750977,-9.5118408203125,13.176384925842285,6.326652526855469,11.236862182617188,-49.24645233154297,-11.093257904052734,-6.9897308349609375,-28.137895584106445,-9.571457862854004,-14.198867797851562,1.2768402099609375,-3.936217784881592,-9.279106140136719,11.28725814819336
327621,1972-09-19 14:03:31,-9.338301658630371,-10.673088073730469,-41.46601867675781,-11.658384323120117,-5.117683410644531,-27.090682983398438,2.1556625366210938,-7.0926971435546875,-19.162799835205078,-19.151716232299805,17.68408203125,-59.0948486328125,-10.475187301635742,-27.935775756835938,-23.076040267944336,-0.45961761474609375,-17.012176513671875,12.675073623657227,2.3994503021240234,-3.95989990234375,14.267436981201172,-10.238297462463379,15.295761108398438,-58.42035675048828,-17.02121925354004,-29.787628173828125,-24.77218246459961,-4.038051605224609,-19.16376495361328,15.48228931427002,1.808847427368164,-4.3052520751953125,15.82332992553711,-1.2109174728393555,11.808059692382812,-53.69711685180664,-12.841120719909668,-13.602493286132812,-34.47776412963867,-9.925788879394531,-21.821136474609375,4.09843635559082,-2.1311302185058594,-9.274505615234375,13.36065673828125,6.300748825073242,10.953079223632812,-49.313663482666016,-11.225914001464844,-7.0291748046875,-28.075389862060547,-9.554434776306152,-14.193008422851562,1.4567432403564453,-3.8029565811157227,-9.162361145019531,11.427444458007812
327626,1972-09-19 14:04:14,-9.331534385681152,-10.82568359375,-41.42796325683594,-11.640323638916016,-5.213981628417969,-27.08008575439453,2.1401596069335938,-7.168815612792969,-19.136192321777344,-19.163061141967773,17.451095581054688,-59.160396575927734,-10.517292022705078,-28.019622802734375,-22.95490837097168,-0.45478057861328125,-16.91490936279297,12.804773330688477,2.4184703826904297,-3.8254852294921875,14.300859451293945,-10.252039909362793,15.055419921875,-58.480350494384766,-17.06570816040039,-29.863510131835938,-24.64990997314453,-4.0309295654296875,-19.058815002441406,15.613153457641602,1.8371715545654297,-4.178092956542969,15.854122161865234,-1.226149559020996,11.577682495117188,-53.746910095214844,-12.918252944946289,-13.815032958984375,-34.3642578125,-9.919669151306152,-21.782188415527344,4.314708709716797,-2.0887746810913086,-9.151664733886719,13.451743125915527,6.2868804931640625,10.732940673828125,-49.36381149291992,-11.315223693847656,-7.0813446044921875,-28.026384353637695,-9.544182777404785,-14.188323974609375,1.5654754638671875,-3.730013370513916,-9.095428466796875,11.504692077636719
327631,1972-09-19 14:04:57,-9.416714668273926,-10.808204650878906,-41.41324996948242,-11.659343719482422,-5.177818298339844,-27.07884407043457,2.0371437072753906,-7.189178466796875,-19.13979721069336,-19.185609817504883,17.151412963867188,-59.24068069458008,-10.580242156982422,-28.112625122070312,-22.811805725097656,-0.4601402282714844,-16.812705993652344,12.938493728637695,2.436412811279297,-3.6886138916015625,14.333734512329102,-10.277891159057617,14.7451171875,-58.55482864379883,-17.131427764892578,-29.959381103515625,-24.487457275390625,-4.019756317138672,-18.91979217529297,15.784170150756836,1.8774547576904297,-4.011360168457031,15.892419815063477,-1.253575325012207,11.279266357421875,-53.809696197509766,-13.011573791503906,-14.034133911132812,-34.24003982543945,-9.926900863647461,-21.735687255859375,4.527379989624023,-2.053121566772461,-9.030197143554688,13.539036750793457,6.261838912963867,10.446853637695312,-49.42832946777344,-11.39111328125,-7.1654510498046875,-27.97421646118164,-9.550870895385742,-14.172615051269531,1.6640186309814453,-3.68966007232666,-9.027290344238281,11.57118034362793
327635,1972-09-19 14:05:32,-9.5149564743042,-10.559333801269531,-41.454978942871094,-11.738775253295898,-4.95477294921875,-27.086252212524414,2.160449981689453,-7.1798095703125,-19.129791259765625,-19.206432342529297,16.984085083007812,-59.28213119506836,-10.615659713745117,-28.170272827148438,-22.72409439086914,-0.442657470703125,-16.73541259765625,13.03890609741211,2.4615631103515625,-3.5787887573242188,14.357258796691895,-10.29998779296875,14.573776245117188,-58.59382629394531,-17.168170928955078,-30.023147583007812,-24.38338851928711,-3.979757308959961,-18.80950164794922,15.925501823425293,1.9286746978759766,-3.8667755126953125,15.92209529876709,-1.2754383087158203,11.1162109375,-53.843109130859375,-13.078152656555176,-14.16204833984375,-34.16192626953125,-9.915818214416504,-21.709716796875,4.673845291137695,-2.0123796463012695,-8.946220397949219,13.600762367248535,6.241813659667969,10.291976928710938,-49.463340759277344,-11.476224899291992,-7.21905517578125,-27.925601959228516,-9.536879539489746,-14.171104431152344,1.754617691040039,-3.6273956298828125,-8.978622436523438,11.628595352172852
327640,1972-09-19 14:06:24,-9.644290924072266,-10.281494140625,-41.494911193847656,-11.868133544921875,-4.702079772949219,-27.074928283691406,2.1548194885253906,-7.122772216796875,-19.151735305786133,-19.24348258972168,16.851333618164062,-59.307987213134766,-10.636842727661133,-28.211639404296875,-22.662755966186523,-0.4064788818359375,-16.649795532226562,13.149238586425781,2.497547149658203,-3.44482421875,14.383788108825684,-10.336867332458496,14.441543579101562,-58.62006759643555,-17.204952239990234,-30.051483154296875,-24.32248878479004,-3.9134178161621094,-18.723709106445312,16.042591094970703,1.9994335174560547,-3.7359237670898438,15.94459342956543,-1.3095941543579102,10.993728637695312,-53.86742401123047,-13.153451919555664,-14.31097412109375,-34.070823669433594,-9.884764671325684,-21.688270568847656,4.836374282836914,-1.9584197998046875,-8.860816955566406,13.66440200805664,6.210443496704102,10.1785888671875,-49.49074172973633,-11.53660774230957,-7.2382049560546875,-27.895750045776367,-9.520987510681152,-14.174217224121094,1.8147525787353516,-3.5720086097717285,-8.946365356445312,11.670522689819336
327654,1972-09-19 14:08:26,-10.10961627960205,-10.082557678222656,-41.43292236328125,-12.065481185913086,-4.5922393798828125,-27.006465911865234,1.7137641906738281,-6.999290466308594,-19.24159812927246,-19.447650909423828,16.56622314453125,-59.321720123291016,-10.60594367980957,-28.262619018554688,-22.613689422607422,-0.3021087646484375,-16.515296936035156,13.320539474487305,2.5726051330566406,-3.2032546997070312,14.426322937011719,-10.532491683959961,14.18414306640625,-58.6480827331543,-17.20448875427246,-30.11981201171875,-24.238155364990234,-3.7132720947265625,-18.567764282226562,16.26980209350586,2.168977737426758,-3.4589385986328125,15.984874725341797,-1.4829998016357422,10.780227661132812,-53.90606689453125,-13.23820686340332,-14.530776977539062,-33.944732666015625,-9.778921127319336,-21.684410095214844,5.063564300537109,-1.8433446884155273,-8.739715576171875,13.758076667785645,6.050851821899414,10.003250122070312,-49.54623031616211,-11.638790130615234,-7.307098388671875,-27.83527946472168,-9.44797420501709,-14.205253601074219,1.9487247467041016,-3.4252071380615234,-8.878005981445312,11.766339302062988
327665,1972-09-19 14:10:01,-10.32693099975586,-10.003852844238281,-41.39838790893555,-12.080310821533203,-4.5991973876953125,-26.998653411865234,1.6429862976074219,-6.9748687744140625,-19.25663185119629,-19.683547973632812,16.25152587890625,-59.33095932006836,-10.483259201049805,-28.503036499023438,-22.367809295654297,-0.13415908813476562,-16.299774169921875,13.586113929748535,2.653156280517578,-2.9095840454101562,14.473872184753418,-10.754596710205078,13.9176025390625,-58.671634674072266,-17.161026000976562,-30.412338256835938,-23.90134048461914,-3.412097930908203,-18.35344696044922,16.576066970825195,2.357686996459961,-3.1696014404296875,16.018108367919922,-1.6757030487060547,10.577255249023438,-53.94062042236328,-13.256423950195312,-14.71331787109375,-33.858882904052734,-9.652377128601074,-21.716896057128906,5.16607666015625,-1.7587804794311523,-8.699943542480469,13.7943115234375,5.873125076293945,9.854644775390625,-49.59737014770508,-11.684078216552734,-7.392974853515625,-27.793598175048828,-9.36541748046875,-14.252540588378906,2.0011844635009766,-3.3293490409851074,-8.869621276855469,11.800127029418945
327670,1972-09-19 14:10:44,-10.310988426208496,-9.879798889160156,-41.43213653564453,-12.048276901245117,-4.521354675292969,-27.02610206604004,1.6708908081054688,-6.931648254394531,-19.269834518432617,-19.742942810058594,16.173004150390625,-59.33268356323242,-10.410043716430664,-28.628021240234375,-22.24201774597168,-0.061527252197265625,-16.207290649414062,13.696829795837402,2.678966522216797,-2.8004531860351562,14.49063491821289,-10.80837631225586,13.860092163085938,-58.67536163330078,-17.122682571411133,-30.520401000976562,-23.790851593017578,-3.3049182891845703,-18.298553466796875,16.65825080871582,2.412862777709961,-3.09783935546875,16.0239315032959,-1.7200403213500977,10.543365478515625,-53.945858001708984,-13.236736297607422,-14.7587890625,-33.8467903137207,-9.600180625915527,-21.737091064453125,5.178388595581055,-1.73321533203125,-8.698699951171875,13.79832935333252,5.832038879394531,9.840652465820312,-49.60499572753906,-11.681573867797852,-7.3934173583984375,-27.79453468322754,-9.331951141357422,-14.276138305664062,1.9893760681152344,-3.301924705505371,-8.888008117675781,11.794000625610352
327676,1972-09-19 14:11:36,-10.254319190979004,-9.8238525390625,-41.459495544433594,-12.014881134033203,-4.4824066162109375,-27.047449111938477,1.5743255615234375,-6.86968994140625,-19.300127029418945,-19.778858184814453,16.104766845703125,-59.33928298950195,-10.351110458374023,-28.71533203125,-22.15682601928711,-0.013263702392578125,-16.15967559814453,13.753097534179688,2.6922149658203125,-2.7504730224609375,14.497751235961914,-10.839868545532227,13.809127807617188,-58.68157196044922,-17.083288192749023,-30.585357666015625,-23.735681533813477,-3.2460861206054688,-18.289718627929688,16.67951011657715,2.4349098205566406,-3.084075927734375,16.023250579833984,-1.7448434829711914,10.512069702148438,-53.951168060302734,-13.214624404907227,-14.79974365234375,-33.83755111694336,-9.558650970458984,-21.75347137451172,5.18638801574707,-1.7160263061523438,-8.69873046875,13.80046272277832,5.808942794799805,9.825912475585938,-49.61063003540039,-11.671754837036133,-7.38214111328125,-27.801654815673828,-9.307190895080566,-14.295738220214844,1.9644279479980469,-3.2875075340270996,-8.91229248046875,11.779692649841309
327681,1972-09-19 14:12:20,-10.196234703063965,-9.779510498046875,-41.48429870605469,-11.970905303955078,-4.453208923339844,-27.071758270263672,0.984405517578125,-6.663658142089844,-19.411149978637695,-19.800540924072266,16.076446533203125,-59.33972930908203,-10.330360412597656,-28.758865356445312,-22.109987258911133,0.009387969970703125,-16.143325805664062,13.772299766540527,2.6993579864501953,-2.7392730712890625,14.498542785644531,-10.859630584716797,13.788040161132812,-58.6828727722168,-17.081172943115234,-30.656753540039062,-23.644908905029297,-3.1972808837890625,-18.268455505371094,16.712217330932617,2.4564247131347656,-3.073089599609375,16.022079467773438,-1.7612781524658203,10.499221801757812,-53.95313262939453,-13.213829040527344,-14.819839477539062,-33.829063415527344,-9.539469718933105,-21.7606201171875,5.191715240478516,-1.7061767578125,-8.700157165527344,13.80078125,5.793699264526367,9.819992065429688,-49.613582611083984,-11.674402236938477,-7.37823486328125,-27.80158233642578,-9.295761108398438,-14.304313659667969,1.9560737609863281,-3.278656482696533,-8.923133850097656,11.773947715759277
327687,1972-09-19 14:13:12,-10.180733680725098,-9.637870788574219,-41.521240234375,-12.007835388183594,-4.3233795166015625,-27.076448440551758,-0.1486663818359375,-6.242950439453125,-19.574718475341797,-19.82678985595703,16.055801391601562,-59.336551666259766,-10.312707901000977,-28.821517944335938,-22.036527633666992,0.038562774658203125,-16.122840881347656,13.796223640441895,2.7098464965820312,-2.7320938110351562,14.497941017150879,-10.883960723876953,13.774368286132812,-58.681575775146484,-17.078296661376953,-30.711196899414062,-23.576242446899414,-3.1631336212158203,-18.268905639648438,16.718215942382812,2.4672508239746094,-3.0882034301757812,16.01750946044922,-1.7819652557373047,10.493026733398438,-53.95366287231445,-13.213967323303223,-14.837539672851562,-33.82125473022461,-9.520825386047363,-21.767715454101562,5.196187973022461,-1.696314811706543,-8.702201843261719,13.800711631774902,5.774545669555664,9.82000732421875,-49.61581039428711,-11.678585052490234,-7.3795623779296875,-27.799468994140625,-9.284074783325195,-14.312301635742188,1.9531288146972656,-3.268371105194092,-8.930412292480469,11.771291732788086
327689,1972-09-19 14:13:29,-10.260168075561523,-9.589614868164062,-41.51286315917969,-12.093198776245117,-4.271217346191406,-27.04671859741211,-0.6969795227050781,-6.050849914550781,-19.623138427734375,-19.83692741394043,16.04229736328125,-59.336814880371094,-10.305656433105469,-28.848907470703125,-22.003952026367188,0.05181884765625,-16.11487579345703,13.80549144744873,2.714933395385742,-2.7302398681640625,14.49733829498291,-10.893257141113281,13.764068603515625,-58.682273864746094,-17.073938369750977,-30.734878540039062,-23.54853630065918,-3.148954391479492,-18.264801025390625,16.725385665893555,2.471975326538086,-3.0878982543945312,16.01683807373047,-1.789759635925293,10.486404418945312,-53.95469284057617,-13.210280418395996,-14.848953247070312,-33.81768035888672,-9.514129638671875,-21.77057647705078,5.196542739868164,-1.6951112747192383,-8.703971862792969,13.799738883972168,5.7673187255859375,9.816482543945312,-49.617347717285156,-11.682388305664062,-7.3954315185546875,-27.793655395507812,-9.277827262878418,-14.315299987792969,1.9608173370361328,-3.263014316558838,-8.928314208984375,11.774373054504395
327695,1972-09-19 14:14:38,-10.325637817382812,-9.466659545898438,-41.52484130859375,-12.170852661132812,-4.163604736328125,-27.028661727905273,-1.5855560302734375,-5.6985321044921875,-19.676860809326172,-19.872295379638672,16.009735107421875,-59.33377456665039,-10.279472351074219,-28.877349853515625,-21.978879928588867,0.0732879638671875,-16.117958068847656,13.801789283752441,2.720121383666992,-2.7406768798828125,14.494397163391113,-10.92585563659668,13.74176025390625,-58.68143844604492,-17.048473358154297,-30.7506103515625,-23.546443939208984,-3.1428184509277344,-18.301162719726562,16.686744689941406,2.462106704711914,-3.1339492797851562,16.00941276550293,-1.8172760009765625,10.4752197265625,-53.9559440612793,-13.207176208496094,-14.889236450195312,-33.80117416381836,-9.489370346069336,-21.780410766601562,5.200542449951172,-1.6878671646118164,-8.711524963378906,13.795859336853027,5.741813659667969,9.814620971679688,-49.62067413330078,-11.690252304077148,-7.40631103515625,-27.787452697753906,-9.26041316986084,-14.326812744140625,1.9590377807617188,-3.2493486404418945,-8.938552856445312,11.770380973815918
327700,1972-09-19 14:15:22,-10.369105339050293,-9.416656494140625,-41.52538299560547,-12.207216262817383,-4.131004333496094,-27.017263412475586,-1.7379417419433594,-5.625190734863281,-19.685094833374023,-19.928197860717773,15.992889404296875,-59.31957244873047,-10.244747161865234,-28.874771118164062,-21.998489379882812,0.09583663940429688,-16.150962829589844,13.7629976272583,2.7244415283203125,-2.7811279296875,14.485878944396973,-10.97764778137207,13.739730834960938,-58.6722412109375,-17.011436462402344,-30.75250244140625,-23.57073974609375,-3.1267261505126953,-18.354156494140625,16.631465911865234,2.456329345703125,-3.1911087036132812,15.999005317687988,-1.8612890243530273,10.4871826171875,-53.952117919921875,-13.220544815063477,-14.874542236328125,-33.80242156982422,-9.450068473815918,-21.80565643310547,5.1662445068359375,-1.6658430099487305,-8.745574951171875,13.7769775390625,5.701025009155273,9.838058471679688,-49.6207389831543,-11.691070556640625,-7.4030303955078125,-27.787982940673828,-9.237361907958984,-14.343620300292969,1.9448814392089844,-3.233295440673828,-8.958137512207031,11.759903907775879
327706,1972-09-19 14:16:14,-10.385246276855469,-9.279441833496094,-41.55223083496094,-12.28463363647461,-3.997528076171875,-27.002246856689453,-2.1738052368164062,-5.4097442626953125,-19.702165603637695,-19.973102569580078,15.963485717773438,-59.312381744384766,-10.21660041809082,-28.8804931640625,-22.00405502319336,0.111480712890625,-16.169479370117188,13.741133689880371,2.7264060974121094,-2.8044204711914062,14.481016159057617,-11.019437789916992,13.721725463867188,-58.66862487792969,-16.98798370361328,-30.763519287109375,-23.573284149169922,-3.103179931640625,-18.3795166015625,16.607852935791016,2.4617881774902344,-3.21551513671875,15.993278503417969,-1.8970041275024414,10.481033325195312,-53.95207214355469,-13.236284255981445,-14.869247436523438,-33.79859161376953,-9.418481826782227,-21.82360076904297,5.148082733154297,-1.6452131271362305,-8.766693115234375,13.766036033630371,5.6679229736328125,9.841796875,-49.6237907409668,-11.684186935424805,-7.4058074951171875,-27.790136337280273,-9.222234725952148,-14.354812622070312,1.9340801239013672,-3.225541591644287,-8.969696044921875,11.753217697143555
327711,1972-09-19 14:16:57,-10.426965713500977,-9.148002624511719,-41.5709228515625,-12.419683456420898,-3.84625244140625,-26.96240997314453,-2.3971519470214844,-5.27752685546875,-19.712116241455078,-20.00736427307129,15.907638549804688,-59.31584167480469,-10.185388565063477,-28.925994873046875,-21.958707809448242,0.140655517578125,-16.158294677734375,13.75401496887207,2.735301971435547,-2.798095703125,14.480562210083008,-11.050674438476562,13.677719116210938,-58.67302703857422,-16.956600189208984,-30.809768676757812,-23.53545379638672,-3.074127197265625,-18.37639617919922,16.61670684814453,2.468118667602539,-3.212646484375,15.992879867553711,-1.9229888916015625,10.451171875,-53.95694351196289,-13.239862442016602,-14.87567138671875,-33.79436492919922,-9.38770580291748,-21.838470458984375,5.141244888305664,-1.625997543334961,-8.776275634765625,13.762210845947266,5.643756866455078,9.8238525390625,-49.63010025024414,-11.678976058959961,-7.404876708984375,-27.79257583618164,-9.204537391662598,-14.367118835449219,1.9269962310791016,-3.2108826637268066,-8.977806091308594,11.751041412353516
327716,1972-09-19 14:17:41,-10.462629318237305,-9.146453857421875,-41.56229782104492,-12.379566192626953,-3.8833770751953125,-26.975536346435547,-2.2647056579589844,-5.329399108886719,-19.71381950378418,-20.117090225219727,15.753707885742188,-59.3198127746582,-10.121992111206055,-29.278671264648438,-21.516164779663086,0.2894477844238281,-16.028945922851562,13.902234077453613,2.7963523864746094,-2.7452926635742188,14.479008674621582,-11.153040885925293,13.551849365234375,-58.682861328125,-16.904172897338867,-31.305831909179688,-22.910232543945312,-2.8767356872558594,-18.155105590820312,16.893009185791016,2.529499053955078,-3.077667236328125,16.009824752807617,-2.0107412338256836,10.360305786132812,-53.97126770019531,-13.240360260009766,-14.931015014648438,-33.769752502441406,-9.315934181213379,-21.86432647705078,5.1618804931640625,-1.5802783966064453,-8.772857666015625,13.7697114944458,5.562368392944336,9.762664794921875,-49.65135192871094,-11.685508728027344,-7.43609619140625,-27.781492233276367,-9.16032886505127,-14.394462585449219,1.9335670471191406,-3.1694540977478027,-8.985519409179688,11.75639533996582
327722,1972-09-19 14:18:33,-10.567276954650879,-8.985733032226562,-41.570884704589844,-12.176292419433594,-3.9018325805664062,-27.065242767333984,-1.6778144836425781,-5.491912841796875,-19.72789764404297,-20.364721298217773,15.539306640625,-59.29186248779297,-10.041702270507812,-30.107681274414062,-20.379695892333984,0.6400604248046875,-15.701576232910156,14.259517669677734,2.958799362182617,-2.6340408325195312,14.467387199401855,-11.389132499694824,13.37847900390625,-58.67729949951172,-16.853683471679688,-32.17973327636719,-21.70492935180664,-2.5465011596679688,-17.808860778808594,17.309438705444336,2.6194305419921875,-2.9505157470703125,16.019298553466797,-2.218677520751953,10.23736572265625,-53.986576080322266,-13.2791748046875,-14.9871826171875,-33.72960662841797,-9.200981140136719,-21.900421142578125,5.214801788330078,-1.4841203689575195,-8.750862121582031,13.79438591003418,5.369943618774414,9.682342529296875,-49.688255310058594,-11.722063064575195,-7.46026611328125,-27.759601593017578,-9.095667839050293,-14.433883666992188,1.9449119567871094,-3.094874858856201,-8.998893737792969,11.766027450561523
327727,1972-09-19 14:19:16,-10.803526878356934,-8.088630676269531,-41.694210052490234,-11.923103332519531,-3.4643173217773438,-27.236957550048828,-1.064849853515625,-5.363273620605469,-19.80574607849121,-20.436904907226562,16.471420288085938,-59.01476287841797,-10.157110214233398,-30.1693115234375,-20.230810165405273,0.6993637084960938,-15.817970275878906,14.127493858337402,3.000822067260742,-2.9265594482421875,14.402369499206543,-11.467540740966797,14.271194458007812,-58.451263427734375,-17.00704002380371,-32.38822937011719,-21.270849227905273,-2.4429473876953125,-17.823699951171875,17.3090877532959,2.6386070251464844,-3.172088623046875,15.973745346069336,-2.298031806945801,11.030715942382812,-53.826751708984375,-13.40568733215332,-14.44757080078125,-33.91450881958008,-9.228121757507324,-21.92554473876953,5.058897018432617,-1.4109973907470703,-8.826995849609375,13.753488540649414,5.297740936279297,10.38714599609375,-49.55348205566406,-11.788354873657227,-7.0800018310546875,-27.83102798461914,-9.127609252929688,-14.425918579101562,1.8521575927734375,-3.058307647705078,-9.074684143066406,11.717283248901367
327733,1972-09-19 14:20:08,-10.944015502929688,-7.1760101318359375,-41.824424743652344,-11.76416015625,-2.9031982421875,-27.371334075927734,-0.8183631896972656,-5.119331359863281,-19.88187026977539,-20.10793113708496,17.690872192382812,-58.77432632446289,-10.514663696289062,-29.992660522460938,-20.310649871826172,0.4755210876464844,-16.080177307128906,13.837800025939941,2.915372848510742,-3.4035797119140625,14.314824104309082,-11.170666694641113,15.35845947265625,-58.23276138305664,-17.406667709350586,-32.0140380859375,-21.512672424316406,-2.7930221557617188,-18.146705627441406,16.916057586669922,2.4527626037597656,-3.7017593383789062,15.88917350769043,-2.054499626159668,11.918502807617188,-53.64704132080078,-13.638656616210938,-14.097076416015625,-33.96907424926758,-9.40609073638916,-21.804466247558594,5.250796318054199,-1.367905616760254,-8.683784484863281,13.84868335723877,5.524423599243164,11.102218627929688,-49.37335968017578,-11.869041442871094,-7.09521484375,-27.792837142944336,-9.259278297424316,-14.301406860351562,2.14154052734375,-3.059032917022705,-8.841232299804688,11.894233703613281
327737,1972-09-19 14:20:43,-11.352072715759277,-6.2150115966796875,-41.869476318359375,-11.818893432617188,-2.3592758178710938,-27.4000244140625,-0.9861259460449219,-4.689704895019531,-19.979999542236328,-20.30984878540039,18.800323486328125,-58.35901641845703,-10.566747665405273,-30.038467407226562,-20.21569061279297,0.5705986022949219,-16.29027557373047,13.586191177368164,2.9587059020996094,-3.8287887573242188,14.198040008544922,-11.372709274291992,16.450927734375,-57.89429473876953,-17.51152992248535,-31.88037109375,-21.625749588012695,-2.7340431213378906,-18.4267578125,16.620380401611328,2.458169937133789,-4.10272216796875,15.78955078125,-2.2426681518554688,12.918609619140625,-53.40746307373047,-13.870230674743652,-14.049179077148438,-33.89507293701172,-9.304166793823242,-21.815093994140625,5.386509418487549,-1.2367887496948242,-8.68975830078125,13.85726547241211,5.351308822631836,12.016555786132812,-49.17797088623047,-12.22579574584961,-7.0576324462890625,-27.647380828857422,-9.164297103881836,-14.335258483886719,2.3166346549987793,-2.852789878845215,-8.862510681152344,11.929600715637207
327743,1972-09-19 14:21:35,-13.326662063598633,-3.4249038696289062,-41.60792541503906,-12.768854141235352,-0.47563934326171875,-27.069244384765625,-1.5860710144042969,-3.7380752563476562,-20.141429901123047,-20.42291831970215,21.817672729492188,-57.259151458740234,-11.858865737915039,-29.453460693359375,-20.35930061340332,0.24471664428710938,-16.723861694335938,13.058942794799805,2.993854522705078,-4.640602111816406,13.946308135986328,-11.572602272033691,19.12969970703125,-57.024993896484375,-18.977869033813477,-30.917160034179688,-21.786577224731445,-3.114683151245117,-18.877098083496094,16.03780174255371,2.4549083709716797,-4.955955505371094,15.543384552001953,-2.516507148742676,15.094375610351562,-52.821434020996094,-15.04120922088623,-13.121810913085938,-33.767120361328125,-9.838343620300293,-21.55712127685547,5.475164413452148,-1.1956748962402344,-8.798896789550781,13.791851997375488,5.097856521606445,13.7513427734375,-48.74853515625,-13.179450035095215,-6.540313720703125,-27.334671020507812,-9.491498947143555,-14.0574951171875,2.6738224029541016,-2.7659411430358887,-8.789077758789062,12.004142761230469
327748,1972-09-19 14:22:18,-14.686094284057617,-3.5138320922851562,-41.14025115966797,-13.578754425048828,-0.5242996215820312,-26.671268463134766,-2.170948028564453,-3.8703994750976562,-20.061729431152344,-21.743927001953125,21.486404418945312,-56.89686584472656,-12.504804611206055,-30.215499877929688,-18.796123504638672,0.7049751281738281,-16.35650634765625,13.500022888183594,3.4166831970214844,-4.4731292724609375,13.903789520263672,-12.910908699035645,18.7322998046875,-56.869415283203125,-19.764156341552734,-31.248794555664062,-20.580974578857422,-2.7833938598632812,-18.66069793701172,16.348949432373047,2.7987899780273438,-4.901130676269531,15.502601623535156,-3.7788496017456055,14.663131713867188,-52.8676643371582,-16.0367431640625,-13.734970092773438,-33.057708740234375,-9.77856731414795,-21.36260986328125,6.284797668457031,-0.849761962890625,-8.473945617675781,14.019111633300781,3.9287776947021484,13.29608154296875,-48.98250198364258,-14.3736572265625,-7.8925933837890625,-26.358356475830078,-9.260671615600586,-13.892112731933594,4.012489318847656,-2.152189016342163,-8.118011474609375,12.588245391845703
327753,1972-09-19 14:23:02,-15.962202072143555,-1.5938644409179688,-40.782554626464844,-14.298419952392578,0.87164306640625,-26.283248901367188,-2.8439598083496094,-3.1637420654296875,-20.101463317871094,-22.23615837097168,24.045928955078125,-55.669227600097656,-14.142066955566406,-29.617813110351562,-18.585670471191406,0.6265068054199219,-16.530136108398438,13.290794372558594,3.7031211853027344,-4.8763580322265625,13.693275451660156,-13.527592658996582,20.933135986328125,-55.951133728027344,-21.557498931884766,-29.920425415039062,-20.753982543945312,-3.097766876220703,-18.9749755859375,15.925178527832031,2.989185333251953,-5.472877502441406,15.274078369140625,-4.476428985595703,16.37615203857422,-52.30735778808594,-17.61958122253418,-13.256401062011719,-32.44158172607422,-10.279597282409668,-20.978172302246094,6.762138366699219,-0.7325534820556641,-8.476676940917969,14.024070739746094,3.26165771484375,14.579605102539062,-48.66521453857422,-15.894832611083984,-7.3993072509765625,-25.61762237548828,-9.444120407104492,-13.605537414550781,4.5330810546875,-1.834775447845459,-8.123054504394531,12.635162353515625
327759,1972-09-19 14:23:53,-14.496179580688477,-0.34967041015625,-41.355621337890625,-12.597888946533203,1.0412368774414062,-27.13343048095703,-1.839569091796875,-2.34783935546875,-20.32904052734375,-23.344478607177734,25.041969299316406,-54.769073486328125,-11.860153198242188,-30.114112854003906,-19.367950439453125,1.9280662536621094,-16.7197265625,12.923484802246094,4.070259094238281,-4.953727722167969,13.560661315917969,-14.444536209106445,22.53325653076172,-55.09382629394531,-19.280574798583984,-31.14617156982422,-21.18634796142578,-1.4902801513671875,-19.4344482421875,15.599296569824219,3.437786102294922,-5.646568298339844,15.115646362304688,-5.1379194259643555,18.42754364013672,-51.558746337890625,-16.989763259887695,-15.891914367675781,-31.582168579101562,-8.280501365661621,-21.5068359375,7.769783020019531,0.049289703369140625,-8.303947448730469,14.145927429199219,2.6732845306396484,16.985679626464844,-47.91499328613281,-15.571451187133789,-7.993659973144531,-25.637649536132812,-8.283074378967285,-14.3924560546875,4.370208740234375,-1.0829973220825195,-8.560333251953125,12.431640625
