319892,1972-09-18 09:01:17,1.8409242630004883,28.129257202148438,-33.55451202392578,-9.285706520080566,8.988616943359375,-26.999893188476562,-12.113073348999023,-2.77197265625,-16.363239288330078,-32.7611198425293,39.25724792480469,-39.462562561035156,6.848039627075195,-11.602096557617188,-35.229766845703125,12.147090911865234,-16.681503295898438,4.945587158203125,5.680608749389648,-7.250457763671875,11.838897705078125,-37.40264892578125,31.759048461914062,-36.66230773925781,12.667057037353516,-11.725448608398438,-38.63605499267578,19.19041633605957,-14.51605224609375,6.6535186767578125,7.856259346008301,-5.4076385498046875,13.461860656738281,-39.0440673828125,22.402069091796875,-31.59088897705078,13.32870101928711,-8.870849609375,-35.809104919433594,19.888641357421875,-13.223861694335938,4.5882110595703125,9.685810089111328,-6.4379730224609375,11.56732177734375,-40.804779052734375,16.030715942382812,-25.874557495117188,11.943519592285156,-2.7136993408203125,-28.52448272705078,15.051589965820312,-7.6615447998046875,3.098602294921875,9.404035568237305,-5.70550537109375,10.392738342285156
319899,1972-09-18 09:02:17,2.249070167541504,26.080276489257812,-35.14696502685547,-5.9350762367248535,8.105361938476562,-28.197376251220703,-8.306324005126953,-1.8625640869140625,-18.700321197509766,-31.113006591796875,34.00946044921875,-45.24437713623047,14.160873413085938,-14.049560546875,-32.0112419128418,12.809854507446289,-14.616180419921875,8.518123626708984,4.640070915222168,-5.8004913330078125,13.031570434570312,-35.290916442871094,26.161300659179688,-42.68323516845703,18.330394744873047,-11.390701293945312,-36.39963912963867,19.651506423950195,-12.231460571289062,9.352375030517578,6.920452117919922,-4.31195068359375,14.34222412109375,-36.620269775390625,16.874267578125,-37.39641571044922,17.390350341796875,-7.9906158447265625,-34.23980712890625,20.422035217285156,-10.724380493164062,7.707695007324219,8.316762924194336,-4.6531829833984375,13.350830078125,-38.4581413269043,10.564117431640625,-31.63665008544922,14.71939468383789,-2.007598876953125,-27.257423400878906,15.268409729003906,-5.8438568115234375,5.251274108886719,8.217987060546875,-4.17474365234375,12.001419067382812
319907,1972-09-18 09:03:27,-0.4753684997558594,22.321884155273438,-37.710174560546875,-4.709160327911377,7.917755126953125,-28.480636596679688,-4.549448490142822,2.8987579345703125,-19.825885772705078,-32.290916442871094,27.655532836914062,-48.622886657714844,17.28953742980957,-15.381210327148438,-29.784744262695312,13.652017593383789,-12.489242553710938,10.388652801513672,4.577081680297852,-4.2901611328125,13.625080108642578,-35.817291259765625,19.637527465820312,-45.64219665527344,20.506607055664062,-11.918319702148438,-35.04451370239258,20.389440536499023,-9.693252563476562,10.656856536865234,6.920092582702637,-2.7635498046875,14.719375610351562,-36.48626708984375,10.652847290039062,-39.743507385253906,18.88739776611328,-8.455917358398438,-33.322696685791016,21.03939437866211,-8.073715209960938,9.145454406738281,8.014676094055176,-2.76849365234375,14.041568756103516,-37.95873260498047,4.6078338623046875,-33.60667419433594,15.772560119628906,-2.46453857421875,-26.623493194580078,15.530132293701172,-3.8350830078125,6.241634368896484,7.982213973999023,-2.380218505859375,12.633949279785156
319914,1972-09-18 09:04:27,-1.3189201354980469,20.328765869140625,-38.801429748535156,-3.9464073181152344,8.417724609375,-28.45315170288086,-2.7126216888427734,5.770782470703125,-19.53217315673828,-32.70899963378906,25.046768188476562,-49.74432373046875,17.70480728149414,-15.679428100585938,-29.382579803466797,14.035120010375977,-11.804153442382812,10.675224304199219,4.69642448425293,-3.7627105712890625,13.739852905273438,-36.025634765625,17.03546142578125,-46.51525115966797,20.438961029052734,-12.189163208007812,-34.9908332824707,20.74431037902832,-8.926544189453125,10.641777038574219,7.15032958984375,-2.2538299560546875,14.696189880371094,-36.4800910949707,8.239944458007812,-40.318511962890625,18.128761291503906,-8.675277709960938,-33.685691833496094,21.465560913085938,-7.18560791015625,8.892524719238281,8.15117073059082,-2.0509796142578125,14.086067199707031,-37.82394027709961,2.36602783203125,-33.98908996582031,15.25551986694336,-2.823486328125,-26.887821197509766,15.763877868652344,-3.0116500854492188,6.105815887451172,8.102176666259766,-1.57440185546875,12.683609008789062
319920,1972-09-18 09:05:20,-2.0504727363586426,19.496368408203125,-39.194854736328125,-3.850083827972412,8.8009033203125,-28.35021209716797,-2.0486960411071777,7.1768341064453125,-19.14319610595703,-33.49928283691406,23.9962158203125,-49.73627471923828,17.077178955078125,-15.2744140625,-29.961681365966797,14.538278579711914,-11.633956909179688,10.177078247070312,5.079789161682129,-3.678497314453125,13.62579345703125,-36.667442321777344,15.972625732421875,-46.39067840576172,19.569690704345703,-11.940887451171875,-35.568634033203125,21.141883850097656,-8.692214965820312,10.03610610961914,7.5343017578125,-2.1474761962890625,14.519210815429688,-36.937129974365234,7.2410736083984375,-40.093544006347656,17.009601593017578,-8.527481079101562,-34.301509857177734,21.85503578186035,-6.81414794921875,8.210067749023438,8.480844497680664,-1.7932891845703125,13.92568588256836,-38.139060974121094,1.418701171875,-33.68836975097656,14.207950592041016,-2.7948455810546875,-27.45871353149414,16.03445053100586,-2.64434814453125,5.545680999755859,8.432071685791016,-1.2568283081054688,12.502738952636719
319925,1972-09-18 09:06:03,-2.9073715209960938,19.486480712890625,-39.145538330078125,-4.108381271362305,9.509963989257812,-28.083724975585938,-1.9723336696624756,8.078094482421875,-18.788837432861328,-34.64934158325195,24.339492797851562,-48.772212982177734,15.918540954589844,-14.890655517578125,-30.781625747680664,14.93310546875,-11.715621948242188,9.488405227661133,5.538173675537109,-3.7632598876953125,13.422531127929688,-37.7503662109375,16.302169799804688,-45.39680480957031,18.006237030029297,-11.475387573242188,-36.53459167480469,21.497140884399414,-8.93865966796875,9.012784957885742,8.047880172729492,-2.36639404296875,14.206222534179688,-37.88361358642578,7.5349578857421875,-39.14502716064453,15.527847290039062,-8.19976806640625,-35.075462341308594,22.160842895507812,-6.9257354736328125,7.2395782470703125,8.947782516479492,-1.905029296875,13.615192413330078,-38.94084548950195,1.6778335571289062,-32.74602508544922,12.93899154663086,-2.583770751953125,-28.099193572998047,16.26239776611328,-2.6842727661132812,4.814563751220703,8.871404647827148,-1.3301544189453125,12.187149047851562
319930,1972-09-18 09:06:46,-3.1654045581817627,18.478973388671875,-39.6113166809082,-3.864784002304077,9.468765258789062,-28.132190704345703,-1.69046950340271,8.294464111328125,-18.72191619873047,-35.1464729309082,22.811325073242188,-49.153690338134766,15.976394653320312,-15.220306396484375,-30.589826583862305,15.22525405883789,-11.234161376953125,9.60563850402832,5.699767112731934,-3.3733978271484375,13.458480834960938,-38.11065673828125,14.794052124023438,-45.611785888671875,16.887893676757812,-11.42523193359375,-37.08030319213867,21.888912200927734,-8.659210205078125,8.315685272216797,8.400429725646973,-2.1401824951171875,14.036994934082031,-38.08916091918945,6.151519775390625,-39.18738555908203,15.421733856201172,-8.615509033203125,-35.022586822509766,22.317157745361328,-6.42608642578125,7.220134735107422,9.042913436889648,-1.4896240234375,13.604118347167969,-39.03778839111328,0.4063262939453125,-32.670982360839844,12.449104309082031,-2.8777999877929688,-28.291271209716797,16.388851165771484,-2.33447265625,4.561431884765625,9.0350341796875,-0.953521728515625,12.101932525634766
319936,1972-09-18 09:07:38,-2.497816801071167,17.696121215820312,-40.014461517333984,-2.9663798809051514,9.540969848632812,-28.216737747192383,-1.1276087760925293,8.381820678710938,-18.725379943847656,-34.422935485839844,21.097152709960938,-50.415164947509766,16.56118392944336,-14.829055786132812,-30.470754623413086,15.55301570892334,-10.583114624023438,9.817564010620117,5.594876289367676,-2.9307708740234375,13.605361938476562,-37.24848175048828,13.043991088867188,-46.84150314331055,17.959842681884766,-11.30694580078125,-36.60987091064453,21.94390106201172,-7.96148681640625,8.850830078125,8.12869644165039,-1.750640869140625,14.24936294555664,-37.15235137939453,4.49310302734375,-40.296295166015625,16.00335693359375,-8.49920654296875,-34.789283752441406,22.415056228637695,-5.713233947753906,7.510292053222656,8.847119331359863,-1.065216064453125,13.771678924560547,-38.11280822753906,-1.1894912719726562,-33.72693634033203,12.854202270507812,-2.8494033813476562,-28.112422943115234,16.394054412841797,-1.795013427734375,4.781608581542969,8.837528228759766,-0.52886962890625,12.272579193115234
319941,1972-09-18 09:08:22,-2.7172813415527344,16.908966064453125,-40.3392219543457,-2.8691627979278564,9.496383666992188,-28.2418212890625,-1.0666134357452393,8.335037231445312,-18.749813079833984,-34.90800476074219,19.968185424804688,-50.54126739501953,16.136587142944336,-15.27398681640625,-30.478778839111328,15.77523422241211,-10.27606201171875,9.789161682128906,5.773776054382324,-2.582763671875,13.60113525390625,-37.672027587890625,11.975570678710938,-46.788089752197266,17.446441650390625,-11.833160400390625,-36.691734313964844,22.077917098999023,-7.7799530029296875,8.67725944519043,8.281493186950684,-1.4906005859375,14.190837860107422,-37.4888916015625,3.555145263671875,-40.077674865722656,15.251922607421875,-9.014739990234375,-34.99645233154297,22.586545944213867,-5.5276947021484375,7.125516891479492,9.062886238098145,-0.7862167358398438,13.649585723876953,-38.373878479003906,-2.0012588500976562,-33.39082336425781,12.206802368164062,-3.3263931274414062,-28.347610473632812,16.507064819335938,-1.6352462768554688,4.437755584716797,9.046941757202148,-0.24721527099609375,12.128047943115234
319946,1972-09-18 09:09:05,-2.9855546951293945,16.48822021484375,-40.49412536621094,-2.9209976196289062,9.483367919921875,-28.240877151489258,-1.1688523292541504,8.183059692382812,-18.81056785583496,-35.35946273803711,19.373077392578125,-50.458984375,15.582792282104492,-15.514678955078125,-30.644929885864258,16.001815795898438,-10.071243286132812,9.633024215698242,5.972520351409912,-2.3382415771484375,13.559478759765625,-38.08360290527344,11.420501708984375,-46.59326934814453,16.75656509399414,-12.056808471679688,-36.93963623046875,22.200653076171875,-7.78106689453125,8.357208251953125,8.44877815246582,-1.399688720703125,14.101203918457031,-37.83489990234375,3.0756683349609375,-39.791168212890625,14.50362777709961,-9.297027587890625,-35.23987579345703,22.717424392700195,-5.4802398681640625,6.735416412353516,9.249332427978516,-0.6491546630859375,13.531211853027344,-38.657188415527344,-2.4065017700195312,-33.03538513183594,11.58896255493164,-3.6000823974609375,-28.57259750366211,16.593971252441406,-1.5945358276367188,4.116855621337891,9.226219177246094,-0.11919403076171875,11.994182586669922
319951,1972-09-18 09:09:48,-3.2622017860412598,16.314315795898438,-40.543182373046875,-3.076178550720215,9.424911499023438,-28.243976593017578,-1.3382422924041748,8.026092529296875,-18.866825103759766,-35.703514099121094,19.08599853515625,-50.3259391784668,15.242973327636719,-15.5390625,-30.80307388305664,16.198524475097656,-9.9141845703125,9.465715408325195,6.13840389251709,-2.205657958984375,13.507516860961914,-38.38127517700195,11.138885498046875,-46.41685104370117,16.108619689941406,-11.939865112304688,-37.264427185058594,22.325105667114258,-7.807037353515625,7.993551254272461,8.589434623718262,-1.400299072265625,14.015907287597656,-38.06845474243164,2.819000244140625,-39.58690643310547,13.811199188232422,-9.257431030273438,-35.52729797363281,22.837533950805664,-5.4630126953125,6.33110237121582,9.404184341430664,-0.6129913330078125,13.42575454711914,-38.83567428588867,-2.641693115234375,-32.80729675292969,11.149715423583984,-3.6439437866210938,-28.741317749023438,16.65410804748535,-1.5433731079101562,3.8871002197265625,9.341796875,-0.05574798583984375,11.904853820800781
319955,1972-09-18 09:10:23,-3.4286556243896484,16.123321533203125,-40.605812072753906,-3.152186870574951,9.376129150390625,-28.251827239990234,-1.4945218563079834,7.78228759765625,-18.95701789855957,-35.89841842651367,18.934783935546875,-50.24434280395508,14.84080696105957,-15.610137939453125,-30.963109970092773,16.371990203857422,-9.807373046875,9.276668548583984,6.30610466003418,-2.09210205078125,13.448198318481445,-38.56449890136719,11.002487182617188,-46.29736328125,15.5238037109375,-11.905014038085938,-37.52289581298828,22.40338897705078,-7.894287109375,7.6828155517578125,8.70510482788086,-1.421844482421875,13.942178726196289,-38.228294372558594,2.7056732177734375,-39.44050598144531,13.14645004272461,-9.2723388671875,-35.774749755859375,22.929798126220703,-5.529502868652344,5.926982879638672,9.566216468811035,-0.6186447143554688,13.310527801513672,-38.97077941894531,-2.7315216064453125,-32.63929748535156,10.57699203491211,-3.6993560791015625,-28.949954986572266,16.719087600708008,-1.5844192504882812,3.5794715881347656,9.487449645996094,-0.05599212646484375,11.789104461669922
319958,1972-09-18 09:11:06,-3.6990013122558594,15.732574462890625,-40.73515319824219,-3.300600528717041,9.182327270507812,-28.29848861694336,-1.6501224040985107,7.54248046875,-19.040857315063477,-36.21403884887695,18.49407958984375,-50.18195343017578,14.516735076904297,-15.843734741210938,-30.998077392578125,16.514270782470703,-9.6727294921875,9.1651611328125,6.459122657775879,-1.938568115234375,13.398494720458984,-38.851173400878906,10.593460083007812,-46.15285873413086,15.050430297851562,-12.103042602539062,-37.65217590332031,22.481220245361328,-7.8845977783203125,7.462245941162109,8.827163696289062,-1.344757080078125,13.87291145324707,-38.468223571777344,2.3543548583984375,-39.22919464111328,12.702835083007812,-9.498046875,-35.875667572021484,22.98940658569336,-5.5141754150390625,5.706245422363281,9.675583839416504,-0.5300521850585938,13.235084533691406,-39.16607666015625,-3.0263290405273438,-32.37848663330078,10.149600982666016,-3.9084701538085938,-29.075206756591797,16.764928817749023,-1.5685806274414062,3.365642547607422,9.600765228271484,0.03083038330078125,11.697101593017578
319963,1972-09-18 09:11:50,-4.302183151245117,15.245040893554688,-40.86109161376953,-3.6306848526000977,9.036468505859375,-28.305017471313477,-2.012767791748047,7.15594482421875,-19.154827117919922,-36.86586380004883,18.253204345703125,-49.794029235839844,13.58527946472168,-16.051666259765625,-31.311731338500977,16.791324615478516,-9.6036376953125,8.72378921508789,6.817928314208984,-1.8066864013671875,13.238187789916992,-39.47504425048828,10.394378662109375,-45.66617202758789,13.920330047607422,-12.242691040039062,-38.039798736572266,22.613609313964844,-8.044754028320312,6.867586135864258,9.112893104553223,-1.358673095703125,13.685544967651367,-39.023807525634766,2.2072296142578125,-38.68523406982422,11.813106536865234,-9.734626770019531,-36.115455627441406,23.075984954833984,-5.627906799316406,5.225505828857422,9.912129402160645,-0.5065689086914062,13.059803009033203,-39.643165588378906,-3.1178436279296875,-31.783729553222656,9.476310729980469,-4.154022216796875,-29.26775360107422,16.825613021850586,-1.6236343383789062,3.0188560485839844,9.80801773071289,0.07495880126953125,11.523670196533203
319969,1972-09-18 09:12:42,-5.192008972167969,14.300323486328125,-41.098575592041016,-4.227336406707764,8.458953857421875,-28.4005184173584,-2.420759677886963,6.7301177978515625,-19.261659622192383,-37.90852737426758,17.51995849609375,-49.27180862426758,11.324640274047852,-16.4923095703125,-31.97493553161621,17.2498779296875,-9.63092041015625,7.74403190612793,7.47873067855835,-1.5543365478515625,12.909320831298828,-40.49757385253906,9.78839111328125,-44.89827346801758,10.907058715820312,-12.60791015625,-38.89424133300781,22.870059967041016,-8.497177124023438,5.292964935302734,9.79347038269043,-1.379241943359375,13.204944610595703,-39.959083557128906,1.759490966796875,-37.741920471191406,10.214656829833984,-10.537406921386719,-36.376670837402344,23.176250457763672,-5.8924560546875,4.429529190063477,10.32710075378418,-0.39562225341796875,12.73812484741211,-40.46192169189453,-3.3979263305664062,-30.70494842529297,8.20901107788086,-4.879341125488281,-29.53746795654297,16.90970230102539,-1.8002548217773438,2.3815956115722656,10.188676834106445,0.187896728515625,11.18719482421875
319974,1972-09-18 09:13:25,-5.424395561218262,13.84576416015625,-41.224021911621094,-4.3245038986206055,8.297698974609375,-28.433441162109375,-2.516251564025879,6.54119873046875,-19.314434051513672,-38.10262680053711,17.4453125,-49.14841842651367,10.168439865112305,-16.6434326171875,-32.283729553222656,17.356842041015625,-9.789871215820312,7.292572021484375,7.716121673583984,-1.5077362060546875,12.774431228637695,-40.73820495605469,9.78338623046875,-44.68115234375,9.775714874267578,-12.847930908203125,-39.115875244140625,22.870845794677734,-8.805145263671875,4.759309768676758,10.011672973632812,-1.43695068359375,13.034048080444336,-40.2281608581543,1.817901611328125,-37.45219421386719,9.01632308959961,-10.761665344238281,-36.626914978027344,23.188804626464844,-6.262809753417969,3.8127269744873047,10.559124946594238,-0.4905853271484375,12.543106079101562,-40.73040771484375,-3.2665939331054688,-30.36231231689453,7.56585693359375,-5.22998046875,-29.648998260498047,16.932409286499023,-1.9633712768554688,2.0711326599121094,10.353612899780273,0.19011688232421875,11.034690856933594
319978,1972-09-18 09:14:00,-5.741331100463867,13.444549560546875,-41.31380844116211,-4.445229530334473,8.1943359375,-28.444799423217773,-2.6563992500305176,6.3693389892578125,-19.353065490722656,-38.386024475097656,17.023712158203125,-49.075687408447266,9.627283096313477,-16.61309814453125,-32.464759826660156,17.50528907775879,-9.736663818359375,7.003227233886719,7.876219749450684,-1.4249725341796875,12.685918807983398,-40.973106384277344,9.377685546875,-44.55317306518555,9.33444595336914,-12.935226440429688,-39.19481658935547,22.9456787109375,-8.734268188476562,4.523897171020508,10.125160217285156,-1.34844970703125,12.955608367919922,-40.40117645263672,1.4554901123046875,-37.281402587890625,7.98089599609375,-10.686592102050781,-36.888214111328125,23.264856338500977,-6.333915710449219,3.1793670654296875,10.776385307312012,-0.49398040771484375,12.356813430786133,-40.852874755859375,-3.5903167724609375,-30.160552978515625,6.916637420654297,-5.342277526855469,-29.787212371826172,16.97806167602539,-1.9121627807617188,1.7146224975585938,10.513641357421875,0.28557586669921875,10.880241394042969
319984,1972-09-18 09:14:52,-6.52034854888916,12.26416015625,-41.56470489501953,-4.903099060058594,7.476348876953125,-28.56707191467285,-3.008951187133789,5.8450927734375,-19.466567993164062,-39.30180740356445,14.92523193359375,-49.03389358520508,9.224143981933594,-16.961944580078125,-32.40135192871094,17.86269760131836,-9.214553833007812,6.804370880126953,8.102543830871582,-0.9514007568359375,12.587358474731445,-41.655086517333984,7.329193115234375,-44.30415725708008,8.914981842041016,-13.53692626953125,-39.08913040161133,23.209125518798828,-8.115280151367188,4.328488349914551,10.31154727935791,-0.8108978271484375,12.852991104125977,-40.814823150634766,-0.4016265869140625,-36.85465621948242,7.234935760498047,-11.203147888183594,-36.88880157470703,23.454370498657227,-5.822517395019531,2.7333297729492188,10.990657806396484,-0.0119476318359375,12.176643371582031,-41.069122314453125,-5.285858154296875,-29.612388610839844,6.043975830078125,-5.856529235839844,-29.8802490234375,17.06146812438965,-1.5085372924804688,1.2171707153320312,10.740795135498047,0.7824172973632812,10.63113021850586
319989,1972-09-18 09:15:35,-6.902238845825195,11.694976806640625,-41.666961669921875,-5.078377723693848,7.2640533447265625,-28.59121322631836,-3.179633140563965,5.594207763671875,-19.513093948364258,-39.74260711669922,14.360580444335938,-48.846858978271484,8.522619247436523,-17.235031127929688,-32.44932556152344,17.935699462890625,-9.201736450195312,6.627350807189941,8.218710899353027,-0.7889251708984375,12.523111343383789,-42.06282043457031,6.8300018310546875,-43.99762725830078,7.0906982421875,-13.60089111328125,-39.4388542175293,23.27983283996582,-8.322921752929688,3.46920108795166,10.591026306152344,-0.7674560546875,12.62640380859375,-41.16399002075195,-0.8058319091796875,-36.45755386352539,6.409244537353516,-11.572402954101562,-36.927490234375,23.473094940185547,-5.904396057128906,2.3732242584228516,11.135313034057617,0.09317779541015625,12.044147491455078,-41.35714340209961,-5.5961151123046875,-29.15093231201172,5.526248931884766,-6.283546447753906,-29.893733978271484,17.078855514526367,-1.48974609375,0.9717063903808594,10.868704795837402,0.9471817016601562,10.486747741699219
319994,1972-09-18 09:16:19,-6.905723571777344,11.359649658203125,-41.75905227661133,-5.017297744750977,7.169342041015625,-28.62588119506836,-3.152512550354004,5.491455078125,-19.54665756225586,-39.73930740356445,14.174163818359375,-48.90395736694336,7.2941741943359375,-17.045654296875,-32.8463249206543,17.96371841430664,-9.451202392578125,6.185673713684082,8.311816215515137,-0.7871856689453125,12.461620330810547,-42.09233856201172,6.695892333984375,-43.99000930786133,5.867595672607422,-13.61224365234375,-39.63538360595703,23.259567260742188,-8.57208251953125,2.961271286010742,10.709864616394043,-0.7823944091796875,12.524836540222168,-41.222869873046875,-0.8828887939453125,-36.38917541503906,5.661186218261719,-11.749610900878906,-36.99372863769531,23.447187423706055,-6.1139068603515625,2.0808162689208984,11.204854011535645,0.08809661865234375,11.979515075683594,-41.430519104003906,-5.612327575683594,-29.043426513671875,4.9437713623046875,-6.631622314453125,-29.920536041259766,17.090126037597656,-1.5098342895507812,0.7063255310058594,10.967081069946289,1.0707550048828125,10.371810913085938
319999,1972-09-18 09:17:02,-6.742837905883789,11.38970947265625,-41.77748107910156,-4.8529510498046875,7.2818145751953125,-28.62582778930664,-3.075554847717285,5.5110931396484375,-19.55338478088379,-39.51344299316406,14.007904052734375,-49.134342193603516,7.246747970581055,-16.63311767578125,-33.06757736206055,18.02523422241211,-9.381301879882812,6.112709999084473,8.23199462890625,-0.7637786865234375,12.515941619873047,-41.83259963989258,6.4879913330078125,-44.2680549621582,6.176250457763672,-13.357177734375,-39.67524337768555,23.31574249267578,-8.37725830078125,3.074862480163574,10.612767219543457,-0.729217529296875,12.610404014587402,-40.94802474975586,-1.11370849609375,-36.69190216064453,5.784934997558594,-11.478012084960938,-37.05979537963867,23.48656463623047,-5.939247131347656,2.1417236328125,11.108622550964355,0.136566162109375,12.068355560302734,-41.165069580078125,-5.875129699707031,-29.367103576660156,4.852893829345703,-6.512489318847656,-29.961551666259766,17.107877731323242,-1.3150405883789062,0.6649017333984375,10.914369583129883,1.1951980590820312,10.41373062133789
320005,1972-09-18 09:17:54,-6.566837310791016,11.056640625,-41.89482879638672,-4.685760498046875,7.1361236572265625,-28.690296173095703,-2.993366241455078,5.3598480224609375,-19.608108520507812,-39.27663803100586,13.347976684570312,-49.506500244140625,7.277469635009766,-16.49066162109375,-33.132110595703125,18.08277130126953,-9.252685546875,6.138757228851318,8.14090347290039,-0.644775390625,12.58204460144043,-41.55262756347656,5.82647705078125,-44.622337341308594,6.0481719970703125,-13.2862548828125,-39.71876525878906,23.384750366210938,-8.174728393554688,3.095889091491699,10.510492324829102,-0.554962158203125,12.704585075378418,-40.64546585083008,-1.7294158935546875,-37.00313186645508,5.951694488525391,-11.525596618652344,-37.018592834472656,23.530847549438477,-5.704193115234375,2.2894859313964844,10.989314079284668,0.3140411376953125,12.173812866210938,-40.86846923828125,-6.458290100097656,-29.657470703125,4.842502593994141,-6.661430358886719,-29.930477142333984,17.123403549194336,-1.0761337280273438,0.6941566467285156,10.820116996765137,1.4390640258789062,10.481029510498047
320011,1972-09-18 09:18:46,-6.315065383911133,10.889541625976562,-41.97721862792969,-4.405057907104492,7.247802734375,-28.706768035888672,-2.8634824752807617,5.3062896728515625,-19.64204216003418,-38.75927734375,13.58465576171875,-49.84869384765625,7.120929718017578,-16.186904907226562,-33.315406799316406,18.010772705078125,-9.394973754882812,6.134300231933594,8.005154609680176,-0.7073211669921875,12.665509223937988,-41.10109329223633,6.05499267578125,-45.008419036865234,5.831043243408203,-13.03790283203125,-39.833370208740234,23.347660064697266,-8.257369995117188,3.1559226512908936,10.342659950256348,-0.5660400390625,12.841100692749023,-40.28669738769531,-1.524627685546875,-37.40232849121094,5.4110870361328125,-11.235214233398438,-37.19043731689453,23.501239776611328,-5.867591857910156,2.1779098510742188,10.868097305297852,0.243682861328125,12.283744812011719,-40.59284973144531,-6.273704528808594,-30.072708129882812,4.444988250732422,-6.637908935546875,-29.99730110168457,17.12554931640625,-1.1016464233398438,0.5939674377441406,10.757987022399902,1.4504852294921875,10.54322624206543
320020,1972-09-18 09:20:04,-6.710203170776367,9.69549560546875,-42.20805358886719,-4.555933952331543,6.6827850341796875,-28.820093154907227,-2.943279266357422,4.989776611328125,-19.713071823120117,-38.99761962890625,12.057281494140625,-50.055213928222656,6.566858291625977,-16.107955932617188,-33.46715545654297,18.2420597076416,-9.072998046875,5.932205677032471,8.023818016052246,-0.3625335693359375,12.668262481689453,-41.186519622802734,4.55157470703125,-45.10737228393555,4.770347595214844,-13.1243896484375,-39.94595718383789,23.53652572631836,-7.8330230712890625,2.8165512084960938,10.32994270324707,-0.12713623046875,12.863166809082031,-40.22074890136719,-2.898773193359375,-37.39204788208008,4.228931427001953,-11.347740173339844,-37.309295654296875,23.62270736694336,-5.5231170654296875,1.7155542373657227,10.866857528686523,0.621337890625,12.271541595458984,-40.433650970458984,-7.546661376953125,-29.994571685791016,3.4057044982910156,-7.119697570800781,-30.022809982299805,17.156465530395508,-0.6932601928710938,0.1612682342529297,10.76317024230957,1.9699859619140625,10.45328140258789
320026,1972-09-18 09:20:56,-6.724184036254883,9.102371215820312,-42.33770751953125,-4.487726211547852,6.4475860595703125,-28.88429832458496,-2.898077964782715,4.8215484619140625,-19.76157569885254,-38.82289505004883,11.874481201171875,-50.234405517578125,6.158252716064453,-16.191925048828125,-33.50429153442383,18.209972381591797,-9.16748046875,5.885336875915527,7.9989013671875,-0.3015289306640625,12.6856050491333,-41.05698013305664,4.4137420654296875,-45.23896789550781,4.848079681396484,-13.447586059570312,-39.82892990112305,23.49394416809082,-7.881103515625,3.0298523902893066,10.234518051147461,-0.0376739501953125,12.939788818359375,-40.14286804199219,-2.9859466552734375,-37.46880340576172,4.208103179931641,-11.616493225097656,-37.228851318359375,23.593055725097656,-5.601737976074219,1.862421989440918,10.78370189666748,0.6874542236328125,12.341170310974121,-40.39421844482422,-7.580329895019531,-30.039180755615234,3.2878646850585938,-7.3979034423828125,-29.968631744384766,17.154891967773438,-0.7250747680664062,0.18677902221679688,10.709890365600586,2.0572280883789062,10.491130828857422
320032,1972-09-18 09:21:48,-7.07390022277832,7.68353271484375,-42.56139373779297,-4.662433624267578,5.619232177734375,-29.0292911529541,-3.008755683898926,4.2726287841796875,-19.871036529541016,-39.21734619140625,10.26641845703125,-50.282371520996094,5.992929458618164,-17.275543212890625,-32.989097595214844,18.2288818359375,-8.9476318359375,6.15878963470459,8.016779899597168,0.1458587646484375,12.677061080932617,-41.412532806396484,2.9709014892578125,-45.03217697143555,4.703578948974609,-14.770904541015625,-39.37489318847656,23.51000213623047,-7.7106781005859375,3.3290603160858154,10.204975128173828,0.4556121826171875,12.955145835876465,-40.43770980834961,-4.1754913330078125,-37.03557586669922,4.038898468017578,-12.829208374023438,-36.84748458862305,23.60415267944336,-5.490142822265625,2.0451221466064453,10.768697738647461,1.1353988647460938,12.321175575256348,-40.630767822265625,-8.528556823730469,-29.460330963134766,3.0803871154785156,-8.485862731933594,-29.7011661529541,17.16046905517578,-0.5932159423828125,0.13138580322265625,10.723278045654297,2.5304107666015625,10.37333869934082
320038,1972-09-18 09:22:40,-6.83302116394043,7.135833740234375,-42.695884704589844,-4.460786819458008,5.32354736328125,-29.1165771484375,-2.864687919616699,4.0789947509765625,-19.932926177978516,-38.91185760498047,9.7613525390625,-50.619163513183594,6.278913497924805,-17.76055908203125,-32.67687225341797,18.140155792236328,-8.883544921875,6.50388240814209,7.880412578582764,0.3175201416015625,12.759160995483398,-41.15966796875,2.5397491455078125,-45.289649963378906,4.994037628173828,-15.345840454101562,-39.11841583251953,23.46636962890625,-7.6669921875,3.715343475341797,10.050010681152344,0.6599273681640625,13.067007064819336,-40.25179672241211,-4.508575439453125,-37.19868469238281,4.3603973388671875,-13.32867431640625,-36.632930755615234,23.567340850830078,-5.472282409667969,2.472832679748535,10.570735931396484,1.3190841674804688,12.473365783691406,-40.50016784667969,-8.765281677246094,-29.570476531982422,3.321788787841797,-9.081642150878906,-29.498258590698242,17.16280746459961,-0.41939544677734375,0.3361854553222656,10.561808586120605,2.8612289428710938,10.452718734741211
320043,1972-09-18 09:23:24,-6.259021759033203,7.13189697265625,-42.78445816040039,-4.031806945800781,5.3975067138671875,-29.165481567382812,-2.562480926513672,4.1431732177734375,-19.96080780029297,-38.16826629638672,9.991104125976562,-51.1378288269043,6.797201156616211,-17.756759643554688,-32.5750846862793,17.97991943359375,-8.960006713867188,6.835490703582764,7.653292179107666,0.2682647705078125,12.89779281616211,-40.51883316040039,2.771209716796875,-45.85047149658203,5.492683410644531,-15.335052490234375,-39.055755615234375,23.383676528930664,-7.7391510009765625,4.070171356201172,9.846292495727539,0.6292572021484375,13.222687721252441,-39.751522064208984,-4.2921142578125,-37.758056640625,4.866203308105469,-13.300888061523438,-36.57929611206055,23.504079818725586,-5.5477142333984375,2.8742618560791016,10.350495338439941,1.2819137573242188,12.660540580749512,-40.12261199951172,-8.558525085449219,-30.140254974365234,3.779132843017578,-9.137794494628906,-29.425783157348633,17.15475082397461,-0.38863372802734375,0.6437149047851562,10.364725112915039,2.90264892578125,10.636960983276367
320049,1972-09-18 09:24:15,-6.472818374633789,6.7484588623046875,-42.81483459472656,-4.035528182983398,5.448822021484375,-29.15542221069336,-2.549406051635742,4.2132415771484375,-19.947811126708984,-38.09505844116211,10.218215942382812,-51.147544860839844,6.716897964477539,-17.422531127929688,-32.77161407470703,17.942745208740234,-9.092620849609375,6.757615089416504,7.610597133636475,0.1377716064453125,12.925082206726074,-40.448631286621094,2.9703369140625,-45.89996337890625,5.118144989013672,-15.04425048828125,-39.219390869140625,23.400814056396484,-7.7544708251953125,3.9404549598693848,9.804139137268066,0.615509033203125,13.254618644714355,-39.688865661621094,-4.1327056884765625,-37.8416633605957,4.791221618652344,-13.0755615234375,-36.670318603515625,23.502660751342773,-5.5602569580078125,2.8616156578063965,10.30400276184082,1.2322921752929688,12.703317642211914,-40.06880187988281,-8.437301635742188,-30.245819091796875,3.830890655517578,-9.017318725585938,-29.45624351501465,17.153491973876953,-0.34203338623046875,0.7011356353759766,10.305554389953613,2.8967208862304688,10.695901870727539
320055,1972-09-18 09:25:07,-6.573148727416992,5.770843505859375,-42.94228744506836,-4.007778167724609,5.0350799560546875,-29.23353385925293,-2.547224998474121,3.9107818603515625,-20.009586334228516,-37.93305206298828,9.268722534179688,-51.44794845581055,6.8814544677734375,-17.367111206054688,-32.76689529418945,17.979084014892578,-8.973037719726562,6.8205885887146,7.516688346862793,0.2368621826171875,12.978490829467773,-40.22237777709961,2.03765869140625,-46.14899444580078,4.795509338378906,-15.168991088867188,-39.21211624145508,23.512067794799805,-7.5136566162109375,3.739609718322754,9.835508346557617,0.8327789306640625,13.219460487365723,-39.41651153564453,-4.9832305908203125,-38.0234489440918,4.782142639160156,-13.245452880859375,-36.61048126220703,23.559497833251953,-5.2849578857421875,2.9154019355773926,10.200738906860352,1.4740676879882812,12.760775566101074,-39.78383255004883,-9.224922180175781,-30.391681671142578,3.95013427734375,-9.234848022460938,-29.37298011779785,17.153709411621094,-0.11944580078125,0.7660903930664062,10.185364723205566,3.1349945068359375,10.74374008178711
320060,1972-09-18 09:25:51,-6.378852844238281,4.9144439697265625,-43.07792663574219,-3.8624801635742188,4.535675048828125,-29.334667205810547,-2.44565486907959,3.5951995849609375,-20.08131980895996,-37.6826057434082,7.8509521484375,-51.86617660522461,7.19709587097168,-17.500900268554688,-32.627601623535156,18.04584312438965,-8.763839721679688,6.915624618530273,7.451901435852051,0.400787353515625,13.011780738830566,-39.891624450683594,0.663116455078125,-46.47515106201172,5.44427490234375,-15.7037353515625,-38.91578674316406,23.60256576538086,-7.03863525390625,4.07841682434082,9.70470142364502,1.2074432373046875,13.287054061889648,-39.03142547607422,-6.219818115234375,-38.2379150390625,5.118537902832031,-13.676902770996094,-36.40578842163086,23.623437881469727,-4.86773681640625,3.117466449737549,10.069173812866211,1.8361053466796875,12.818181991577148,-39.386898040771484,-10.351493835449219,-30.54547119140625,4.086643218994141,-9.574897766113281,-29.245147705078125,17.150741577148438,0.1190032958984375,0.8299446105957031,10.047842025756836,3.4283447265625,10.783557891845703
320065,1972-09-18 09:26:34,-6.288503646850586,4.68194580078125,-43.117088317871094,-3.772226333618164,4.45855712890625,-29.35822296142578,-2.377775192260742,3.561248779296875,-20.095516204833984,-37.516448974609375,7.60626220703125,-52.022857666015625,7.652078628540039,-17.541580200195312,-32.501983642578125,17.965675354003906,-8.701644897460938,7.197166442871094,7.280560493469238,0.437713623046875,13.107240676879883,-39.72162628173828,0.423614501953125,-46.623321533203125,5.922580718994141,-15.850921630859375,-38.786033630371094,23.59910011291504,-6.8888702392578125,4.34548282623291,9.599708557128906,1.3010711669921875,13.354314804077148,-38.86914825439453,-6.4373626708984375,-38.36699676513672,5.188972473144531,-13.720367431640625,-36.37944793701172,23.629180908203125,-4.7986297607421875,3.180449962615967,10.011630058288574,1.8977584838867188,12.854225158691406,-39.2393913269043,-10.552391052246094,-30.666336059570312,4.108760833740234,-9.548858642578125,-29.25055694580078,17.14813232421875,0.0967864990234375,0.8848810195922852,9.988900184631348,3.4118118286132812,10.843395233154297
320070,1972-09-18 09:27:18,-6.192569732666016,4.798553466796875,-43.1181526184082,-3.673583984375,4.6009521484375,-29.34876251220703,-2.287478446960449,3.7048797607421875,-20.08002471923828,-37.344078063964844,8.001129150390625,-52.08760070800781,7.752153396606445,-17.42327880859375,-32.541873931884766,17.865699768066406,-8.833450317382812,7.284924507141113,7.192379951477051,0.3363800048828125,13.15881633758545,-39.597740173339844,0.8069610595703125,-46.723541259765625,6.318286895751953,-15.817794799804688,-38.73708724975586,23.53495979309082,-6.9297637939453125,4.61965274810791,9.480733871459961,1.252349853515625,13.443666458129883,-38.7996711730957,-6.0920257568359375,-38.49349594116211,5.219470977783203,-13.5933837890625,-36.42273712158203,23.596464157104492,-4.922889709472656,3.233003616333008,9.978033065795898,1.7995758056640625,12.894405364990234,-39.209686279296875,-10.236961364746094,-30.81090545654297,4.102653503417969,-9.384178161621094,-29.304664611816406,17.145469665527344,-0.04581451416015625,0.9389724731445312,9.971410751342773,3.2616500854492188,10.905523300170898
320075,1972-09-18 09:28:01,-6.038652420043945,4.9173736572265625,-43.12659454345703,-3.527223587036133,4.756927490234375,-29.341848373413086,-2.154245376586914,3.877593994140625,-20.062145233154297,-37.078853607177734,8.480804443359375,-52.20106506347656,7.878360748291016,-17.294845581054688,-32.580055236816406,17.736209869384766,-9.003952026367188,7.391819000244141,7.083852291107178,0.2103271484375,13.220163345336914,-39.40007400512695,1.2762603759765625,-46.879913330078125,6.674430847167969,-15.750579833984375,-38.704734802246094,23.450618743896484,-7.02960205078125,4.88983154296875,9.34941577911377,1.1728515625,13.54244327545166,-38.67952346801758,-5.6658782958984375,-38.67905044555664,5.441192626953125,-13.489158630371094,-36.42903137207031,23.545368194580078,-5.053398132324219,3.3998825550079346,9.906682968139648,1.6923141479492188,12.96375846862793,-39.147300720214844,-9.843795776367188,-31.017658233642578,4.230323791503906,-9.227119445800781,-29.33637046813965,17.137401580810547,-0.184783935546875,1.0612268447875977,9.924896240234375,3.1118927001953125,10.991377830505371
320080,1972-09-18 09:28:44,-5.79460334777832,5.0702667236328125,-43.14236831665039,-3.3131752014160156,4.958465576171875,-29.333431243896484,-1.9496326446533203,4.1401519775390625,-20.03058433532715,-36.62815856933594,9.123764038085938,-52.41041946411133,8.219749450683594,-17.02685546875,-32.63682174682617,17.582611083984375,-9.160476684570312,7.564447402954102,6.902998447418213,0.049072265625,13.317061424255371,-39.022987365722656,1.881317138671875,-47.17401885986328,7.470298767089844,-15.558853149414062,-38.636802673339844,23.334943771362305,-7.0627288818359375,5.371721267700195,9.11003303527832,1.0702362060546875,13.71301555633545,-38.397735595703125,-5.1387176513671875,-39.031837463378906,6.060466766357422,-13.263427734375,-36.41415023803711,23.476680755615234,-5.09893798828125,3.785043954849243,9.725565910339355,1.5770111083984375,13.114562034606934,-38.944332122802734,-9.384384155273438,-31.413040161132812,4.662837982177734,-8.891548156738281,-29.374412536621094,17.114953994750977,-0.3001708984375,1.356165885925293,9.779478073120117,2.9090805053710938,11.175726890563965
320084,1972-09-18 09:29:36,-5.729818344116211,5.089385986328125,-43.14876937866211,-3.244112014770508,5.0270233154296875,-29.329483032226562,-1.8429946899414062,4.31878662109375,-20.00293731689453,-36.4217414855957,9.453338623046875,-52.49578857421875,8.504241943359375,-16.883575439453125,-32.63836669921875,17.489931106567383,-9.228775024414062,7.695143699645996,6.7892022132873535,-0.0426483154296875,13.375455856323242,-38.84575653076172,2.1864013671875,-47.30696105957031,7.914966583251953,-15.431442260742188,-38.599342346191406,23.27407455444336,-7.0646820068359375,5.627147674560547,8.98160457611084,1.0139312744140625,13.801725387573242,-38.2601432800293,-4.87774658203125,-39.20006561279297,6.7198944091796875,-13.191421508789062,-36.32447814941406,23.43268585205078,-5.0568389892578125,4.100958824157715,9.632399559020996,1.5230712890625,13.189483642578125,-38.840675354003906,-9.1632080078125,-31.606082916259766,5.083873748779297,-8.649497985839844,-29.3768310546875,17.09174346923828,-0.3603973388671875,1.6103649139404297,9.66612720489502,2.7712020874023438,11.30859088897705
320090,1972-09-18 09:30:28,-5.649709701538086,5.2010498046875,-43.146018981933594,-3.165792465209961,5.1543731689453125,-29.315933227539062,-1.7617864608764648,4.4652557373046875,-19.97808265686035,-36.21152877807617,9.816635131835938,-52.57447052001953,9.021665573120117,-16.765274047851562,-32.560333251953125,17.33794403076172,-9.31610107421875,7.930264472961426,6.626338958740234,-0.1739349365234375,13.455827713012695,-38.66569519042969,2.52301025390625,-47.437530517578125,8.448814392089844,-15.31024169921875,-38.534385681152344,23.206254959106445,-7.0694427490234375,5.894904136657715,8.866231918334961,0.9399261474609375,13.881332397460938,-38.120853424072266,-4.5895233154296875,-39.370208740234375,7.352325439453125,-13.108329772949219,-36.231937408447266,23.39141845703125,-5.028228759765625,4.36333703994751,9.575216293334961,1.4527435302734375,13.238961219787598,-38.73609161376953,-8.91864013671875,-31.803775787353516,5.648380279541016,-8.399238586425781,-29.3463191986084,17.06352424621582,-0.4213409423828125,1.8733692169189453,9.590155601501465,2.6177978515625,11.40937614440918
320097,1972-09-18 09:31:29,-5.816131591796875,4.9803619384765625,-43.14994430541992,-3.250804901123047,5.09637451171875,-29.316770553588867,-1.794046401977539,4.497894287109375,-19.96788787841797,-36.396305084228516,9.470993041992188,-52.510250091552734,9.417619705200195,-16.845611572265625,-32.40639114379883,17.315750122070312,-9.234481811523438,8.072941780090332,6.59111213684082,-0.1733551025390625,13.473125457763672,-38.79566192626953,2.1766510009765625,-47.34849548339844,9.045064926147461,-15.507720947265625,-38.319480895996094,23.216629028320312,-6.83233642578125,6.128995895385742,8.844663619995117,1.0428314208984375,13.887740135192871,-38.18993377685547,-4.9116973876953125,-39.264244079589844,7.531707763671875,-13.207588195800781,-36.158973693847656,23.42313575744629,-4.839759826660156,4.406095027923584,9.585917472839355,1.5591278076171875,13.219100952148438,-38.761600494384766,-9.224685668945312,-31.6851806640625,5.752326965332031,-8.424240112304688,-29.31894874572754,17.06443977355957,-0.32038116455078125,1.8849687576293945,9.594050407409668,2.68780517578125,11.38980770111084
320101,1972-09-18 09:32:04,-5.856756210327148,4.761383056640625,-43.169166564941406,-3.225191116333008,5.088165283203125,-29.321025848388672,-1.7425308227539062,4.576995849609375,-19.9544677734375,-36.42116165161133,9.215347290039062,-52.53849411010742,9.617412567138672,-16.916946411132812,-32.31040573120117,17.304584503173828,-9.17242431640625,8.167084693908691,6.556875228881836,-0.141204833984375,13.490195274353027,-38.7978401184082,1.9272003173828125,-47.35752487182617,9.18984603881836,-15.600784301757812,-38.24718475341797,23.230648040771484,-6.7320556640625,6.186570167541504,8.835721969604492,1.106842041015625,13.88847827911377,-38.170387268066406,-5.1375885009765625,-39.254337310791016,7.629753112792969,-13.291610717773438,-36.10759735107422,23.437923431396484,-4.7500152587890625,4.425071716308594,9.593002319335938,1.62042236328125,13.206584930419922,-38.72908020019531,-9.432159423828125,-31.663856506347656,5.790596008300781,-8.479515075683594,-29.29547119140625,17.06502342224121,-0.265350341796875,1.8882513046264648,9.587406158447266,2.7434158325195312,11.382139205932617
320107,1972-09-18 09:32:56,-5.968038558959961,4.64727783203125,-43.16635513305664,-3.2311763763427734,5.15948486328125,-29.307899475097656,-1.726602554321289,4.6606597900390625,-19.936479568481445,-36.520843505859375,9.216232299804688,-52.46909713745117,9.623939514160156,-16.999237060546875,-32.26523971557617,17.260000228881836,-9.233352661132812,8.192728996276855,6.562079906463623,-0.17315673828125,13.48729133605957,-38.904380798339844,1.9437103271484375,-47.26936340332031,9.00826644897461,-15.676803588867188,-38.259307861328125,23.23837661743164,-6.8143768310546875,6.066227912902832,8.921700477600098,1.077239990234375,13.835740089416504,-38.27631759643555,-5.1081085205078125,-39.15491485595703,7.581989288330078,-13.390853881835938,-36.08097457885742,23.43943977355957,-4.8125,4.348879337310791,9.676474571228027,1.5972061157226562,13.148387908935547,-38.828338623046875,-9.387481689453125,-31.555377960205078,5.750053405761719,-8.519149780273438,-29.291959762573242,17.06854248046875,-0.33567047119140625,1.8447513580322266,9.64925479888916,2.7036666870117188,11.339305877685547
320112,1972-09-18 09:33:39,-6.359403610229492,4.443756103515625,-43.131893157958984,-3.434741973876953,5.13494873046875,-29.289052963256836,-1.8630943298339844,4.6306915283203125,-19.931177139282227,-37.001243591308594,9.055313110351562,-52.15961837768555,9.271482467651367,-17.242156982421875,-32.23954391479492,17.277000427246094,-9.302719116210938,8.077593803405762,6.700329780578613,-0.1624298095703125,13.419281005859375,-39.368038177490234,1.828826904296875,-46.88853073120117,8.261054992675781,-15.889862060546875,-38.3399658203125,23.307540893554688,-7.02252197265625,5.54073429107666,9.26177978515625,1.0046234130859375,13.615985870361328,-38.69300842285156,-5.17291259765625,-38.734596252441406,7.134246826171875,-13.664199829101562,-36.06979751586914,23.46992301940918,-4.93597412109375,4.034734725952148,9.903726577758789,1.594635009765625,12.978391647338867,-39.189544677734375,-9.399795532226562,-31.1019287109375,5.444313049316406,-8.696647644042969,-29.2982177734375,17.085573196411133,-0.4577789306640625,1.650618553161621,9.8224515914917,2.6748733520507812,11.19653034210205
320118,1972-09-18 09:34:31,-6.643167495727539,4.3300933837890625,-43.100669860839844,-3.5143489837646484,5.3307342529296875,-29.24459457397461,-1.9182796478271484,4.7645721435546875,-19.89434814453125,-37.44197463989258,8.51336669921875,-51.9359016418457,9.098611831665039,-17.370803833007812,-32.219722747802734,17.353355407714844,-9.322738647460938,7.888657569885254,6.882205963134766,-0.1958770751953125,13.326469421386719,-39.74126434326172,1.320281982421875,-46.589805603027344,7.728754043579102,-16.074600219726562,-38.373939514160156,23.406707763671875,-7.02337646484375,5.104450225830078,9.532054901123047,1.036163330078125,13.425765991210938,-38.97702407836914,-5.6146392822265625,-38.38676834106445,6.868309020996094,-13.918159484863281,-36.0242919921875,23.526775360107422,-4.852043151855469,3.7985191345214844,10.065145492553711,1.6999969482421875,12.84010124206543,-39.398399353027344,-9.783035278320312,-30.717506408691406,5.197410583496094,-8.818138122558594,-29.306747436523438,17.10362434387207,-0.4975738525390625,1.4385251998901367,9.989429473876953,2.6831512451171875,11.04580307006836
320122,1972-09-18 09:35:06,-6.985996246337891,4.1794281005859375,-43.06132125854492,-3.665792465209961,5.424957275390625,-29.208656311035156,-2.020358085632324,4.83233642578125,-19.867883682250977,-37.97369384765625,7.975738525390625,-51.63431930541992,8.864294052124023,-17.558975219726562,-32.183021545410156,17.435890197753906,-9.295425415039062,7.737448692321777,7.04649019241333,-0.1629180908203125,13.24078369140625,-40.199832916259766,0.8210906982421875,-46.20628356933594,7.342414855957031,-16.345901489257812,-38.335174560546875,23.48033905029297,-6.9573516845703125,4.850374221801758,9.709516525268555,1.1353912353515625,13.289887428283691,-39.3353157043457,-6.0430145263671875,-37.95380783081055,6.539710998535156,-14.196990966796875,-35.97660446166992,23.580074310302734,-4.7695465087890625,3.5653648376464844,10.216080665588379,1.8200225830078125,12.70372200012207,-39.669517517089844,-10.148475646972656,-30.246395111083984,4.911273956298828,-8.968544006347656,-29.31045150756836,17.118146896362305,-0.5262908935546875,1.242166519165039,10.132760047912598,2.7118072509765625,10.907384872436523
320128,1972-09-18 09:35:58,-7.416372299194336,4.264007568359375,-42.980979919433594,-3.894852638244629,5.63092041015625,-29.139951705932617,-2.1612138748168945,5.0046844482421875,-19.8103084564209,-38.601261138916016,7.843292236328125,-51.18732452392578,8.632867813110352,-17.554031372070312,-32.248565673828125,17.49759292602539,-9.315841674804688,7.571826934814453,7.183571815490723,-0.2028045654296875,13.166361808776855,-40.74974822998047,0.6916351318359375,-45.72418212890625,6.928600311279297,-16.372970581054688,-38.40059280395508,23.54861831665039,-6.9342193603515625,4.5427093505859375,9.897098541259766,1.1402130126953125,13.150370597839355,-39.774627685546875,-6.16046142578125,-37.47405242919922,6.118370056152344,-14.228981018066406,-36.03803634643555,23.63254165649414,-4.7402191162109375,3.2424845695495605,10.39754867553711,1.8372955322265625,12.55311393737793,-40.00953674316406,-10.2567138671875,-29.758079528808594,4.580177307128906,-8.897842407226562,-29.385513305664062,17.130260467529297,-0.596954345703125,1.0240402221679688,10.2943696975708,2.6342620849609375,10.774247169494629
320134,1972-09-18 09:36:50,-7.570192337036133,4.4344635009765625,-42.936893463134766,-3.999837875366211,5.7825469970703125,-29.09600067138672,-2.249757766723633,5.0848388671875,-19.780017852783203,-38.81372833251953,7.914642333984375,-51.015380859375,8.609445571899414,-17.298797607421875,-32.392417907714844,17.55353355407715,-9.295852661132812,7.4661865234375,7.212092399597168,-0.2568359375,13.149816513061523,-40.906982421875,0.723236083984375,-45.58307647705078,6.831565856933594,-16.104751586914062,-38.531185150146484,23.60079574584961,-6.87799072265625,4.353496551513672,9.978104591369629,1.08355712890625,13.09382438659668,-39.86880874633789,-6.1672515869140625,-37.37271499633789,6.0572967529296875,-14.005081176757812,-36.135929107666016,23.66960334777832,-4.6474761962890625,3.103407621383667,10.455118179321289,1.812347412109375,12.508845329284668,-40.05660629272461,-10.305397033691406,-29.67782974243164,4.504234313964844,-8.653976440429688,-29.469959259033203,17.13566780090332,-0.5851821899414062,0.9366340637207031,10.350384712219238,2.5566024780273438,10.739232063293457
320139,1972-09-18 09:37:33,-7.647947311401367,4.030364990234375,-42.96293640136719,-3.9836206436157227,5.692047119140625,-29.116065979003906,-2.2154197692871094,5.0811004638671875,-19.78485107421875,-39.01371765136719,7.048492431640625,-50.98985290527344,8.417510986328125,-17.54962158203125,-32.30784225463867,17.602622985839844,-9.239791870117188,7.420042037963867,7.275711536407471,-0.1387481689453125,13.116504669189453,-41.058372497558594,-0.0764312744140625,-45.45245361328125,6.750644683837891,-16.587844848632812,-38.340023040771484,23.6446533203125,-6.7408905029296875,4.329896926879883,10.039811134338379,1.2836761474609375,13.028402328491211,-39.96385955810547,-6.8490447998046875,-37.15181350708008,5.991111755371094,-14.473350524902344,-35.96202087402344,23.70069122314453,-4.5122222900390625,3.065514087677002,10.504297256469727,2.0202484130859375,12.43558120727539,-40.108787536621094,-10.881866455078125,-29.400291442871094,4.399940490722656,-8.961631774902344,-29.393665313720703,17.139892578125,-0.5848159790039062,0.8560800552368164,10.40848159790039,2.6612701416015625,10.657342910766602
320144,1972-09-18 09:38:17,-7.577829360961914,3.7401275634765625,-43.00159454345703,-3.7911596298217773,5.8763885498046875,-29.10513687133789,-1.9962921142578125,5.4127197265625,-19.720129013061523,-39.18326950073242,5.961883544921875,-50.99847412109375,8.326671600341797,-17.85308837890625,-32.164794921875,17.682456970214844,-9.098358154296875,7.404982566833496,7.337225914001465,0.0344696044921875,13.082883834838867,-41.160987854003906,-1.0915985107421875,-45.346473693847656,6.807094573974609,-17.127716064453125,-38.09187316894531,23.704036712646484,-6.4999237060546875,4.373391151428223,10.067177772521973,1.552581787109375,12.977917671203613,-39.995967864990234,-7.726226806640625,-36.944618225097656,6.011585235595703,-14.982757568359375,-35.74935531616211,23.742399215698242,-4.29180908203125,3.059270143508911,10.530529975891113,2.2855072021484375,12.36728572845459,-40.09242248535156,-11.639366149902344,-29.131248474121094,4.319049835205078,-9.278526306152344,-29.30721092224121,17.144229888916016,-0.5566177368164062,0.7851676940917969,10.449342727661133,2.7906112670898438,10.584020614624023
320149,1972-09-18 09:39:00,-7.55232048034668,3.4844207763671875,-43.02755355834961,-3.6393041610717773,6.0391387939453125,-29.091201782226562,-1.8348541259765625,5.6538848876953125,-19.66806983947754,-39.26445007324219,5.3325042724609375,-51.0057258605957,8.25611686706543,-18.062088012695312,-32.06614303588867,17.720014572143555,-9.029434204101562,7.399571418762207,7.374604225158691,0.136383056640625,13.06118392944336,-41.21150588989258,-1.67218017578125,-45.28285598754883,6.902332305908203,-17.488510131835938,-37.910362243652344,23.727275848388672,-6.3669281005859375,4.442486763000488,10.071849822998047,1.7120819091796875,12.954208374023438,-40.013954162597656,-8.220657348632812,-36.81821060180664,6.046077728271484,-15.317237854003906,-35.60149002075195,23.76473617553711,-4.204856872558594,3.006132125854492,10.599517822265625,2.4118804931640625,12.284072875976562,-40.08778381347656,-12.057785034179688,-28.966983795166016,4.201122283935547,-9.400749206542969,-29.2853946685791,17.14347267150879,-0.6489715576171875,0.7287378311157227,10.490766525268555,2.7714996337890625,10.548005104064941
320155,1972-09-18 09:39:52,-7.531644821166992,3.4306182861328125,-43.03550338745117,-3.5714988708496094,6.1080474853515625,-29.085216522216797,-1.7846145629882812,5.6992950439453125,-19.659587860107422,-39.290897369384766,5.1754150390625,-51.00154113769531,8.47561264038086,-18.298477172851562,-31.87428092956543,17.684432983398438,-9.007400512695312,7.510712623596191,7.381956100463867,0.1505584716796875,13.05687427520752,-41.24386978149414,-1.802764892578125,-45.24836730957031,6.938316345214844,-17.665420532226562,-37.821659088134766,23.717639923095703,-6.3803863525390625,4.474539756774902,10.088865280151367,1.7408294677734375,12.937126159667969,-40.04977798461914,-8.317718505859375,-36.757415771484375,6.075218200683594,-15.495223999023438,-35.5194091796875,23.772289276123047,-4.2911834716796875,2.818542957305908,10.787384033203125,2.36358642578125,12.128936767578125,-40.123714447021484,-12.122116088867188,-28.89028549194336,4.117755889892578,-9.359794616699219,-29.310340881347656,17.137094497680664,-0.8462905883789062,0.6742677688598633,10.566435813903809,2.6150054931640625,10.512373924255371
320159,1972-09-18 09:40:27,-7.496919631958008,3.55224609375,-43.03169250488281,-3.557069778442383,6.1485595703125,-29.078453063964844,-1.8058366775512695,5.651153564453125,-19.67154312133789,-39.23610305786133,5.4551849365234375,-51.014564514160156,8.89417839050293,-18.350418090820312,-31.730052947998047,17.609909057617188,-9.042327880859375,7.642675399780273,7.35908842086792,0.0463409423828125,13.070562362670898,-41.20954132080078,-1.540191650390625,-45.28932189941406,7.0003814697265625,-17.548812866210938,-37.8644905090332,23.699108123779297,-6.461181640625,4.456724166870117,10.111924171447754,1.6460723876953125,12.931524276733398,-40.03720474243164,-8.089691162109375,-36.82194137573242,6.101490020751953,-15.38519287109375,-35.56270980834961,23.765125274658203,-4.3859100341796875,2.731830596923828,10.864397048950195,2.254150390625,12.080936431884766,-40.126304626464844,-11.923477172851562,-28.969242095947266,4.154888153076172,-9.182174682617188,-29.36124038696289,17.13102912902832,-0.9670867919921875,0.6659727096557617,10.607614517211914,2.4609375,10.508096694946289
320165,1972-09-18 09:41:19,-7.610462188720703,3.91058349609375,-42.98065948486328,-3.664301872253418,6.2506103515625,-29.043354034423828,-1.9011964797973633,5.646881103515625,-19.663782119750977,-39.35073471069336,6.18817138671875,-50.84233474731445,8.859243392944336,-18.199111938476562,-31.826824188232422,17.542236328125,-9.2451171875,7.555173873901367,7.408554553985596,-0.165008544921875,13.0416259765625,-41.35831069946289,-0.8420562744140625,-45.17192077636719,6.8974761962890625,-17.28704833984375,-38.0035285949707,23.661941528320312,-6.700653076171875,4.29776668548584,10.224427223205566,1.40679931640625,12.871166229248047,-40.208526611328125,-7.4734954833984375,-36.76544952392578,5.9078216552734375,-15.1292724609375,-35.704917907714844,23.744089126586914,-4.613014221191406,2.533494234085083,10.994333267211914,2.0311508178710938,12.002683639526367,-40.30192565917969,-11.374748229980469,-28.946094512939453,4.045719146728516,-8.876487731933594,-29.470291137695312,17.12049102783203,-1.1822433471679688,0.5847406387329102,10.704686164855957,2.1943130493164062,10.468645095825195
320170,1972-09-18 09:42:02,-7.67442512512207,4.0458221435546875,-42.956764221191406,-3.727691650390625,6.2652740478515625,-29.032129287719727,-1.9530954360961914,5.627349853515625,-19.664291381835938,-39.4328727722168,6.4505157470703125,-50.745994567871094,8.737380981445312,-18.139739990234375,-31.894329071044922,17.525569915771484,-9.330062866210938,7.489167213439941,7.438033103942871,-0.2324676513671875,13.02380657196045,-41.45200729370117,-0.587982177734375,-45.089988708496094,6.854969024658203,-17.219482421875,-38.041873931884766,23.646278381347656,-6.805267333984375,4.2188873291015625,10.289387702941895,1.307769775390625,12.829776763916016,-40.306968688964844,-7.2452392578125,-36.70328903198242,5.812675476074219,-15.062408447265625,-35.748779296875,23.7363224029541,-4.71905517578125,2.4078664779663086,11.084117889404297,1.9339599609375,11.935973167419434,-40.3973503112793,-11.166725158691406,-28.894031524658203,4.011829376220703,-8.796646118164062,-29.498851776123047,17.116579055786133,-1.2598876953125,0.5350866317749023,10.7641019821167,2.1032028198242188,10.426334381103516
320175,1972-09-18 09:42:45,-7.56446647644043,3.8720855712890625,-42.99226379394531,-3.6708059310913086,6.1275787353515625,-29.068744659423828,-1.9316492080688477,5.504852294921875,-19.701053619384766,-39.30473327636719,6.170166015625,-50.880096435546875,8.81842041015625,-18.212753295898438,-31.83035659790039,17.53630256652832,-9.331893920898438,7.461697578430176,7.477007865905762,-0.24774169921875,13.001188278198242,-41.32527542114258,-0.850128173828125,-45.201995849609375,7.103069305419922,-17.367950439453125,-37.92870330810547,23.647869110107422,-6.7701873779296875,4.266145706176758,10.315086364746094,1.3277435302734375,12.807068824768066,-40.19002151489258,-7.4719696044921875,-36.785980224609375,6.009479522705078,-15.211288452148438,-35.65306854248047,23.745285034179688,-4.722190856933594,2.3114311695098877,11.207375526428223,1.9218826293945312,11.822284698486328,-40.29413604736328,-11.362876892089844,-28.96160125732422,4.143646240234375,-8.860092163085938,-29.46161651611328,17.115201950073242,-1.2885208129882812,0.5103321075439453,10.822696685791016,2.0878067016601562,10.368610382080078
320180,1972-09-18 09:43:29,-7.630086898803711,3.8859405517578125,-42.97941589355469,-3.7665252685546875,6.013946533203125,-29.08022689819336,-2.0950889587402344,5.213836669921875,-19.76341438293457,-39.317100524902344,6.2887420654296875,-50.85601043701172,9.346376419067383,-18.427337646484375,-31.55501365661621,17.47650718688965,-9.27020263671875,7.6758222579956055,7.450425148010254,-0.2715606689453125,13.015965461730957,-41.344215393066406,-0.7367401123046875,-45.1866569519043,7.115558624267578,-17.331298828125,-37.943115234375,23.642166137695312,-6.828643798828125,4.204150199890137,10.368904113769531,1.2621612548828125,12.770187377929688,-40.213951110839844,-7.371429443359375,-36.780113220214844,6.016277313232422,-15.182914733886719,-35.66401290893555,23.743337631225586,-4.793693542480469,2.1805477142333984,11.31455135345459,1.840087890625,11.732874870300293,-40.31985855102539,-11.272819519042969,-28.960987091064453,4.180690765380859,-8.7991943359375,-29.474634170532227,17.11196517944336,-1.353424072265625,0.44704437255859375,10.904560089111328,2.0041580200195312,10.299112319946289
320186,1972-09-18 09:44:21,-7.588968276977539,4.197021484375,-42.95743942260742,-3.80440616607666,6.0509033203125,-29.067626953125,-2.220280647277832,5.0175323486328125,-19.800525665283203,-39.127891540527344,7.0405426025390625,-50.90338897705078,9.557260513305664,-18.173416137695312,-31.638988494873047,17.387357711791992,-9.400741577148438,7.719390869140625,7.378377914428711,-0.445587158203125,13.05216121673584,-41.20222473144531,-0.0414581298828125,-45.32213592529297,7.128101348876953,-16.9127197265625,-38.12919616699219,23.605510711669922,-7.01025390625,4.110139846801758,10.392738342285156,1.0331878662109375,12.771389961242676,-40.1263542175293,-6.7775421142578125,-36.98942184448242,6.096168518066406,-14.803932189941406,-35.809478759765625,23.718183517456055,-4.94464111328125,2.1162688732147217,11.356324195861816,1.62005615234375,11.724958419799805,-40.27342987060547,-10.768592834472656,-29.21634292602539,4.297233581542969,-8.452812194824219,-29.559123992919922,17.10283851623535,-1.4647445678710938,0.4452686309814453,10.938909530639648,1.7925643920898438,10.301687240600586
320191,1972-09-18 09:45:04,-7.451494216918945,4.0327301025390625,-42.997230529785156,-3.746713638305664,5.914703369140625,-29.103130340576172,-2.2001523971557617,4.8978271484375,-19.83271598815918,-38.951114654541016,6.7274169921875,-51.08100509643555,9.114995956420898,-17.764266967773438,-31.999813079833984,17.484952926635742,-9.60870361328125,7.227203369140625,7.567234039306641,-0.661346435546875,12.934353828430176,-41.00578689575195,-0.359375,-45.4985466003418,7.404651641845703,-16.923568725585938,-38.07163619995117,23.632984161376953,-6.8774261474609375,4.176121711730957,10.368987083435059,1.0904693603515625,12.785924911499023,-39.924312591552734,-7.07696533203125,-37.15161895751953,6.357269287109375,-14.821571350097656,-35.75674057006836,23.740131378173828,-4.81024169921875,2.1789965629577637,11.335454940795898,1.6862716674804688,11.73581314086914,-40.08024978637695,-11.057868957519531,-29.373523712158203,4.491596221923828,-8.448532104492188,-29.53143310546875,17.10821533203125,-1.3867263793945312,0.48668384552001953,10.923013687133789,1.8402481079101562,10.310142517089844
320196,1972-09-18 09:45:48,-7.479040145874023,3.99444580078125,-42.99601745605469,-3.7720346450805664,5.886627197265625,-29.105552673339844,-2.219841957092285,4.8768310546875,-19.8356990814209,-38.984405517578125,6.6456146240234375,-51.066322326660156,9.051116943359375,-17.690292358398438,-32.058876037597656,17.50112533569336,-9.656280517578125,7.123900413513184,7.6170196533203125,-0.721160888671875,12.90189266204834,-41.02590560913086,-0.44171142578125,-45.479679107666016,7.430366516113281,-16.93572998046875,-38.06121063232422,23.646793365478516,-6.8468170166015625,4.148175239562988,10.394057273864746,1.0997467041015625,12.76475715637207,-39.930564880371094,-7.153839111328125,-37.13017272949219,6.375049591064453,-14.832099914550781,-35.74920654296875,23.749183654785156,-4.784675598144531,2.1362221240997314,11.367655754089355,1.6936492919921875,11.703559875488281,-40.07699203491211,-11.13140869140625,-29.350181579589844,4.497322082519531,-8.42828369140625,-29.536352157592773,17.108577728271484,-1.3941650390625,0.4513568878173828,10.957040786743164,1.8224029541015625,10.277153015136719
320201,1972-09-18 09:46:31,-7.532688140869141,3.9356689453125,-42.99207305908203,-3.7873716354370117,5.8854522705078125,-29.103796005249023,-2.215714454650879,4.9053802490234375,-19.829120635986328,-39.05447769165039,6.572418212890625,-51.02223205566406,8.963233947753906,-17.699935913085938,-32.07823181152344,17.483137130737305,-9.727294921875,7.071268081665039,7.644644260406494,-0.7670745849609375,12.882891654968262,-41.09453201293945,-0.5006561279296875,-45.41706848144531,7.3739471435546875,-17.03118896484375,-38.02958297729492,23.64655303955078,-6.8604583740234375,4.126931190490723,10.41965103149414,1.1146697998046875,12.742576599121094,-39.99322509765625,-7.1956329345703125,-37.05457305908203,6.3159637451171875,-14.919189453125,-35.723445892333984,23.748258590698242,-4.811851501464844,2.084845542907715,11.409358978271484,1.6964263916015625,11.662503242492676,-40.13187026977539,-11.156059265136719,-29.26571273803711,4.45599365234375,-8.477569580078125,-29.528507232666016,17.1063289642334,-1.4329833984375,0.41352176666259766,10.994441032409668,1.8065414428710938,10.239946365356445
320206,1972-09-18 09:47:14,-7.649168968200684,3.78997802734375,-42.98459243774414,-3.8202037811279297,5.8605499267578125,-29.104530334472656,-2.2137537002563477,4.932403564453125,-19.822635650634766,-39.22762680053711,6.4180908203125,-50.90891647338867,8.827613830566406,-17.87518310546875,-32.01861572265625,17.454776763916016,-9.7777099609375,7.0717878341674805,7.674070358276367,-0.7545318603515625,12.866127967834473,-41.26860046386719,-0.617828369140625,-45.25750732421875,7.2189178466796875,-17.270370483398438,-37.951377868652344,23.639793395996094,-6.91351318359375,4.076837539672852,10.48147964477539,1.1431427001953125,12.689236640930176,-40.15657043457031,-7.2705535888671875,-36.862796783447266,6.139995574951172,-15.135932922363281,-35.662899017333984,23.7410831451416,-4.88262939453125,2.0002827644348145,11.476704597473145,1.7144241333007812,11.59359073638916,-40.27802658081055,-11.188026428222656,-29.05194091796875,4.335430145263672,-8.644172668457031,-29.498138427734375,17.102386474609375,-1.4961090087890625,0.34766578674316406,11.054012298583984,1.8124771118164062,10.174552917480469
320209,1972-09-18 09:47:58,-7.730648040771484,3.63800048828125,-42.98314666748047,-3.8520593643188477,5.7991180419921875,-29.112640380859375,-2.2223291397094727,4.915435791015625,-19.825885772705078,-39.34381103515625,6.25128173828125,-50.83997344970703,8.901939392089844,-18.027435302734375,-31.912494659423828,17.413742065429688,-9.789886474609375,7.155625343322754,7.658074378967285,-0.74322509765625,12.876312255859375,-41.378787994384766,-0.7589874267578125,-45.15463638305664,7.143013000488281,-17.438522338867188,-37.888790130615234,23.641448974609375,-6.9320220947265625,4.035600662231445,10.532096862792969,1.167724609375,12.645008087158203,-40.253700256347656,-7.3782501220703125,-36.73523712158203,6.040668487548828,-15.290908813476562,-35.61371612548828,23.740638732910156,-4.904106140136719,1.9524445533752441,11.515620231628418,1.7447662353515625,11.550393104553223,-40.36052703857422,-11.263313293457031,-28.907997131347656,4.258636474609375,-8.763832092285156,-29.474008560180664,17.100894927978516,-1.5221405029296875,0.3054351806640625,11.089312553405762,1.83184814453125,10.132585525512695
320214,1972-09-18 09:48:41,-7.914848327636719,3.352996826171875,-42.97280502319336,-3.9400711059570312,5.692657470703125,-29.121868133544922,-2.278615951538086,4.85052490234375,-19.835485458374023,-39.57691955566406,5.893218994140625,-50.70161437988281,8.770160675048828,-18.149917602539062,-31.87954330444336,17.418609619140625,-9.828109741210938,7.091072082519531,7.724318027496338,-0.74908447265625,12.836343765258789,-41.58230209350586,-1.0802154541015625,-44.960723876953125,6.998203277587891,-17.683364868164062,-37.80223846435547,23.663894653320312,-6.9202880859375,3.9226131439208984,10.632488250732422,1.22222900390625,12.555526733398438,-40.415489196777344,-7.642852783203125,-36.50276565551758,5.893062591552734,-15.525489807128906,-35.53687286376953,23.752044677734375,-4.8838653564453125,1.8623908758163452,11.579557418823242,1.8204727172851562,11.474539756774902,-40.48475646972656,-11.475921630859375,-28.64950942993164,4.102916717529297,-8.939247131347656,-29.443401336669922,17.10113525390625,-1.5361404418945312,0.20595741271972656,11.158206939697266,1.878631591796875,10.048030853271484
320218,1972-09-18 09:49:16,-8.103766441345215,3.0589447021484375,-42.95952606201172,-4.062191963195801,5.523101806640625,-29.137737274169922,-2.36386775970459,4.734527587890625,-19.85352325439453,-39.799522399902344,5.5028228759765625,-50.571075439453125,8.625436782836914,-18.201126098632812,-31.889827728271484,17.42351722717285,-9.883026123046875,7.0021467208862305,7.784337520599365,-0.7754974365234375,12.798460960388184,-41.768489837646484,-1.4375457763671875,-44.77776336669922,6.847602844238281,-17.893905639648438,-37.73067855834961,23.692493438720703,-6.8961639404296875,3.7902097702026367,10.734674453735352,1.27618408203125,12.462864875793457,-40.554630279541016,-7.94439697265625,-36.28340148925781,5.775001525878906,-15.741256713867188,-35.46125411987305,23.768278121948242,-4.834197998046875,1.7831904888153076,11.632986068725586,1.9085693359375,11.405978202819824,-40.58419418334961,-11.727714538574219,-28.40581512451172,3.970947265625,-9.090423583984375,-29.415197372436523,17.10183334350586,-1.5373992919921875,0.12048530578613281,11.2149658203125,1.927276611328125,9.97536849975586
320224,1972-09-18 09:50:08,-8.189603805541992,2.7472381591796875,-42.964317321777344,-4.029949188232422,5.5370635986328125,-29.139564514160156,-2.3110008239746094,4.8134613037109375,-19.84076499938965,-39.954402923583984,4.9628753662109375,-50.5047721862793,8.449954986572266,-18.239852905273438,-31.9146728515625,17.42756462097168,-9.978439331054688,6.8552045822143555,7.870187759399414,-0.837646484375,12.741914749145508,-41.88861846923828,-1.9327850341796875,-44.6467170715332,6.781772613525391,-18.17327880859375,-37.60884475708008,23.718120574951172,-6.853485107421875,3.706414222717285,10.820131301879883,1.3555145263671875,12.380315780639648,-40.633689880371094,-8.36328125,-36.10034942626953,5.723407745361328,-16.030723571777344,-35.33973693847656,23.78607177734375,-4.760047912597656,1.745032787322998,11.670438766479492,2.0311965942382812,11.346384048461914,-40.63121795654297,-12.078987121582031,-28.19058609008789,3.836181640625,-9.275901794433594,-29.375146865844727,17.1004638671875,-1.556976318359375,0.02989959716796875,11.273748397827148,1.9751434326171875,9.899454116821289
320229,1972-09-18 09:50:51,-8.2212495803833,2.4202728271484375,-42.977928161621094,-3.9911537170410156,5.49176025390625,-29.15347671508789,-2.186420440673828,5.006378173828125,-19.807113647460938,-40.17503356933594,4.0266876220703125,-50.41298294067383,8.334144592285156,-18.531051635742188,-31.77707290649414,17.49365234375,-9.882049560546875,6.826427459716797,7.95063591003418,-0.703948974609375,12.699991226196289,-42.047916412353516,-2.7962646484375,-44.45081329345703,6.755805969238281,-18.654312133789062,-37.377288818359375,23.767807006835938,-6.691780090332031,3.6835575103759766,10.883199691772461,1.5631790161132812,12.300299644470215,-40.72404861450195,-9.098419189453125,-35.81964874267578,5.681301116943359,-16.496673583984375,-35.13148498535156,23.819005966186523,-4.60565185546875,1.7097489833831787,11.709983825683594,2.251800537109375,11.263702392578125,-40.67033004760742,-12.702033996582031,-27.858379364013672,3.724933624267578,-9.635787963867188,-29.2734375,17.105497360229492,-1.5001373291015625,-0.04869651794433594,11.321298599243164,2.138427734375,9.810867309570312
320234,1972-09-18 09:51:34,-8.365586280822754,2.189483642578125,-42.96244812011719,-4.051178932189941,5.418975830078125,-29.1588134765625,-2.1997270584106445,5.0143280029296875,-19.803630828857422,-40.42039489746094,3.64031982421875,-50.2459602355957,8.211734771728516,-18.737701416015625,-31.687633514404297,17.513805389404297,-9.858749389648438,6.808444976806641,8.010130882263184,-0.6435546875,12.665762901306152,-42.261871337890625,-3.1389617919921875,-44.224456787109375,6.657199859619141,-18.928131103515625,-37.257118225097656,23.783405303955078,-6.667289733886719,3.6268539428710938,10.953746795654297,1.6359176635742188,12.228005409240723,-40.89388656616211,-9.376617431640625,-35.55342102050781,5.519767761230469,-16.755149841308594,-35.03477478027344,23.828641891479492,-4.5880889892578125,1.62034010887146,11.770336151123047,2.3350906372070312,11.183555603027344,-40.800262451171875,-12.92120361328125,-27.566062927246094,3.563304901123047,-9.833099365234375,-29.227914810180664,17.103425979614258,-1.517730712890625,-0.14200210571289062,11.383698463439941,2.1909561157226562,9.726713180541992
320239,1972-09-18 09:52:18,-8.55645751953125,2.028411865234375,-42.93275833129883,-4.1377105712890625,5.3900604248046875,-29.152021408081055,-2.2575206756591797,4.9892425537109375,-19.803462982177734,-40.69942092895508,3.4042816162109375,-50.036834716796875,8.068811416625977,-18.914169311523438,-31.61943817138672,17.52068328857422,-9.864028930664062,6.783034324645996,8.068551063537598,-0.61016845703125,12.630285263061523,-42.51455307006836,-3.3387908935546875,-43.966880798339844,6.485069274902344,-19.127532958984375,-37.18556594848633,23.78832244873047,-6.710289001464844,3.51352596282959,11.050920486450195,1.6474609375,12.13869571685791,-41.104698181152344,-9.529083251953125,-35.26864242553711,5.305210113525391,-16.959487915039062,-34.969547271728516,23.832103729248047,-4.609413146972656,1.5048043727874756,11.841822624206543,2.3809127807617188,11.098098754882812,-40.96998596191406,-13.028694152832031,-27.262065887451172,3.3815689086914062,-9.986427307128906,-29.1975040435791,17.098926544189453,-1.5557937622070312,-0.23894119262695312,11.450037956237793,2.2132186889648438,9.643447875976562
320245,1972-09-18 09:53:10,-8.675308227539062,1.842010498046875,-42.91730499267578,-4.215326309204102,5.286163330078125,-29.159927368164062,-2.3135595321655273,4.9159393310546875,-19.815322875976562,-40.87009811401367,3.0989227294921875,-49.91741943359375,7.6205596923828125,-18.740737915039062,-31.833187103271484,17.53523826599121,-10.053131103515625,6.4601240158081055,8.1982421875,-0.7510528564453125,12.538846015930176,-42.653839111328125,-3.6182708740234375,-43.8095817565918,6.159923553466797,-19.203018188476562,-37.20194625854492,23.803508758544922,-6.799720764160156,3.227053642272949,11.207799911499023,1.60455322265625,11.999813079833984,-41.20486831665039,-9.76483154296875,-35.0868034362793,5.3133392333984375,-17.1427001953125,-34.87885284423828,23.84307861328125,-4.615203857421875,1.299170732498169,12.009129524230957,2.378021240234375,10.917469024658203,-41.03783416748047,-13.226173400878906,-27.064205169677734,3.28485107421875,-10.0810546875,-29.17601776123047,17.092336654663086,-1.5973968505859375,-0.38893699645996094,11.571248054504395,2.1981201171875,9.50117301940918
320251,1972-09-18 09:54:02,-8.748549461364746,1.7470703125,-42.906402587890625,-4.234713554382324,5.2907257080078125,-29.156291961669922,-2.3260927200317383,4.9188232421875,-19.813138961791992,-40.97097396850586,2.9723358154296875,-49.842369079589844,7.46827507019043,-18.725723266601562,-31.878089904785156,17.53887939453125,-10.122528076171875,6.340750694274902,8.263007164001465,-0.8061676025390625,12.492826461791992,-42.74152374267578,-3.7302093505859375,-43.714630126953125,6.704273223876953,-19.393814086914062,-37.00835037231445,23.800945281982422,-6.712806701660156,3.4220333099365234,11.215071678161621,1.6207199096679688,11.990843772888184,-41.27417755126953,-9.855361938476562,-34.97986602783203,5.5852203369140625,-17.295745849609375,-34.760616302490234,23.845809936523438,-4.651161193847656,1.1064813137054443,12.228206634521484,2.2988433837890625,10.688854217529297,-41.09053421020508,-13.297142028808594,-26.949222564697266,3.3829803466796875,-10.12542724609375,-29.149429321289062,17.07752227783203,-1.6874847412109375,-0.6011772155761719,11.800149917602539,2.0905990600585938,9.240327835083008
320256,1972-09-18 09:54:45,-8.820180892944336,1.64752197265625,-42.89567565917969,-4.262042999267578,5.2767486572265625,-29.15483856201172,-2.3498592376708984,4.898406982421875,-19.81539535522461,-41.065704345703125,2.8282012939453125,-49.772743225097656,8.151540756225586,-19.150741577148438,-31.455387115478516,17.525402069091797,-9.971725463867188,6.611211776733398,8.27385425567627,-0.7710418701171875,12.487863540649414,-42.82099533081055,-3.8604278564453125,-43.625465393066406,7.252056121826172,-19.58697509765625,-36.802764892578125,23.804662704467773,-6.6611785888671875,3.4962501525878906,11.30988883972168,1.58538818359375,11.906210899353027,-41.3338508605957,-9.963531494140625,-34.87861633300781,5.817348480224609,-17.42791748046875,-34.6563835144043,23.850452423095703,-4.653099060058594,0.9923717975616455,12.37387466430664,2.26080322265625,10.528121948242188,-41.13323974609375,-13.385711669921875,-26.840007781982422,3.446033477783203,-10.184158325195312,-29.121562957763672,17.0686092376709,-1.7266845703125,-0.7293910980224609,11.935916900634766,2.04608154296875,9.07442855834961
320261,1972-09-18 09:55:29,-8.869421005249023,1.50970458984375,-42.890594482421875,-4.2851152420043945,5.2204742431640625,-29.16158676147461,-2.359619140625,4.8764190673828125,-19.819658279418945,-41.145591735839844,2.6114349365234375,-49.71858215332031,8.503787994384766,-19.411407470703125,-31.201330184936523,17.5380916595459,-9.908126831054688,6.672889709472656,8.349238395690918,-0.7891693115234375,12.436453819274902,-42.88234329223633,-4.0596771240234375,-43.54704284667969,7.480236053466797,-19.73779296875,-36.676300048828125,23.817134857177734,-6.655647277832031,3.4210519790649414,11.433308601379395,1.5499343872070312,11.792457580566406,-41.37348937988281,-10.1324462890625,-34.78282165527344,5.942966461181641,-17.558433532714844,-34.5690803527832,23.85808563232422,-4.627311706542969,0.9273045063018799,12.454532623291016,2.2731704711914062,10.429892539978027,-41.155914306640625,-13.528358459472656,-26.733516693115234,3.480358123779297,-10.271430969238281,-29.08681297302246,17.06463623046875,-1.7302322387695312,-0.809539794921875,12.016122817993164,2.0521774291992188,8.966558456420898
320266,1972-09-18 09:56:12,-8.922341346740723,1.0378570556640625,-42.89363479614258,-4.335309982299805,4.967864990234375,-29.198274612426758,-2.394984245300293,4.7316131591796875,-19.850492477416992,-41.232948303222656,1.7785186767578125,-49.6829719543457,8.91897964477539,-19.764434814453125,-30.861940383911133,17.638134002685547,-9.683059692382812,6.739261627197266,8.452505111694336,-0.673248291015625,12.373351097106934,-42.90187072753906,-4.8497467041015625,-43.446868896484375,7.643043518066406,-20.010971069335938,-36.494258880615234,23.879562377929688,-6.489555358886719,3.3029088973999023,11.551356315612793,1.6666946411132812,11.660755157470703,-41.327239990234375,-10.82647705078125,-34.62836456298828,6.151145935058594,-17.842979431152344,-34.386478424072266,23.899538040161133,-4.411865234375,0.9097988605499268,12.48982048034668,2.4575424194335938,10.345539093017578,-41.068695068359375,-14.144775390625,-26.547969818115234,3.5933189392089844,-10.515953063964844,-28.98552703857422,17.076091766357422,-1.5936737060546875,-0.8474102020263672,12.05033016204834,2.2246246337890625,8.879100799560547
320270,1972-09-18 09:56:47,-8.971943855285645,0.51849365234375,-42.8927116394043,-4.39204216003418,4.6910247802734375,-29.23556137084961,-2.4109535217285156,4.63421630859375,-19.87152671813965,-41.33617401123047,0.7392120361328125,-49.62349319458008,9.182044982910156,-20.040908813476562,-30.605424880981445,17.757638931274414,-9.434097290039062,6.778450965881348,8.530130386352539,-0.4990386962890625,12.32824993133545,-42.918426513671875,-5.8359222412109375,-43.30903625488281,7.810050964355469,-20.3375244140625,-36.27772521972656,23.958484649658203,-6.229217529296875,3.2318763732910156,11.626502990722656,1.8740234375,11.554105758666992,-41.260337829589844,-11.693008422851562,-34.42578887939453,6.350761413574219,-18.17157745361328,-34.17747497558594,23.949886322021484,-4.1318817138671875,0.9004087448120117,12.502725601196289,2.7043914794921875,10.26807975769043,-40.94993209838867,-14.915489196777344,-26.30852508544922,3.6796913146972656,-10.809005737304688,-28.86664581298828,17.089601516723633,-1.4154129028320312,-0.8905067443847656,12.068593978881836,2.4522171020507812,8.793943405151367
320276,1972-09-18 09:57:39,-8.940710067749023,0.207550048828125,-42.90186309814453,-4.368381500244141,4.5781402587890625,-29.25699234008789,-2.3938064575195312,4.5875701904296875,-19.884416580200195,-41.393306732177734,-0.089447021484375,-49.581275939941406,9.351617813110352,-20.236495971679688,-30.424856185913086,17.836647033691406,-9.290618896484375,6.769157409667969,8.604715347290039,-0.4050750732421875,12.279767990112305,-42.913082122802734,-6.6165313720703125,-43.20197296142578,8.013496398925781,-20.6243896484375,-36.070823669433594,24.012603759765625,-6.020332336425781,3.226058006286621,11.667679786682129,2.0438461303710938,11.483590126037598,-41.196014404296875,-12.373428344726562,-34.26460647583008,6.529296875,-18.453720092773438,-33.992156982421875,23.984914779663086,-3.9244308471679688,0.8960728645324707,12.516581535339355,2.8938751220703125,10.199315071105957,-40.84972381591797,-15.514755249023438,-26.11703109741211,3.7607650756835938,-11.056159973144531,-28.76240348815918,17.097612380981445,-1.2898101806640625,-0.926788330078125,12.088135719299316,2.6234893798828125,8.717344284057617
320281,1972-09-18 09:58:22,-8.932321548461914,0.040496826171875,-42.904090881347656,-4.350866317749023,4.5420379638671875,-29.265228271484375,-2.357956886291504,4.6331787109375,-19.87812614440918,-41.428131103515625,-0.5321197509765625,-49.54940414428711,9.474790573120117,-20.355560302734375,-30.30708885192871,17.870399475097656,-9.20703125,6.794302940368652,8.630070686340332,-0.3472442626953125,12.2637357711792,-42.915069580078125,-7.0316925048828125,-43.13436508178711,8.144264221191406,-20.79498291015625,-35.943359375,24.041683197021484,-5.901206970214844,3.229607105255127,11.691094398498535,2.1400527954101562,11.442174911499023,-41.16669845581055,-12.733489990234375,-34.167789459228516,6.622100830078125,-18.61048126220703,-33.888580322265625,24.00225257873535,-3.81866455078125,0.8887743949890137,12.527521133422852,2.9927749633789062,10.157256126403809,-40.800968170166016,-15.829887390136719,-26.003890991210938,3.80755615234375,-11.191864013671875,-28.703702926635742,17.100967407226562,-1.2277603149414062,-0.9489040374755859,12.102336883544922,2.7111282348632812,8.670696258544922
320286,1972-09-18 09:59:05,-8.927629470825195,-0.1582183837890625,-42.9047966003418,-4.337212562561035,4.4697265625,-29.27838706970215,-2.362060546875,4.5628204345703125,-19.893903732299805,-41.431636810302734,-0.8538818359375,-49.54197311401367,9.574033737182617,-20.449050903320312,-30.212818145751953,17.889293670654297,-9.1488037109375,6.823175430297852,8.64212417602539,-0.3045806884765625,12.256379127502441,-42.898963928222656,-7.3316497802734375,-43.10042953491211,8.259063720703125,-20.93260955810547,-35.83712387084961,24.06090545654297,-5.813850402832031,3.2448439598083496,11.704262733459473,2.2129287719726562,11.414817810058594,-41.13303756713867,-12.991897583007812,-34.11100387573242,6.7023162841796875,-18.73199462890625,-33.80575942993164,24.01332664489746,-3.7473297119140625,0.8932528495788574,12.532674789428711,3.0629959106445312,10.129928588867188,-40.7574348449707,-16.054054260253906,-25.93463897705078,3.8319664001464844,-11.300056457519531,-28.658029556274414,17.102659225463867,-1.187835693359375,-0.9690513610839844,12.113346099853516,2.7750091552734375,8.635042190551758
320291,1972-09-18 09:59:49,-8.91849136352539,-0.3442840576171875,-42.905609130859375,-4.335140228271484,4.3655853271484375,-29.294403076171875,-2.3728036880493164,4.4730987548828125,-19.912992477416992,-41.43667984008789,-1.1730804443359375,-49.53122329711914,9.683881759643555,-20.565536499023438,-30.098526000976562,17.909027099609375,-9.08135986328125,6.861386299133301,8.65552806854248,-0.253173828125,12.248086929321289,-42.88595199584961,-7.6273345947265625,-43.062049865722656,8.383495330810547,-21.082748413085938,-35.72002410888672,24.078943252563477,-5.725502014160156,3.268064498901367,11.715999603271484,2.2885665893554688,11.387832641601562,-41.103759765625,-13.2447509765625,-34.04899215698242,6.770591735839844,-18.860107421875,-33.720821380615234,24.023229598999023,-3.6820220947265625,0.898627758026123,12.536480903625488,3.1328811645507812,10.103813171386719,-40.71885299682617,-16.271224975585938,-25.859790802001953,3.8538360595703125,-11.417945861816406,-28.608327865600586,17.104225158691406,-1.1487350463867188,-0.9883174896240234,12.1234769821167,2.8416748046875,8.599067687988281
320295,1972-09-18 10:00:23,-8.957958221435547,-0.6369171142578125,-42.894039154052734,-4.363043785095215,4.215087890625,-29.312297821044922,-2.3799705505371094,4.414459228515625,-19.925222396850586,-41.51723861694336,-1.7275543212890625,-49.44745635986328,9.775535583496094,-20.768386840820312,-29.92913055419922,17.953956604003906,-8.956771850585938,6.9076032638549805,8.683540344238281,-0.13897705078125,12.230074882507324,-42.9279670715332,-8.138076782226562,-42.926475524902344,8.362545013427734,-21.32469940185547,-35.58104705810547,24.111984252929688,-5.6296234130859375,3.190098285675049,11.773472785949707,2.3984222412109375,11.305654525756836,-41.10639572143555,-13.67864990234375,-33.87382125854492,7.03729248046875,-19.106338500976562,-33.52704620361328,24.045854568481445,-3.5013656616210938,1.008711338043213,12.507102966308594,3.2922592163085938,10.0895357131958,-40.69447708129883,-16.640594482421875,-25.662364959716797,3.8556251525878906,-11.625251770019531,-28.52447509765625,17.106048583984375,-1.0862960815429688,-1.0266189575195312,12.140569686889648,2.9556808471679688,8.536294937133789
320301,1972-09-18 10:01:16,-9.234806060791016,-1.433807373046875,-42.81602096557617,-4.493293762207031,3.838958740234375,-29.344276428222656,-2.4160985946655273,4.286773681640625,-19.948734283447266,-42.09496307373047,-3.4132232666015625,-48.86799621582031,9.407495498657227,-21.549285888671875,-29.491825103759766,18.058818817138672,-8.811019897460938,6.821146488189697,8.895323753356934,0.1336212158203125,12.076972961425781,-43.40089416503906,-9.624801635742188,-42.13605499267578,7.772804260253906,-22.378067016601562,-35.06410217285156,24.176733016967773,-5.556190490722656,2.8056082725524902,12.034879684448242,2.7068862915039062,10.95533561706543,-41.448333740234375,-14.876220703125,-32.93949508666992,6.860630035400391,-20.128257751464844,-32.9609375,24.076641082763672,-3.3168716430664062,0.8910913467407227,12.594365119934082,3.6809310913085938,9.843680381774902,-40.926231384277344,-17.58167266845703,-24.646190643310547,3.6219139099121094,-12.484878540039062,-28.189849853515625,17.097309112548828,-1.04974365234375,-1.1961956024169922,12.241103172302246,3.2582321166992188,8.278717041015625
320306,1972-09-18 10:01:59,-9.709585189819336,-1.677581787109375,-42.70197677612305,-4.703314781188965,3.7589569091796875,-29.321712493896484,-2.50992488861084,4.2775421142578125,-19.93913459777832,-43.036712646484375,-4.58123779296875,-47.94340515136719,8.374528884887695,-22.367141723632812,-29.19278335571289,18.062938690185547,-9.027740478515625,6.520226001739502,9.205574035644531,0.2065277099609375,11.841143608093262,-44.272682189941406,-10.558563232421875,-40.98984909057617,6.7439727783203125,-23.572044372558594,-34.49003982543945,24.168964385986328,-5.797126770019531,2.347710371017456,12.364872932434082,2.8674468994140625,10.53909683227539,-42.195674896240234,-15.528411865234375,-31.664966583251953,6.172206878662109,-21.30992889404297,-32.34855651855469,24.06989288330078,-3.431488037109375,0.5877246856689453,12.798340797424316,3.9354019165039062,9.47525405883789,-41.542442321777344,-17.968978881835938,-23.299102783203125,3.0596389770507812,-13.435035705566406,-27.81719398498535,17.063949584960938,-1.2371444702148438,-1.4635658264160156,12.4292573928833,3.412200927734375,7.928949356079102
320312,1972-09-18 10:02:51,-9.738712310791016,-1.348785400390625,-42.706993103027344,-4.601537704467773,4.1655731201171875,-29.28289031982422,-2.3902111053466797,4.6251068115234375,-19.876148223876953,-43.45503234863281,-5.139495849609375,-47.50749969482422,8.013908386230469,-22.729827880859375,-29.013307571411133,18.05048370361328,-9.142807006835938,6.393144607543945,9.352023124694824,0.194976806640625,11.726020812988281,-44.652626037597656,-11.008697509765625,-40.455810546875,6.500389099121094,-24.12078857421875,-34.15578842163086,24.16598129272461,-5.869178771972656,2.1943459510803223,12.517380714416504,2.9306182861328125,10.339803695678711,-42.513954162597656,-15.847076416015625,-31.075889587402344,6.392169952392578,-21.998687744140625,-31.840797424316406,24.10675048828125,-3.1558685302734375,0.6207418441772461,12.832216262817383,4.2464141845703125,9.293414115905762,-41.79846954345703,-18.16565704345703,-22.68047332763672,3.1888198852539062,-13.880973815917969,-27.58274269104004,17.067583084106445,-1.2116928100585938,-1.4423198699951172,12.471870422363281,3.5427703857421875,7.803779602050781
320324,1972-09-18 10:04:35,-10.647954940795898,-1.3472747802734375,-42.489471435546875,-5.032034873962402,4.2359771728515625,-29.20186424255371,-2.714402198791504,4.4830169677734375,-19.867076873779297,-44.76715087890625,-4.8705291748046875,-46.30223083496094,7.246852874755859,-23.484420776367188,-28.61127281188965,17.913991928100586,-9.479202270507812,6.286248207092285,9.599798202514648,0.064971923828125,11.525518417358398,-45.925140380859375,-10.589019775390625,-39.12128829956055,5.277362823486328,-24.865585327148438,-33.831016540527344,24.065101623535156,-6.416999816894531,1.7175756692886353,12.873668670654297,2.7555618286132812,9.94285774230957,-43.664520263671875,-15.319839477539062,-29.715129852294922,5.265357971191406,-22.894874572753906,-31.412403106689453,24.068477630615234,-3.4912185668945312,0.0068206787109375,13.192583084106445,4.260467529296875,8.767525672912598,-42.7906494140625,-17.51361083984375,-21.301185607910156,2.585254669189453,-14.455429077148438,-27.34986114501953,17.01327133178711,-1.5478515625,-1.7330875396728516,12.740602493286133,3.4159088134765625,7.416631698608398
320331,1972-09-18 10:05:36,-10.75567626953125,-1.341522216796875,-42.4625129699707,-5.068192481994629,4.1965789794921875,-29.20130157470703,-2.739487648010254,4.4188690185546875,-19.878002166748047,-44.923797607421875,-4.5732879638671875,-46.18067169189453,7.078901290893555,-23.619369506835938,-28.542156219482422,17.812328338623047,-9.665985107421875,6.290689945220947,9.622467994689941,-0.055633544921875,11.506647109985352,-46.117042541503906,-10.262557983398438,-38.9822998046875,5.017341613769531,-24.986740112304688,-33.78126907348633,23.997116088867188,-6.688934326171875,1.6290336847305298,12.967217445373535,2.59588623046875,9.863951683044434,-43.877235412597656,-14.990188598632812,-29.569568634033203,5.0896759033203125,-23.207748413085938,-31.211116790771484,24.06121063232422,-3.5372695922851562,-0.16141796112060547,13.302385330200195,4.292533874511719,8.58405590057373,-43.00306701660156,-17.170570373535156,-21.152175903320312,2.579936981201172,-14.564170837402344,-27.292613983154297,17.000444412231445,-1.6749191284179688,-1.740804672241211,12.804472923278809,3.3232269287109375,7.348432540893555
320341,1972-09-18 10:07:20,-10.771947860717773,-1.358428955078125,-42.457847595214844,-5.081840515136719,4.1429290771484375,-29.206588745117188,-2.8130578994750977,4.2424163818359375,-19.906147003173828,-44.97687911987305,-4.5600433349609375,-46.130279541015625,7.095256805419922,-23.643173217773438,-28.518373489379883,17.739242553710938,-9.818359375,6.261184215545654,9.64683723449707,-0.20444488525390625,11.484539031982422,-46.17805862426758,-10.23052978515625,-38.918434143066406,5.078407287597656,-25.038345336914062,-33.733909606933594,23.95676040649414,-6.845619201660156,1.5710817575454712,13.051952362060547,2.4547958374023438,9.78802490234375,-43.94175720214844,-14.943267822265625,-29.497406005859375,5.167106628417969,-23.55675506591797,-30.93571662902832,24.08329963684082,-3.364898681640625,-0.39038944244384766,13.415355682373047,4.448280334472656,8.325043678283691,-43.06553268432617,-17.107498168945312,-21.07605743408203,2.7412757873535156,-14.645172119140625,-27.233474731445312,16.997711181640625,-1.6986236572265625,-1.7445220947265625,12.857490539550781,3.2943649291992188,7.2684173583984375
320352,1972-09-18 10:08:55,-10.698579788208008,-1.2802886962890625,-42.47882080078125,-5.048811912536621,4.092315673828125,-29.219449996948242,-2.8882932662963867,3.9952392578125,-19.94647789001465,-44.92878723144531,-4.3458404541015625,-46.197776794433594,7.3481903076171875,-23.731216430664062,-28.380863189697266,17.627819061279297,-9.966552734375,6.341214179992676,9.635845184326172,-0.3854827880859375,11.489116668701172,-46.169681549072266,-10.008071899414062,-38.98615264892578,5.237510681152344,-25.02043914794922,-33.722862243652344,23.889102935791016,-7.070198059082031,1.6063014268875122,13.101956367492676,2.24591064453125,9.7713623046875,-43.9716796875,-14.72930908203125,-29.560375213623047,5.323921203613281,-23.78479766845703,-30.73398208618164,24.089672088623047,-3.30462646484375,-0.4973011016845703,13.503008842468262,4.4970550537109375,8.155399322509766,-43.119300842285156,-16.895469665527344,-21.137073516845703,3.0207672119140625,-14.739639282226562,-27.15282440185547,17.001150131225586,-1.6927947998046875,-1.7164745330810547,12.904720306396484,3.2824325561523438,7.189691543579102
320366,1972-09-18 10:10:56,-10.66663932800293,-1.3211822509765625,-42.48560333251953,-5.040569305419922,4.046722412109375,-29.227222442626953,-2.9011573791503906,3.9297637939453125,-19.957612991333008,-44.93263244628906,-4.4770050048828125,-46.18151092529297,7.515983581542969,-23.764358520507812,-28.309097290039062,17.601736068725586,-10.020217895507812,6.329079627990723,9.663814544677734,-0.48279571533203125,11.461915969848633,-46.16566848754883,-10.128189086914062,-38.95988082885742,5.580528259277344,-24.987625122070312,-33.692161560058594,23.857017517089844,-7.166435241699219,1.6559125185012817,13.141429901123047,2.0985107421875,9.75110149383545,-43.960453033447266,-14.83062744140625,-29.526386260986328,5.587444305419922,-23.956375122070312,-30.55341148376465,24.10528564453125,-3.1687240600585938,-0.6121549606323242,13.580154418945312,4.573760986328125,7.982817649841309,-43.103981018066406,-16.98126983642578,-21.099529266357422,3.2631301879882812,-14.876686096191406,-27.049846649169922,17.005786895751953,-1.5839462280273438,-1.7734794616699219,12.961749076843262,3.3732147216796875,7.0435943603515625
320378,1972-09-18 10:12:41,-10.68678092956543,-1.5214996337890625,-42.47383499145508,-5.07912540435791,3.87445068359375,-29.243885040283203,-2.917325019836426,3.837677001953125,-19.973173141479492,-44.981388092041016,-4.8099822998046875,-46.100494384765625,7.650579452514648,-23.926406860351562,-28.136024475097656,17.60550308227539,-10.008010864257812,6.337907791137695,9.710782051086426,-0.49709320068359375,11.421538352966309,-46.196128845214844,-10.422775268554688,-38.845909118652344,5.817695617675781,-25.05579376220703,-33.601295471191406,23.82651138305664,-7.252861022949219,1.7177008390426636,13.166991233825684,2.0059356689453125,9.736090660095215,-43.971527099609375,-15.068756103515625,-29.389015197753906,5.830020904541016,-24.17407989501953,-30.335838317871094,24.11669158935547,-3.068603515625,-0.6700754165649414,13.636603355407715,4.648956298828125,7.841914176940918,-43.101165771484375,-17.17083740234375,-20.951332092285156,3.37567138671875,-15.022140502929688,-26.955482482910156,17.002164840698242,-1.57696533203125,-1.8139667510986328,13.011664390563965,3.3984832763671875,6.938638687133789
320400,1972-09-18 10:15:52,-10.79811954498291,-1.6390228271484375,-42.44129180908203,-5.137022018432617,3.758819580078125,-29.248863220214844,-3.044679641723633,3.5651397705078125,-20.00464630126953,-45.18683624267578,-4.8893585205078125,-45.89075469970703,7.91935920715332,-24.370880126953125,-27.67641830444336,17.58346176147461,-9.984458923339844,6.435502052307129,9.801908493041992,-0.5251998901367188,11.3421630859375,-46.40253448486328,-10.44561767578125,-38.59294128417969,6.110088348388672,-25.179458618164062,-33.45664596557617,23.735986709594727,-7.50970458984375,1.8612971305847168,13.205824851989746,1.776336669921875,9.728087425231934,-44.16523361206055,-15.038116455078125,-29.112957000732422,5.983432769775391,-24.45734405517578,-30.07782745361328,24.10894012451172,-3.1118240356445312,-0.7454538345336914,13.747673034667969,4.629486083984375,7.657326698303223,-43.27277755737305,-17.086685180664062,-20.664424896240234,3.574291229248047,-15.187667846679688,-26.83686065673828,16.994731903076172,-1.6747665405273438,-1.7958450317382812,13.090896606445312,3.3146820068359375,6.82928466796875
