324156,1972-09-19 00:49:09,-31.899612426757812,12.642799377441406,-27.260292053222656,-25.45964813232422,10.428970336914062,-11.792228698730469,-18.904861450195312,8.017646789550781,-0.6997451782226562,-37.41103744506836,26.906478881835938,-45.256744384765625,-23.930633544921875,13.1976318359375,-25.99591064453125,-13.766090393066406,5.5719451904296875,-15.15689468383789,-9.873252868652344,2.4283447265625,-11.028144836425781,-28.602460861206055,25.564697265625,-47.75004577636719,-14.805667877197266,9.42706298828125,-38.5046501159668,-9.30218505859375,3.7841796875,-22.856216430664062,-6.404716491699219,1.6146392822265625,-15.118114471435547,-18.37494468688965,22.33849334716797,-46.7720947265625,-20.176170349121094,-26.897911071777344,-20.2005615234375,1.1633872985839844,-18.50713348388672,15.7357177734375,6.030170440673828,-3.9374313354492188,14.7376708984375,-9.841971397399902,21.547958374023438,-45.05915069580078,-19.73955726623535,-20.0494384765625,-13.115928649902344,0.4951171875,-12.162849426269531,12.11077880859375,5.997274398803711,-3.9456710815429688,13.321495056152344
324161,1972-09-19 00:49:53,-31.401121139526367,13.588172912597656,-27.383941650390625,-24.693859100341797,11.746749877929688,-12.175430297851562,-18.15904998779297,9.45819091796875,-1.7198410034179688,-35.799224853515625,26.892059326171875,-46.550514221191406,-23.187305450439453,13.41278076171875,-26.553466796875,-13.513679504394531,5.6940765380859375,-15.337566375732422,-9.828201293945312,2.51470947265625,-11.049007415771484,-27.182706832885742,24.63214111328125,-49.05180358886719,-13.842517852783203,10.714813232421875,-38.5261344909668,-8.678924560546875,5.1864166259765625,-22.826181411743164,-5.985637664794922,2.845733642578125,-15.108238220214844,-17.250179290771484,20.612518310546875,-47.97740936279297,-22.734203338623047,-26.496536254882812,-17.880931854248047,-0.016841888427734375,-17.334815979003906,17.05826187133789,5.993434906005859,-3.3443832397460938,14.898292541503906,-8.785726547241211,19.20941162109375,-46.31755065917969,-21.648317337036133,-18.734153747558594,-12.001655578613281,-0.6542892456054688,-11.545425415039062,12.693534851074219,5.79074764251709,-3.6403427124023438,13.498626708984375
324170,1972-09-19 00:51:11,-31.455991744995117,8.983856201171875,-29.160934448242188,-24.88232421875,8.323326110839844,-14.408538818359375,-18.484596252441406,6.8780670166015625,-5.7600250244140625,-34.308006286621094,19.698562622070312,-51.055301666259766,-14.846664428710938,-28.099945068359375,-20.312803268432617,4.820880889892578,-19.22161102294922,7.587617874145508,7.106388092041016,-8.048095703125,10.474983215332031,-25.323808670043945,18.228652954101562,-52.70808410644531,-10.990104675292969,11.101913452148438,-39.32748031616211,-6.989679336547852,5.131561279296875,-23.410865783691406,-4.876007080078125,2.626922607421875,-15.540550231933594,-15.156862258911133,15.393157958984375,-50.572689056396484,-18.29134178161621,-30.007049560546875,-17.425344467163086,0.38567066192626953,-16.033065795898438,18.283113479614258,5.0515570640563965,-1.6700820922851562,15.516376495361328,-6.7640228271484375,15.031951904296875,-48.164249420166016,-18.46135711669922,-21.43682098388672,-12.77884292602539,-0.9995613098144531,-10.909355163574219,13.222625732421875,4.682884216308594,-2.2491683959960938,14.213008880615234
324175,1972-09-19 00:51:54,-32.52305603027344,5.939422607421875,-28.766704559326172,-25.36911964416504,6.015594482421875,-14.704906463623047,-18.410419464111328,4.897308349609375,-7.696678161621094,-34.24014663696289,13.754409790039062,-53.01080322265625,-11.211877822875977,-31.18671417236328,-18.008983612060547,6.599035263061523,-17.741233825683594,9.590858459472656,7.579347610473633,-6.104164123535156,11.414485931396484,-25.11948585510254,12.948654174804688,-54.34211349487305,-9.91089153289795,11.428756713867188,-39.520164489746094,-6.394314765930176,4.823272705078125,-23.64542007446289,-4.504524230957031,2.1197357177734375,-15.728981018066406,-14.823759078979492,11.103713989257812,-51.78070068359375,-15.255219459533691,-32.35736846923828,-16.09092140197754,1.152522087097168,-14.914054870605469,19.176103591918945,4.711449146270752,-0.3846588134765625,15.707311630249023,-6.506778717041016,11.58740234375,-49.141639709472656,-16.188602447509766,-23.33087921142578,-12.540223121643066,-0.9056758880615234,-10.417129516601562,13.620352745056152,4.140470504760742,-1.219940185546875,14.50400161743164
324189,1972-09-19 00:53:55,-33.59456253051758,2.3688583374023438,-28.04180908203125,-25.460166931152344,3.145721435546875,-15.423946380615234,-18.463672637939453,2.894989013671875,-8.536861419677734,-33.92045211791992,6.1539459228515625,-54.61912536621094,-5.484709739685059,-35.12450408935547,-12.602672576904297,8.80190372467041,-14.611236572265625,12.62225341796875,7.877720832824707,-3.2149734497070312,12.353273391723633,-24.73094367980957,6.163787841796875,-55.69657897949219,-9.756132125854492,12.356475830078125,-39.27875900268555,-6.346321105957031,4.4266357421875,-23.73575782775879,-4.481800079345703,1.2653350830078125,-15.827102661132812,-14.379999160766602,5.5589752197265625,-52.78816223144531,-11.858613014221191,-34.47803497314453,-14.466405868530273,2.044102668762207,-14.127098083496094,19.69078826904297,4.370750427246094,0.4876251220703125,15.802660942077637,-6.227947235107422,7.0724639892578125,-50.0269889831543,-13.276758193969727,-25.42096710205078,-11.881074905395508,-1.0220050811767578,-9.90118408203125,13.991889953613281,3.1978378295898438,-0.2337799072265625,14.789083480834961
324199,1972-09-19 00:55:40,-33.62286376953125,1.576812744140625,-28.06360626220703,-25.254104614257812,2.5909805297851562,-15.859720230102539,-18.601776123046875,2.8326416015625,-8.253257751464844,-33.42158126831055,4.1388702392578125,-55.11428451538086,-4.886478424072266,-35.9283447265625,-10.388310432434082,8.761381149291992,-13.882781982421875,13.445807456970215,7.759462356567383,-2.7454147338867188,12.539990425109863,-24.22292709350586,4.0878753662109375,-56.10935974121094,-9.563562393188477,12.815521240234375,-39.17890167236328,-6.358066082000732,4.300323486328125,-23.75582504272461,-4.550365924835205,0.922119140625,-15.831256866455078,-13.899595260620117,3.5722198486328125,-53.08782196044922,-11.895148277282715,-34.93840789794922,-13.283513069152832,1.830906867980957,-13.676040649414062,20.02733039855957,4.249507904052734,0.7413482666015625,15.825845718383789,-5.768497467041016,5.172454833984375,-50.313785552978516,-13.038497924804688,-25.882911682128906,-11.123432159423828,-1.6011409759521484,-9.466476440429688,14.236330032348633,2.6248035430908203,0.10684967041015625,14.902912139892578
324223,1972-09-19 00:59:09,-36.23736572265625,3.7046966552734375,-24.365501403808594,-26.178861618041992,3.3657608032226562,-14.119234085083008,-19.800472259521484,3.8942947387695312,-3.8654651641845703,-22.286849975585938,11.801986694335938,-59.46197509765625,-4.699575424194336,4.2016754150390625,-37.18736267089844,-2.622987747192383,-0.62872314453125,-21.047752380371094,-1.8199691772460938,-1.9847259521484375,-14.756233215332031,-13.06943416595459,11.462142944335938,-58.73270034790039,-9.472965240478516,-36.23968505859375,-19.68840789794922,0.8639416694641113,-17.715171813964844,17.569387435913086,2.7651591300964355,-3.0523605346679688,15.975665092468262,-3.5183334350585938,10.157623291015625,-53.93255615234375,-10.648540496826172,-32.780029296875,-18.727434158325195,-1.447052001953125,-16.92235565185547,17.4074764251709,1.7752952575683594,-2.639434814453125,16.09183120727539,3.973308563232422,11.077125549316406,-49.52793884277344,-10.333267211914062,-23.129173278808594,-17.942203521728516,-5.650779724121094,-11.749908447265625,11.174046516418457,-1.5550727844238281,-2.7314987182617188,14.802650451660156
324236,1972-09-19 01:01:00,-35.686317443847656,4.59368896484375,-25.018665313720703,-25.80670738220215,3.94830322265625,-14.643720626831055,-19.565906524658203,4.156890869140625,-4.696987152099609,-22.106830596923828,12.176010131835938,-59.453758239746094,-4.562180042266846,5.9083099365234375,-36.97186279296875,-2.5851993560791016,0.6565704345703125,-21.051576614379883,-1.8174514770507812,-1.0108642578125,-14.855060577392578,-12.893458366394043,11.7607421875,-58.712562561035156,-9.581319808959961,-37.17018127441406,-17.81182861328125,1.2046723365783691,-16.751853942871094,18.47109603881836,2.98109769821167,-2.3185653686523438,16.059955596923828,-3.35992431640625,10.3646240234375,-53.90326690673828,-10.885940551757812,-33.75695037841797,-16.751211166381836,-1.2228965759277344,-16.19231414794922,18.105072021484375,1.8681716918945312,-2.421661376953125,16.11554527282715,4.132392883300781,11.2100830078125,-49.484989166259766,-11.070671081542969,-24.31256103515625,-15.811311721801758,-5.604137420654297,-11.083511352539062,11.857501029968262,-1.6351661682128906,-2.5333404541015625,14.829235076904297
324286,1972-09-19 01:08:14,-34.92287063598633,3.6946640014648438,-26.21624755859375,-24.429920196533203,2.8897476196289062,-17.054094314575195,-19.39208221435547,4.250892639160156,-5.295564651489258,-22.950878143310547,7.163330078125,-59.94715118408203,-5.102910041809082,7.03826904296875,-36.702362060546875,-2.9197254180908203,1.2157745361328125,-20.98285675048828,-2.066082000732422,-0.7435455322265625,-14.838340759277344,-13.726459503173828,6.8498992919921875,-59.299110412597656,-10.094990730285645,-38.958740234375,-13.076444625854492,2.7597579956054688,-15.726600646972656,19.191532135009766,4.105231761932373,-1.9605941772460938,15.85837459564209,-4.123210906982422,5.8939971923828125,-54.52097702026367,-10.778879165649414,-35.39198303222656,-13.033123016357422,-1.3029193878173828,-15.091827392578125,19.026809692382812,1.6787700653076172,-1.9270095825195312,16.202892303466797,3.4217910766601562,7.131217956542969,-50.288604736328125,-11.110145568847656,-26.081260681152344,-12.648738861083984,-5.9442901611328125,-10.101783752441406,12.548711776733398,-2.261768341064453,-1.834228515625,14.849842071533203
324293,1972-09-19 01:09:15,-35.02848815917969,3.7196426391601562,-26.0714111328125,-24.11934471130371,2.6602325439453125,-17.52695655822754,-19.432003021240234,4.23077392578125,-5.163717269897461,-23.078433990478516,6.8466796875,-59.935176849365234,-5.18720817565918,7.1151275634765625,-36.675716400146484,-2.94442081451416,1.217529296875,-20.97930335998535,-2.06927490234375,-0.769744873046875,-14.836563110351562,-13.850861549377441,6.6185760498046875,-59.296451568603516,-9.79512882232666,-39.10777282714844,-12.857829093933105,3.0445237159729004,-15.731048583984375,19.14476776123047,4.231377124786377,-2.00347900390625,15.81981086730957,-4.234262466430664,5.758819580078125,-54.52690887451172,-10.458524703979492,-35.500755310058594,-12.998239517211914,-1.2165050506591797,-15.193321228027344,18.95160675048828,1.6535263061523438,-2.0310287475585938,16.192779541015625,3.3035964965820312,7.0723724365234375,-50.30481719970703,-10.808155059814453,-26.20648193359375,-12.651548385620117,-5.983041763305664,-10.200088500976562,12.450392723083496,-2.412527084350586,-1.9451522827148438,14.811952590942383
324302,1972-09-19 01:10:33,-35.05820846557617,3.9730072021484375,-25.993968963623047,-23.733612060546875,2.5843276977539062,-18.056875228881836,-19.429607391357422,4.338417053222656,-5.082756042480469,-23.212425231933594,6.606292724609375,-59.9104118347168,-5.282601356506348,7.294097900390625,-36.62691116333008,-2.9941673278808594,1.3141021728515625,-20.966432571411133,-2.1015071868896484,-0.7092742919921875,-14.835044860839844,-13.983043670654297,6.4058380126953125,-59.28879165649414,-9.668700218200684,-39.28907012939453,-12.392341613769531,3.206280469894409,-15.642578125,19.190799713134766,4.310076713562012,-2.0156707763671875,15.797000885009766,-4.354946136474609,5.5869903564453125,-54.5352783203125,-10.368419647216797,-35.58502960205078,-12.8389892578125,-1.198028564453125,-15.224876403808594,18.927440643310547,1.6344051361083984,-2.10137939453125,16.185741424560547,3.1872901916503906,6.933990478515625,-50.33157730102539,-10.66916275024414,-26.315025329589844,-12.543766021728516,-6.111368179321289,-10.1820068359375,12.402775764465332,-2.5983848571777344,-1.955352783203125,14.779134750366211
324320,1972-09-19 01:13:09,-34.668067932128906,4.154106140136719,-26.484291076660156,-23.424930572509766,2.6786880493164062,-18.442102432250977,-19.42641830444336,4.687309265136719,-4.77592658996582,-23.22901153564453,6.0174713134765625,-59.96598815917969,-5.412054061889648,7.609130859375,-36.543827056884766,-3.094594955444336,1.4272003173828125,-20.944440841674805,-2.1861572265625,-0.6790924072265625,-14.82421875,-14.000524520874023,5.7638397216796875,-59.35052490234375,-9.862894058227539,-39.50970458984375,-11.5061674118042,3.1530914306640625,-15.424400329589844,19.375320434570312,4.313470363616943,-1.9696426391601562,15.8018798828125,-4.373224258422852,4.9403533935546875,-54.596195220947266,-10.574201583862305,-35.79339599609375,-12.068853378295898,-1.3465251922607422,-14.990066528320312,19.10405921936035,1.5528526306152344,-2.0365371704101562,16.20205307006836,3.181964874267578,6.289482116699219,-50.416507720947266,-10.733112335205078,-26.6859130859375,-11.675638198852539,-6.611690521240234,-9.667678833007812,12.5567626953125,-3.1193809509277344,-1.5431137084960938,14.727052688598633
324323,1972-09-19 01:13:52,-34.640350341796875,3.910858154296875,-26.557491302490234,-23.435962677001953,2.52947998046875,-18.44915008544922,-19.431629180908203,4.632301330566406,-4.808284759521484,-23.25948715209961,5.5657196044921875,-59.997798919677734,-5.449707984924316,7.4362030029296875,-36.573814392089844,-3.1135501861572266,1.3195953369140625,-20.94869041442871,-2.1978626251220703,-0.761627197265625,-14.818473815917969,-14.0304594039917,5.32781982421875,-59.38418960571289,-9.779302597045898,-39.660728454589844,-11.048839569091797,3.2000441551208496,-15.241401672363281,19.511962890625,4.324766159057617,-1.8568191528320312,15.812447547912598,-4.400318145751953,4.5497589111328125,-54.62795639038086,-10.526573181152344,-35.91728973388672,-11.737882614135742,-1.3286190032958984,-14.846427917480469,19.217145919799805,1.5489826202392578,-1.9333419799804688,16.215059280395508,3.1548004150390625,5.937629699707031,-50.46085739135742,-10.683414459228516,-26.81989288330078,-11.411211013793945,-6.667102813720703,-9.536186218261719,12.627813339233398,-3.1938247680664062,-1.4048538208007812,14.724935531616211
324328,1972-09-19 01:14:36,-34.63811492919922,3.531097412109375,-26.613555908203125,-23.463802337646484,2.2873764038085938,-18.44536781311035,-19.45166015625,4.515625,-4.838199615478516,-23.356555938720703,4.9683990478515625,-60.01252365112305,-5.531362533569336,7.276275634765625,-36.593719482421875,-3.150937080383301,1.221466064453125,-20.949050903320312,-2.2187252044677734,-0.8372955322265625,-14.811283111572266,-14.125909805297852,4.771209716796875,-59.40888595581055,-9.579144477844238,-39.87773132324219,-10.425572395324707,3.3207345008850098,-14.992317199707031,19.684005737304688,4.3601813316345215,-1.7068710327148438,15.81961727142334,-4.486841201782227,4.0704498291015625,-54.658729553222656,-10.389383316040039,-36.10334777832031,-11.280399322509766,-1.254974365234375,-14.661857604980469,19.363243103027344,1.5594615936279297,-1.8050765991210938,16.228836059570312,3.068126678466797,5.5225982666015625,-50.513309478759766,-10.57034683227539,-27.008262634277344,-11.06706428527832,-6.708242416381836,-9.387535095214844,12.717095375061035,-3.2772903442382812,-1.2448806762695312,14.720985412597656
324333,1972-09-19 01:15:19,-34.687461853027344,3.3448562622070312,-26.57331085205078,-23.512569427490234,2.1714935302734375,-18.397218704223633,-19.485187530517578,4.396934509277344,-4.812530517578125,-23.532577514648438,4.9214630126953125,-59.947593688964844,-5.651480674743652,7.3331298828125,-36.56399917602539,-3.201814651489258,1.2299957275390625,-20.940837860107422,-2.243816375732422,-0.845733642578125,-14.807022094726562,-14.299448013305664,4.7806243896484375,-59.36659622192383,-9.325043678283691,-39.96534729003906,-10.319876670837402,3.483293056488037,-14.975112915039062,19.66900634765625,4.415701389312744,-1.7174072265625,15.803070068359375,-4.644708633422852,4.13201904296875,-54.64091491699219,-10.183477401733398,-36.178627014160156,-11.226868629455566,-1.1230392456054688,-14.687179565429688,19.352149963378906,1.598114013671875,-1.8348464965820312,16.22173500061035,2.9111366271972656,5.6242828369140625,-50.511375427246094,-10.407108306884766,-27.092147827148438,-11.016582489013672,-6.69537353515625,-9.404144287109375,12.71160888671875,-3.321462631225586,-1.2587432861328125,14.709901809692383
324342,1972-09-19 01:16:37,-34.62379837036133,3.4479904174804688,-26.643070220947266,-23.349960327148438,2.1751861572265625,-18.602737426757812,-19.499309539794922,4.356407165527344,-4.792165756225586,-23.539379119873047,5.5334320068359375,-59.89153289794922,-5.674952507019043,7.1744537353515625,-36.591835021972656,-3.194962501525879,1.023590087890625,-20.952987670898438,-2.224863052368164,-1.0504608154296875,-14.796768188476562,-14.30587387084961,5.4241943359375,-59.30970764160156,-9.174121856689453,-39.865142822265625,-10.830123901367188,3.533158779144287,-15.273178100585938,19.429462432861328,4.420989990234375,-1.9705123901367188,15.772027015686035,-4.649580001831055,4.7598419189453125,-54.589393615722656,-10.024724960327148,-36.07117462158203,-11.705283164978027,-1.1233291625976562,-15.035896301269531,19.082454681396484,1.55487060546875,-2.1524276733398438,16.186870574951172,2.8990516662597656,6.2345123291015625,-50.440391540527344,-10.18023681640625,-26.99968719482422,-11.447145462036133,-6.82832145690918,-9.6346435546875,12.465898513793945,-3.524402618408203,-1.5214080810546875,14.637680053710938
324346,1972-09-19 01:17:12,-34.62544250488281,3.3236618041992188,-26.656723022460938,-23.320085525512695,2.0745773315429688,-18.651636123657227,-19.520915985107422,4.28033447265625,-4.772693634033203,-23.610675811767578,5.65576171875,-59.85202407836914,-5.7393341064453125,6.94891357421875,-36.62530517578125,-3.218817710876465,0.8873291015625,-20.955547332763672,-2.2342185974121094,-1.1458587646484375,-14.788276672363281,-14.376359939575195,5.5709381103515625,-59.279052734375,-9.0675630569458,-39.86554718017578,-10.91802978515625,3.598740577697754,-15.339195251464844,19.365306854248047,4.444019794464111,-2.0341949462890625,15.757462501525879,-4.713834762573242,4.9191436767578125,-54.56975555419922,-9.931821823120117,-36.04789733886719,-11.855218887329102,-1.0969581604003906,-15.176582336425781,18.972305297851562,1.5489253997802734,-2.2828750610351562,16.169559478759766,2.834430694580078,6.40216064453125,-50.423057556152344,-10.066856384277344,-26.9866943359375,-11.577322006225586,-6.856500625610352,-9.728263854980469,12.37740707397461,-3.591299057006836,-1.6251068115234375,14.610248565673828
324351,1972-09-19 01:17:55,-34.69891357421875,3.218292236328125,-26.573997497558594,-23.265918731689453,1.9530258178710938,-18.73223304748535,-19.551830291748047,4.090660095214844,-4.812322616577148,-23.66482925415039,6.242279052734375,-59.77228927612305,-5.862127304077148,6.4330902099609375,-36.700016021728516,-3.2505760192871094,0.5042877197265625,-20.963363647460938,-2.233091354370117,-1.4523162841796875,-14.761505126953125,-14.430025100708008,6.2210693359375,-59.20130157470703,-8.947816848754883,-39.57013702392578,-12.034391403198242,3.6150851249694824,-16.016998291015625,18.80542755126953,4.45007848739624,-2.56756591796875,15.677668571472168,-4.761880874633789,5.583099365234375,-54.501651763916016,-9.65736198425293,-35.921592712402344,-12.450439453125,-1.0506515502929688,-15.604179382324219,18.6248722076416,1.513296127319336,-2.66278076171875,16.114742279052734,2.775562286376953,7.0706939697265625,-50.33694839477539,-9.775657653808594,-26.87799072265625,-12.06930923461914,-6.877281188964844,-10.047035217285156,12.108304977416992,-3.7104015350341797,-1.977020263671875,14.536920547485352
324357,1972-09-19 01:18:47,-34.844444274902344,3.0963668823242188,-26.397472381591797,-23.09531021118164,1.7313613891601562,-18.96372413635254,-19.54438018798828,3.8789825439453125,-5.013647079467773,-23.62800407409668,6.8308868408203125,-59.72247314453125,-6.010298728942871,5.617095947265625,-36.809844970703125,-3.305509567260742,-0.039764404296875,-20.960800170898438,-2.253917694091797,-1.8612060546875,-14.712364196777344,-14.393710136413574,6.8306732177734375,-59.142913818359375,-8.831194877624512,-39.44010925292969,-12.536884307861328,3.582113265991211,-16.364601135253906,18.510143280029297,4.40931510925293,-2.899566650390625,15.631229400634766,-4.728061676025391,6.1695098876953125,-54.44133758544922,-9.533605575561523,-35.800331115722656,-12.887388229370117,-1.0882606506347656,-15.962570190429688,18.316452026367188,1.448415756225586,-3.0228652954101562,16.05707550048828,2.8010826110839844,7.633392333984375,-50.25328063964844,-9.638011932373047,-26.755508422851562,-12.446266174316406,-6.926494598388672,-10.306114196777344,11.859956741333008,-3.828004837036133,-2.3065032958984375,14.457670211791992
324362,1972-09-19 01:19:31,-34.95396423339844,2.8798294067382812,-26.27690887451172,-22.96515464782715,1.4761734008789062,-19.142528533935547,-19.501232147216797,3.6733627319335938,-5.3267669677734375,-23.599502563476562,7.101348876953125,-59.702186584472656,-6.059388160705566,5.2532958984375,-36.85548782348633,-3.32930850982666,-0.2314605712890625,-20.955795288085938,-2.269084930419922,-1.9791259765625,-14.694629669189453,-14.365425109863281,7.089752197265625,-59.11929702758789,-8.829645156860352,-39.427154541015625,-12.578657150268555,3.5385305881500244,-16.482711791992188,18.41347312927246,4.38062858581543,-3.0567169189453125,15.609339714050293,-4.702144622802734,6.399688720703125,-54.4170036315918,-9.550899505615234,-35.79492950439453,-12.889599800109863,-1.1452884674072266,-16.10413360595703,18.188608169555664,1.3964271545410156,-3.2281417846679688,16.021686553955078,2.8268890380859375,7.8388671875,-50.220191955566406,-9.658435821533203,-26.696624755859375,-12.556384086608887,-6.965732574462891,-10.428291320800781,11.729460716247559,-3.895580291748047,-2.4998550415039062,14.407394409179688
324367,1972-09-19 01:20:14,-34.78269958496094,2.8530349731445312,-26.506092071533203,-22.868040084838867,1.4575424194335938,-19.259859085083008,-19.452049255371094,3.7302322387695312,-5.46527099609375,-23.46294403076172,7.1322479248046875,-59.75230407714844,-5.991477966308594,5.158721923828125,-36.87994384765625,-3.3195085525512695,-0.2719573974609375,-20.956859588623047,-2.2788429260253906,-1.999603271484375,-14.690349578857422,-14.23005485534668,7.038787841796875,-59.158111572265625,-9.048731803894043,-39.55619812011719,-12.004714012145996,3.364088535308838,-16.437889099121094,18.486095428466797,4.30369758605957,-3.1701889038085938,15.608104705810547,-4.57904052734375,6.2756500244140625,-54.44194412231445,-9.83774185180664,-35.831932067871094,-12.567032814025879,-1.3580665588378906,-16.091941833496094,18.18475914001465,1.2895240783691406,-3.338348388671875,16.008056640625,2.9577064514160156,7.659393310546875,-50.24034881591797,-9.982524871826172,-26.718826293945312,-12.251995086669922,-7.044633865356445,-10.329887390136719,11.769346237182617,-3.934480667114258,-2.5024032592773438,14.396376609802246
324373,1972-09-19 01:21:06,-34.651771545410156,2.7529296875,-26.68755340576172,-22.845352172851562,1.4206161499023438,-19.289518356323242,-19.449966430664062,3.7623748779296875,-5.450628280639648,-23.39861297607422,6.9985504150390625,-59.79332733154297,-6.026736259460449,5.10205078125,-36.882076263427734,-3.3506546020507812,-0.25238037109375,-20.952152252197266,-2.3081722259521484,-1.9573974609375,-14.691452026367188,-14.16647720336914,6.8786468505859375,-59.19219970703125,-9.085965156555176,-39.67060852050781,-11.591940879821777,3.2674078941345215,-16.439193725585938,18.502273559570312,4.244303226470947,-3.2872543334960938,15.600152015686035,-4.521198272705078,6.1019744873046875,-54.466514587402344,-9.921163558959961,-35.88236999511719,-12.355772972106934,-1.4965858459472656,-16.147308349609375,18.124706268310547,1.1908340454101562,-3.4812240600585938,15.985252380371094,3.016826629638672,7.4769134521484375,-50.264312744140625,-10.109283447265625,-26.764076232910156,-12.04758071899414,-7.076578140258789,-10.321365356445312,11.757650375366211,-3.9792709350585938,-2.569976806640625,14.372139930725098
324379,1972-09-19 01:21:58,-34.751426696777344,2.2499847412109375,-26.604984283447266,-22.879854202270508,1.0712966918945312,-19.27117919921875,-19.496814727783203,3.4704208374023438,-5.476892471313477,-23.574501037597656,6.66827392578125,-59.76197814941406,-6.203033447265625,4.821746826171875,-36.890560150146484,-3.4072694778442383,-0.3987884521484375,-20.940738677978516,-2.323711395263672,-2.0499725341796875,-14.676368713378906,-14.340721130371094,6.6684722900390625,-59.17428970336914,-8.59305477142334,-39.770957946777344,-11.623931884765625,3.4032633304595947,-16.604537963867188,18.329330444335938,4.2462263107299805,-3.4810638427734375,15.557527542114258,-4.679304122924805,6.01910400390625,-54.46238327026367,-9.459051132202148,-35.99678039550781,-12.385330200195312,-1.37139892578125,-16.376792907714844,17.927642822265625,1.16156005859375,-3.7316207885742188,15.930822372436523,2.846343994140625,7.4936065673828125,-50.27177047729492,-9.74185562133789,-26.86615753173828,-12.122857093811035,-6.979713439941406,-10.609184265136719,11.55766487121582,-4.049777984619141,-2.9210205078125,14.28512191772461
324384,1972-09-19 01:22:41,-34.81574249267578,2.2250518798828125,-26.522865295410156,-22.82891082763672,1.00616455078125,-19.33500099182129,-19.49529266357422,3.42144775390625,-5.513032913208008,-23.616348266601562,6.683685302734375,-59.74373245239258,-6.273795127868652,4.638702392578125,-36.902061462402344,-3.439167022705078,-0.4908294677734375,-20.933570861816406,-2.3418617248535156,-2.10479736328125,-14.665721893310547,-14.382286071777344,6.6994476318359375,-59.16069793701172,-8.546040534973145,-39.751861572265625,-11.723495483398438,3.3829660415649414,-16.7666015625,18.184988021850586,4.228504657745361,-3.65863037109375,15.521568298339844,-4.717367172241211,6.0625,-54.45428466796875,-9.391376495361328,-36.01189422607422,-12.392901420593262,-1.3957805633544922,-16.51287078857422,17.800485610961914,1.1171436309814453,-3.9081192016601562,15.891630172729492,2.8078155517578125,7.5461578369140625,-50.266075134277344,-9.683544158935547,-26.851791381835938,-12.201154708862305,-6.9812164306640625,-10.754737854003906,11.421432495117188,-4.105354309082031,-3.1290969848632812,14.225069046020508
324390,1972-09-19 01:23:33,-34.8838996887207,2.1919021606445312,-26.435928344726562,-22.74941062927246,0.9195938110351562,-19.432767868041992,-19.490238189697266,3.3649978637695312,-5.565378189086914,-23.664169311523438,6.6780548095703125,-59.725433349609375,-6.318460464477539,4.46942138671875,-36.91532897949219,-3.457714080810547,-0.548553466796875,-20.929080963134766,-2.35211181640625,-2.12115478515625,-14.661724090576172,-14.429808616638184,6.7106170654296875,-59.14786148071289,-8.447304725646973,-39.804168701171875,-11.617095947265625,3.3927910327911377,-16.86249542236328,18.094263076782227,4.218663692474365,-3.81396484375,15.48681640625,-4.760931015014648,6.088592529296875,-54.44758224487305,-9.320919036865234,-36.02581787109375,-12.405608177185059,-1.4279594421386719,-16.674285888671875,17.64679527282715,1.0649566650390625,-4.1160125732421875,15.842653274536133,2.763965606689453,7.583587646484375,-50.26287078857422,-9.657569885253906,-26.866600036621094,-12.189129829406738,-6.957904815673828,-10.857162475585938,11.338449478149414,-4.12791633605957,-3.2921218872070312,14.181678771972656
324396,1972-09-19 01:24:25,-34.95640182495117,1.9598007202148438,-26.358264923095703,-22.701921463012695,0.7180557250976562,-19.49669075012207,-19.488746643066406,3.1976547241210938,-5.668325424194336,-23.769123077392578,6.42974853515625,-59.711002349853516,-6.384637832641602,4.3406524658203125,-36.919307708740234,-3.4740524291992188,-0.596038818359375,-20.92507553100586,-2.3522472381591797,-2.1396942138671875,-14.659011840820312,-14.534671783447266,6.52886962890625,-59.14252853393555,-8.154704093933105,-39.906005859375,-11.475944519042969,3.4867258071899414,-16.93553924560547,18.007976531982422,4.230915069580078,-3.9417037963867188,15.451448440551758,-4.857049942016602,5.9820098876953125,-54.45090866088867,-9.055707931518555,-36.13129425048828,-12.294788360595703,-1.3771190643310547,-16.79900360107422,17.532180786132812,1.027486801147461,-4.292442321777344,15.79824447631836,2.661060333251953,7.5361480712890625,-50.27555847167969,-9.49359130859375,-26.959228515625,-12.11320972442627,-6.876062393188477,-10.965232849121094,11.284247398376465,-4.129116058349609,-3.438995361328125,14.146431922912598
324401,1972-09-19 01:25:09,-35.00008773803711,1.8089981079101562,-26.311038970947266,-22.718338012695312,0.6233901977539062,-19.480817794799805,-19.499393463134766,3.05999755859375,-5.7075653076171875,-23.85511589050293,6.3890838623046875,-59.681068420410156,-6.444908142089844,4.299652099609375,-36.913631439208984,-3.484525680541992,-0.5811309814453125,-20.923755645751953,-2.3472042083740234,-2.1067962646484375,-14.664581298828125,-14.621437072753906,6.56134033203125,-59.1175422668457,-7.791619300842285,-40.01097106933594,-11.36215591430664,3.624117851257324,-17.03368377685547,17.88788604736328,4.259584426879883,-4.111335754394531,15.399277687072754,-4.936977386474609,6.080780029296875,-54.43277359008789,-8.75556755065918,-36.201202392578125,-12.306556701660156,-1.291360855102539,-16.96209716796875,17.381023406982422,1.010416030883789,-4.494415283203125,15.743080139160156,2.5707740783691406,7.6849822998046875,-50.25772476196289,-9.317604064941406,-27.029830932617188,-12.092483520507812,-6.781805038452148,-11.116371154785156,11.193053245544434,-4.128599166870117,-3.652099609375,14.093070030212402
324406,1972-09-19 01:25:52,-34.968265533447266,2.093048095703125,-26.332275390625,-22.712251663208008,0.826019287109375,-19.480375289916992,-19.472305297851562,3.1675186157226562,-5.741268157958984,-23.81342124938965,6.6805877685546875,-59.66579818725586,-6.4465436935424805,4.2570037841796875,-36.91829299926758,-3.4955081939697266,-0.5625,-20.92243194580078,-2.361783981323242,-2.067108154296875,-14.667892456054688,-14.579378128051758,6.818634033203125,-59.09880828857422,-7.920822620391846,-39.95801544189453,-11.45873737335205,3.520979404449463,-17.239501953125,17.71043586730957,4.217617511749268,-4.359809875488281,15.342378616333008,-4.898166656494141,6.28790283203125,-54.41274642944336,-8.87430191040039,-36.12040710449219,-12.457976341247559,-1.4168586730957031,-17.171180725097656,17.164592742919922,0.9331207275390625,-4.7531280517578125,15.671707153320312,2.613788604736328,7.8513031005859375,-50.22978973388672,-9.409690856933594,-26.955825805664062,-12.186015129089355,-6.846067428588867,-11.233757019042969,11.035623550415039,-4.209926605224609,-3.86639404296875,14.011613845825195
324414,1972-09-19 01:27:02,-34.93313217163086,2.199981689453125,-26.370162963867188,-22.72906494140625,0.919158935546875,-19.45657730102539,-19.461490631103516,3.2178192138671875,-5.749981880187988,-23.86016082763672,6.6631622314453125,-59.649070739746094,-6.4643096923828125,4.103302001953125,-36.932586669921875,-3.5074825286865234,-0.6038665771484375,-20.919273376464844,-2.3724632263183594,-2.0685882568359375,-14.66595458984375,-14.625601768493652,6.797943115234375,-59.08977127075195,-7.9628214836120605,-39.946678161621094,-11.469164848327637,3.458561420440674,-17.45922088623047,17.506309509277344,4.191220283508301,-4.633460998535156,15.269237518310547,-4.940727233886719,6.2656097412109375,-54.41147232055664,-8.899246215820312,-36.11128234863281,-12.466617584228516,-1.465688705444336,-17.32923126220703,17.000877380371094,0.8912467956542969,-4.9618072509765625,15.60934066772461,2.5752792358398438,7.8280029296875,-50.235416412353516,-9.40191650390625,-26.96527862548828,-12.171106338500977,-6.911340713500977,-11.328140258789062,10.89759349822998,-4.324424743652344,-4.04595947265625,13.925779342651367
324426,1972-09-19 01:28:54,-34.80906295776367,2.4051284790039062,-26.515918731689453,-22.77515411376953,1.1308135986328125,-19.39142608642578,-19.401397705078125,3.25994873046875,-5.92659854888916,-23.90713119506836,6.6435394287109375,-59.632450103759766,-6.464923858642578,3.9600677490234375,-36.94811248779297,-3.5043296813964844,-0.6201019287109375,-20.919326782226562,-2.3699188232421875,-2.0417022705078125,-14.67013168334961,-14.672523498535156,6.795562744140625,-59.07841110229492,-7.923990726470947,-39.92115020751953,-11.5843505859375,3.4240903854370117,-17.669090270996094,17.301326751708984,4.167681694030762,-4.871650695800781,15.201394081115723,-4.983959197998047,6.2795867919921875,-54.405914306640625,-8.834226608276367,-36.13218688964844,-12.452301979064941,-1.4585990905761719,-17.429580688476562,16.898601531982422,0.8734340667724609,-5.097747802734375,15.566483497619629,2.5314788818359375,7.8544158935546875,-50.2335205078125,-9.352863311767578,-27.00000762939453,-12.131845474243164,-6.929681777954102,-11.395034790039062,10.81589126586914,-4.390727996826172,-4.170318603515625,13.8682279586792
324431,1972-09-19 01:29:38,-34.66600036621094,2.5423965454101562,-26.689956665039062,-22.80406951904297,1.2880020141601562,-19.34758758544922,-19.372905731201172,3.3407211303710938,-5.9746246337890625,-23.903030395507812,6.6118316650390625,-59.63761901855469,-6.414050102233887,3.9933929443359375,-36.953392028808594,-3.4826583862304688,-0.5604095458984375,-20.92462921142578,-2.3595848083496094,-1.977783203125,-14.680557250976562,-14.668198585510254,6.75286865234375,-59.084381103515625,-7.964470386505127,-39.939537048339844,-11.492853164672852,3.402456045150757,-17.674652099609375,17.2999210357666,4.160800933837891,-4.900032043457031,15.19415283203125,-4.979957580566406,6.229583740234375,-54.412025451660156,-8.875997543334961,-36.150901794433594,-12.367998123168945,-1.489419937133789,-17.427642822265625,16.897905349731445,0.8551540374755859,-5.120941162109375,15.559883117675781,2.5377426147460938,7.7993316650390625,-50.24178695678711,-9.398448944091797,-27.02111053466797,-12.049356460571289,-6.955417633056641,-11.374336242675781,10.821158409118652,-4.417003631591797,-4.170478820800781,13.859833717346191
324437,1972-09-19 01:30:29,-34.8441162109375,2.1243972778320312,-26.49383544921875,-22.86892318725586,0.9897079467773438,-19.288509368896484,-19.459186553955078,3.0968093872070312,-5.823758125305176,-24.135784149169922,6.2717437744140625,-59.58058547973633,-6.47775936126709,3.8589935302734375,-36.9565544128418,-3.476795196533203,-0.611480712890625,-20.924175262451172,-2.332490921020508,-1.9987640380859375,-14.682044982910156,-14.903011322021484,6.5550079345703125,-59.047889709472656,-7.343689918518066,-40.09344482421875,-11.369752883911133,3.7293267250061035,-17.622390747070312,17.285844802856445,4.2758469581604,-4.87091064453125,15.171562194824219,-5.1974029541015625,6.178985595703125,-54.397464752197266,-8.339632034301758,-36.29081726074219,-12.33149242401123,-1.1979541778564453,-17.48432159423828,16.862489700317383,0.95208740234375,-5.163688659667969,15.540116310119629,2.30450439453125,7.8624725341796875,-50.24318313598633,-9.004180908203125,-27.168701171875,-12.01849365234375,-6.781011581420898,-11.519485473632812,10.778230667114258,-4.369024276733398,-4.317268371582031,13.830060958862305
324443,1972-09-19 01:31:21,-34.981597900390625,2.1341476440429688,-26.311260223388672,-22.844707489013672,0.9447021484375,-19.319433212280273,-19.457443237304688,3.02984619140625,-5.864642143249512,-24.233875274658203,6.3819427490234375,-59.5290412902832,-6.457612037658691,3.630584716796875,-36.98321533203125,-3.450601577758789,-0.7787933349609375,-20.922954559326172,-2.3053760528564453,-2.1328582763671875,-14.667449951171875,-15.001298904418945,6.6913909912109375,-59.0076904296875,-7.229097366333008,-40.0892333984375,-11.457670211791992,3.7987921237945557,-17.67127227783203,17.220699310302734,4.304546356201172,-4.9217376708984375,15.147024154663086,-5.288417816162109,6.330352783203125,-54.371280670166016,-8.244489669799805,-36.278297424316406,-12.431918144226074,-1.1405067443847656,-17.579505920410156,16.767240524291992,0.9717388153076172,-5.263519287109375,15.505367279052734,2.2139129638671875,8.023681640625,-50.22176742553711,-8.931167602539062,-27.15789794921875,-12.09714126586914,-6.748388290405273,-11.6136474609375,10.69735336303711,-4.371936798095703,-4.444557189941406,13.788761138916016
324445,1972-09-19 01:31:39,-35.03741455078125,2.1621170043945312,-26.234596252441406,-22.8240909576416,0.9370040893554688,-19.34416389465332,-19.453121185302734,3.0154571533203125,-5.886360168457031,-24.253158569335938,6.4340972900390625,-59.51557159423828,-6.445212364196777,3.55609130859375,-36.992618560791016,-3.4410781860351562,-0.817901611328125,-20.923030853271484,-2.2975006103515625,-2.15704345703125,-14.665149688720703,-15.020606994628906,6.7478790283203125,-58.99634552001953,-7.207005977630615,-40.08390808105469,-11.490190505981445,3.809302806854248,-17.689552307128906,17.199596405029297,4.307993412017822,-4.940910339355469,15.139799118041992,-5.306297302246094,6.3869171142578125,-54.36292266845703,-8.227523803710938,-36.272621154785156,-12.45968246459961,-1.1290359497070312,-17.60211181640625,16.744285583496094,0.9758815765380859,-5.288047790527344,15.496760368347168,2.196247100830078,8.079681396484375,-50.213565826416016,-8.921035766601562,-27.1507568359375,-12.12060546875,-6.741172790527344,-11.636222839355469,10.677355766296387,-4.371177673339844,-4.476356506347656,13.778708457946777
324451,1972-09-19 01:32:48,-35.06475830078125,2.4358062744140625,-26.17401123046875,-22.653705596923828,1.0323486328125,-19.538618087768555,-19.42806625366211,3.1176605224609375,-5.915790557861328,-24.158580780029297,6.72784423828125,-59.52155685424805,-6.375422477722168,3.6187744140625,-36.998634338378906,-3.4146194458007812,-0.7707061767578125,-20.929153442382812,-2.2866058349609375,-2.11639404296875,-14.672771453857422,-14.925252914428711,6.99755859375,-58.991458892822266,-7.291261196136475,-40.12323760986328,-11.298187255859375,3.741971731185913,-17.695327758789062,17.208433151245117,4.273102760314941,-5.017784118652344,15.124397277832031,-5.217752456665039,6.57769775390625,-54.34873962402344,-8.363061904907227,-36.323936462402344,-12.217595100402832,-1.1937294006347656,-17.566421508789062,16.777246475219727,0.9422740936279297,-5.3370208740234375,15.482041358947754,2.2879791259765625,8.22320556640625,-50.186161041259766,-9.11697769165039,-27.141090393066406,-11.995810508728027,-6.774082183837891,-11.602462768554688,10.69324779510498,-4.378700256347656,-4.5056304931640625,13.766776084899902
324457,1972-09-19 01:33:40,-35.027870178222656,2.662872314453125,-26.201271057128906,-22.40019416809082,1.0811996459960938,-19.82614517211914,-19.346546173095703,3.1538238525390625,-6.158792495727539,-24.097042083740234,6.7808074951171875,-59.540489196777344,-6.364912986755371,3.513031005859375,-37.0106315612793,-3.410562515258789,-0.8296966552734375,-20.927562713623047,-2.2849903106689453,-2.1555633544921875,-14.667320251464844,-14.86384391784668,7.038238525390625,-59.00212097167969,-7.284337043762207,-40.16320037841797,-11.159777641296387,3.70470929145813,-17.676025390625,17.236309051513672,4.242946624755859,-5.036964416503906,15.126510620117188,-5.161012649536133,6.6040191650390625,-54.3509635925293,-8.395769119262695,-36.338661193847656,-12.151164054870605,-1.2264690399169922,-17.5634765625,16.777969360351562,0.92022705078125,-5.359596252441406,15.475568771362305,2.3431739807128906,8.238235473632812,-50.18115234375,-9.17801284790039,-27.146133422851562,-11.937732696533203,-6.777578353881836,-11.601905822753906,10.691633224487305,-4.380279541015625,-4.5342254638671875,13.756879806518555
324462,1972-09-19 01:34:24,-35.028316497802734,2.784088134765625,-26.188072204589844,-22.175582885742188,1.0620880126953125,-20.078079223632812,-19.29315185546875,3.1550750732421875,-6.323451042175293,-24.04344367980957,6.8047332763671875,-59.559425354003906,-6.358162879943848,3.351348876953125,-37.02677917480469,-3.4046478271484375,-0.9142913818359375,-20.924999237060547,-2.280017852783203,-2.2088623046875,-14.660167694091797,-14.81074333190918,7.062225341796875,-59.012611389160156,-7.263007164001465,-40.167694091796875,-11.1575288772583,3.68156361579895,-17.68675994873047,17.23025894165039,4.221672058105469,-5.055824279785156,15.12617015838623,-5.1121063232421875,6.62640380859375,-54.35286331176758,-8.382604598999023,-36.34205627441406,-12.15011215209961,-1.2426395416259766,-17.57793426513672,16.76163673400879,0.9031543731689453,-5.383171081542969,15.468391418457031,2.388256072998047,8.259109497070312,-50.175594329833984,-9.185615539550781,-27.14490509033203,-11.934669494628906,-6.767845153808594,-11.6246337890625,10.673102378845215,-4.377264022827148,-4.5750732421875,13.744308471679688
324467,1972-09-19 01:35:07,-35.01777267456055,2.92413330078125,-26.186904907226562,-22.00292205810547,1.0901412963867188,-20.265653610229492,-19.25753402709961,3.17218017578125,-6.42269229888916,-23.986967086791992,6.884307861328125,-59.57305145263672,-6.385087013244629,3.1704864501953125,-37.0380744934082,-3.4138755798339844,-1.0090789794921875,-20.91913604736328,-2.283590316772461,-2.26788330078125,-14.650596618652344,-14.755123138427734,7.15032958984375,-59.015933990478516,-7.201470851898193,-40.16343688964844,-11.212590217590332,3.6738553047180176,-17.72087860107422,17.196815490722656,4.203964710235596,-5.095024108886719,15.117945671081543,-5.061014175415039,6.7162933349609375,-54.34661102294922,-8.332124710083008,-36.33661651611328,-12.20101547241211,-1.2434310913085938,-17.61975860595703,16.717601776123047,0.8894710540771484,-5.43084716796875,15.452512741088867,2.433208465576172,8.349395751953125,-50.158485412597656,-9.160167694091797,-27.135116577148438,-11.976428031921387,-6.751956939697266,-11.670669555664062,10.632851600646973,-4.376615524291992,-4.641105651855469,13.722360610961914
324472,1972-09-19 01:35:50,-34.95555114746094,3.060272216796875,-26.254398345947266,-21.8677978515625,1.1476669311523438,-20.408235549926758,-19.252578735351562,3.235870361328125,-6.405735015869141,-23.915157318115234,6.9723358154296875,-59.591678619384766,-6.379663467407227,3.103973388671875,-37.04464340209961,-3.4107837677001953,-1.0271148681640625,-20.918766021728516,-2.281961441040039,-2.2681732177734375,-14.650798797607422,-14.683944702148438,7.23626708984375,-59.02321243286133,-7.180410861968994,-40.16051483154297,-11.236519813537598,3.6438164710998535,-17.753211975097656,17.169836044311523,4.177823066711426,-5.139068603515625,15.110284805297852,-4.995454788208008,6.794219970703125,-54.34299087524414,-8.32066535949707,-36.33277893066406,-12.220219612121582,-1.267496109008789,-17.651344299316406,16.68243980407715,0.8656692504882812,-5.476402282714844,15.437776565551758,2.4940147399902344,8.420318603515625,-50.14364242553711,-9.169631958007812,-27.127426147460938,-11.986618041992188,-6.753894805908203,-11.693382263183594,10.6066255569458,-4.385368347167969,-4.685646057128906,13.704418182373047
324478,1972-09-19 01:36:42,-34.68975830078125,3.3963165283203125,-26.563785552978516,-21.663015365600586,1.3689956665039062,-20.61197280883789,-19.222976684570312,3.4390411376953125,-6.388749122619629,-23.793376922607422,7.104095458984375,-59.62485885620117,-6.331409454345703,3.127685546875,-37.050926208496094,-3.3947372436523438,-1.004638671875,-20.922466278076172,-2.2771949768066406,-2.247161865234375,-14.654781341552734,-14.56209945678711,7.3310699462890625,-59.04169464111328,-7.267995357513428,-40.19007873535156,-11.073365211486816,3.5556719303131104,-17.760604858398438,17.1806697845459,4.129182815551758,-5.199607849121094,15.102941513061523,-4.88282585144043,6.8477020263671875,-54.34651565551758,-8.44066047668457,-36.3470458984375,-12.094853401184082,-1.3503131866455078,-17.645355224609375,16.682281494140625,0.8205680847167969,-5.520988464355469,15.42435073852539,2.6063995361328125,8.441482543945312,-50.134368896484375,-9.326400756835938,-27.134498596191406,-11.848852157592773,-6.785205841064453,-11.654403686523438,10.629522323608398,-4.398229598999023,-4.6949615478515625,13.697107315063477
324483,1972-09-19 01:37:26,-34.556251525878906,3.4741973876953125,-26.727230072021484,-21.497760772705078,1.40899658203125,-20.781597137451172,-19.132225036621094,3.3938140869140625,-6.678773880004883,-23.75967025756836,7.05401611328125,-59.64424133300781,-6.372038841247559,3.0251007080078125,-37.05247497558594,-3.40350341796875,-1.061553955078125,-20.918231964111328,-2.2755794525146484,-2.2849578857421875,-14.649185180664062,-14.530120849609375,7.321075439453125,-59.050811767578125,-7.055069446563721,-40.239837646484375,-11.030250549316406,3.617762327194214,-17.755653381347656,17.172819137573242,4.132784843444824,-5.214141845703125,15.096944808959961,-4.853918075561523,6.8760223388671875,-54.34552764892578,-8.265800476074219,-36.390167236328125,-12.085959434509277,-1.2898368835449219,-17.673110961914062,16.657669067382812,0.8251819610595703,-5.555488586425781,15.411715507507324,2.6236419677734375,8.498870849609375,-50.12377166748047,-9.214439392089844,-27.175750732421875,-11.841894149780273,-6.733509063720703,-11.706336975097656,10.605305671691895,-4.386377334594727,-4.760032653808594,13.678434371948242
324489,1972-09-19 01:38:18,-34.565162658691406,3.4222335815429688,-26.72240447998047,-21.383480072021484,1.3541717529296875,-20.902793884277344,-18.994876861572266,3.19549560546875,-7.151900291442871,-23.745609283447266,7.121002197265625,-59.641883850097656,-6.480067253112793,2.7088165283203125,-37.0582160949707,-3.4339122772216797,-1.2672271728515625,-20.901805877685547,-2.2798328399658203,-2.4380950927734375,-14.62381362915039,-14.519086837768555,7.4570159912109375,-59.03651809692383,-6.724175453186035,-40.25324249267578,-11.186949729919434,3.729207992553711,-17.812042236328125,17.090383529663086,4.150588512420654,-5.268058776855469,15.073324203491211,-4.845096588134766,7.0670623779296875,-54.32180404663086,-7.966117858886719,-36.42918395996094,-12.169397354125977,-1.1722354888916016,-17.760452270507812,16.5732421875,0.8448753356933594,-5.647834777832031,15.377043724060059,2.614849090576172,8.729965209960938,-50.08449935913086,-8.999805450439453,-27.18608856201172,-11.98241901397705,-6.6378173828125,-11.862945556640625,10.490979194641113,-4.362449645996094,-4.94775390625,13.619346618652344
324493,1972-09-19 01:38:52,-34.52000045776367,3.60528564453125,-26.756690979003906,-21.25238800048828,1.4377593994140625,-21.030517578125,-18.953655242919922,3.2591094970703125,-7.232097625732422,-23.671173095703125,7.25933837890625,-59.65479278564453,-6.481471061706543,2.6578521728515625,-37.06166076660156,-3.438587188720703,-1.2942657470703125,-20.89937973022461,-2.2854480743408203,-2.4546661376953125,-14.620170593261719,-14.444597244262695,7.575592041015625,-59.03969192504883,-6.759566783905029,-40.263938903808594,-11.126931190490723,3.679172992706299,-17.834815979003906,17.077482223510742,4.12023401260376,-5.3221282958984375,15.062652587890625,-4.776157379150391,7.1588134765625,-54.315895080566406,-8.007413864135742,-36.490997314453125,-11.95521068572998,-1.2243919372558594,-17.742591857910156,16.588598251342773,0.8016624450683594,-5.70037841796875,15.359959602355957,2.6829071044921875,8.80010986328125,-50.06861877441406,-9.079540252685547,-27.164443969726562,-11.971335411071777,-6.641298294067383,-11.880615234375,10.468771934509277,-4.358589172363281,-5.0000457763671875,13.601470947265625
324499,1972-09-19 01:39:44,-34.362422943115234,3.9598464965820312,-26.908973693847656,-21.08341407775879,1.6322784423828125,-21.185821533203125,-18.93282699584961,3.4855499267578125,-7.180885314941406,-23.44397735595703,7.4395904541015625,-59.722267150878906,-6.398736953735352,2.69488525390625,-37.073360443115234,-3.4190673828125,-1.248077392578125,-20.905391693115234,-2.287416458129883,-2.4084930419921875,-14.627532958984375,-14.216586112976074,7.672149658203125,-59.082557678222656,-6.891567230224609,-40.439353942871094,-10.38510513305664,3.503040313720703,-17.7362060546875,17.21664047241211,4.010052680969238,-5.4035797119140625,15.06338882446289,-4.5650482177734375,7.1700592041015625,-54.33256149291992,-8.257383346557617,-36.62908172607422,-11.347472190856934,-1.4419136047363281,-17.603775024414062,16.718494415283203,0.6623096466064453,-5.721580505371094,15.358718872070312,2.897247314453125,8.745803833007812,-50.066192626953125,-9.462608337402344,-27.20055389404297,-11.58650016784668,-6.674520492553711,-11.785148620605469,10.555185317993164,-4.344526290893555,-5.010917663574219,13.601967811584473
324504,1972-09-19 01:40:28,-34.22865676879883,4.054176330566406,-27.064956665039062,-20.970762252807617,1.6753768920898438,-21.293991088867188,-18.920372009277344,3.57794189453125,-7.1682586669921875,-23.36240577697754,7.4193878173828125,-59.756736755371094,-6.394961357116699,2.66571044921875,-37.07612228393555,-3.4298343658447266,-1.238525390625,-20.904197692871094,-2.302642822265625,-2.3878326416015625,-14.628528594970703,-14.134706497192383,7.61602783203125,-59.10945129394531,-6.98906135559082,-40.49463653564453,-10.100646018981934,3.4256882667541504,-17.70240020751953,17.266923904418945,3.970208168029785,-5.431388854980469,15.063943862915039,-4.489362716674805,7.0842132568359375,-54.350128173828125,-8.384454727172852,-36.65729522705078,-11.161651611328125,-1.5375614166259766,-17.560440063476562,16.75550651550293,0.6089324951171875,-5.7242889404296875,15.359916687011719,2.9755401611328125,8.638107299804688,-50.080299377441406,-9.625659942626953,-27.23162841796875,-11.377314567565918,-6.698612213134766,-11.730674743652344,10.600510597229004,-4.351680755615234,-5.001983642578125,13.602970123291016
324511,1972-09-19 01:41:29,-34.206512451171875,3.9468002319335938,-27.10879135131836,-20.760028839111328,1.5451583862304688,-21.509241104125977,-18.842453002929688,3.4339599609375,-7.438817977905273,-23.43109130859375,7.343017578125,-59.73927307128906,-6.4813385009765625,2.52655029296875,-37.070865631103516,-3.458436965942383,-1.308013916015625,-20.895248413085938,-2.311847686767578,-2.42962646484375,-14.620197296142578,-14.204700469970703,7.6004486083984375,-59.09467697143555,-6.74709939956665,-40.50444030761719,-10.225064277648926,3.5134763717651367,-17.842376708984375,17.10445213317871,3.995652198791504,-5.582756042480469,15.001749038696289,-4.554450988769531,7.126739501953125,-54.339149475097656,-8.139432907104492,-36.68977355957031,-11.236042976379395,-1.4625778198242188,-17.702102661132812,16.61254119873047,0.6081695556640625,-5.881156921386719,15.300569534301758,2.9013023376464844,8.724761962890625,-50.06962966918945,-9.440311431884766,-27.252578735351562,-11.481948852539062,-6.6125335693359375,-11.915924072265625,10.446821212768555,-4.3426971435546875,-5.244285583496094,13.514298439025879
324516,1972-09-19 01:42:12,-34.24070358276367,3.8993148803710938,-27.072467803955078,-20.59684944152832,1.453887939453125,-21.67186737060547,-18.76580047607422,3.3217926025390625,-7.679624557495117,-23.472618103027344,7.364013671875,-59.72038269042969,-6.550655364990234,2.3469085693359375,-37.07048797607422,-3.4814414978027344,-1.4293670654296875,-20.88347625732422,-2.318887710571289,-2.5226287841796875,-14.603324890136719,-14.2471923828125,7.656982421875,-59.0771484375,-6.630383491516113,-40.468650817871094,-10.440893173217773,3.541633129119873,-18.015594482421875,16.916030883789062,4.0014519691467285,-5.754615783691406,14.935115814208984,-4.594142913818359,7.2126312255859375,-54.3244743347168,-7.997613906860352,-36.67675018310547,-11.37946605682373,-1.4281654357910156,-17.851783752441406,16.454620361328125,0.6008224487304688,-6.0388946533203125,15.239293098449707,2.8560714721679688,8.832168579101562,-50.05339431762695,-9.301471710205078,-27.22130584716797,-11.667951583862305,-6.575094223022461,-12.095993041992188,10.26186752319336,-4.364471435546875,-5.4804229736328125,13.4132080078125
324521,1972-09-19 01:42:55,-34.162330627441406,4.0550079345703125,-27.14850616455078,-20.474571228027344,1.5359954833984375,-21.78179168701172,-18.721378326416016,3.3766632080078125,-7.763650894165039,-23.391117095947266,7.5240325927734375,-59.73241424560547,-6.5097246170043945,2.358367919921875,-37.07697296142578,-3.4630565643310547,-1.4136962890625,-20.88759994506836,-2.3089141845703125,-2.505706787109375,-14.60781478881836,-14.165926933288574,7.799346923828125,-59.078067779541016,-6.692184925079346,-40.431732177734375,-10.543947219848633,3.4562411308288574,-18.127708435058594,16.813613891601562,3.9521265029907227,-5.8809051513671875,14.89901351928711,-4.519128799438477,7.32843017578125,-54.315269470214844,-8.048521041870117,-36.630882263183594,-11.490801811218262,-1.5137462615966797,-17.97199249267578,16.315526962280273,0.5403366088867188,-6.1849517822265625,15.182878494262695,2.9290542602539062,8.926254272460938,-50.03247833251953,-9.345367431640625,-27.18341064453125,-11.721090316772461,-6.601690292358398,-12.129798889160156,10.204736709594727,-4.390798568725586,-5.545768737792969,13.377710342407227
324537,1972-09-19 01:45:14,-34.019771575927734,3.8501434326171875,-27.356544494628906,-20.590810775756836,1.4790725708007812,-21.675899505615234,-18.71627426147461,3.324371337890625,-7.798454284667969,-23.333227157592773,7.439697265625,-59.76560592651367,-6.462035179138184,2.277435302734375,-37.09037399291992,-3.4428749084472656,-1.4138641357421875,-20.89092254638672,-2.299459457397461,-2.4808197021484375,-14.61355209350586,-14.108284950256348,7.7060089111328125,-59.104103088378906,-6.696732521057129,-40.47697448730469,-10.36598014831543,3.375822067260742,-18.206222534179688,16.74498176574707,3.8967113494873047,-6.0244903564453125,14.856180191040039,-4.465967178344727,7.23321533203125,-54.332427978515625,-8.071544647216797,-36.658241271972656,-11.386908531188965,-1.6044769287109375,-18.0732421875,16.19456672668457,0.46237754821777344,-6.3522491455078125,15.116230010986328,2.9804229736328125,8.830718994140625,-50.04640197753906,-9.428192138671875,-27.222450256347656,-11.563089370727539,-6.574277877807617,-12.159393310546875,10.187198638916016,-4.375944137573242,-5.640167236328125,13.343067169189453
324541,1972-09-19 01:45:49,-34.02670669555664,3.841827392578125,-27.349090576171875,-20.617591857910156,1.4718399047851562,-21.650920867919922,-18.707477569580078,3.3286895751953125,-7.817695617675781,-23.291275024414062,7.387176513671875,-59.78848648071289,-6.4116010665893555,2.3003997802734375,-37.09770584106445,-3.422639846801758,-1.3729248046875,-20.89698028564453,-2.2903270721435547,-2.4377288818359375,-14.622234344482422,-14.066198348999023,7.638214111328125,-59.12293243408203,-6.749435901641846,-40.493896484375,-10.265189170837402,3.323887825012207,-18.19452667236328,16.768070220947266,3.8676466941833496,-6.0308074951171875,14.86120891571045,-4.427028656005859,7.155853271484375,-54.34585189819336,-8.128740310668945,-36.67632293701172,-11.28754711151123,-1.6449699401855469,-18.04804229736328,16.218589782714844,0.4400959014892578,-6.3463287353515625,15.119382858276367,3.020111083984375,8.746917724609375,-50.05873489379883,-9.49685287475586,-27.23700714111328,-11.472269058227539,-6.5793304443359375,-12.142326354980469,10.204272270202637,-4.374174118041992,-5.6419830322265625,13.342880249023438
324547,1972-09-19 01:46:41,-34.059879302978516,3.8401641845703125,-27.307998657226562,-20.645280838012695,1.4532470703125,-21.625776290893555,-18.69968032836914,3.3429412841796875,-7.830248832702637,-23.208728790283203,7.341949462890625,-59.82614517211914,-6.3299102783203125,2.3585968017578125,-37.10807800292969,-3.3884410858154297,-1.3370361328125,-20.904876708984375,-2.2728843688964844,-2.4123077392578125,-14.62917709350586,-13.983414649963379,7.5607452392578125,-59.15251922607422,-6.863719940185547,-40.514686584472656,-10.106210708618164,3.229836940765381,-18.174545288085938,16.808067321777344,3.8179688453674316,-6.040031433105469,14.870306015014648,-4.350502014160156,7.0535736083984375,-54.36540222167969,-8.245664596557617,-36.727577209472656,-11.033263206481934,-1.7145614624023438,-17.986976623535156,16.279104232788086,0.40180206298828125,-6.3384552001953125,15.123749732971191,3.098430633544922,8.626754760742188,-50.074798583984375,-9.609127044677734,-27.234878540039062,-11.383476257324219,-6.610822677612305,-12.117599487304688,10.213312149047852,-4.389900207519531,-5.641899108886719,13.337747573852539
324552,1972-09-19 01:47:24,-34.000850677490234,3.83489990234375,-27.382198333740234,-20.743755340576172,1.4609222412109375,-21.530818939208984,-18.751605987548828,3.472442626953125,-7.647575378417969,-23.04461097717285,7.2889556884765625,-59.89602279663086,-6.2144575119018555,2.426513671875,-37.12321090698242,-3.355682373046875,-1.303131103515625,-20.912303924560547,-2.267608642578125,-2.393341064453125,-14.633102416992188,-13.818343162536621,7.408172607421875,-59.21058654785156,-7.185904026031494,-40.60807800292969,-9.488512992858887,3.010324478149414,-18.04876708984375,16.983440399169922,3.707502841949463,-6.024620056152344,14.904471397399902,-4.198156356811523,6.8183746337890625,-54.407371520996094,-8.632272720336914,-36.783424377441406,-10.540502548217773,-1.9087066650390625,-17.83844757080078,16.42032241821289,0.3165168762207031,-6.290435791015625,15.145809173583984,3.2621116638183594,8.33056640625,-50.114540100097656,-9.982933044433594,-27.246994018554688,-11.027241706848145,-6.711050033569336,-11.973014831542969,10.31792163848877,-4.427877426147461,-5.554718017578125,13.361767768859863
324558,1972-09-19 01:48:16,-33.95636749267578,3.157196044921875,-27.523555755615234,-21.062894821166992,1.0924835205078125,-21.240877151489258,-18.910934448242188,3.4337997436523438,-7.263043403625488,-23.016300201416016,6.8634796142578125,-59.957149505615234,-6.116157531738281,2.5815582275390625,-37.12907791137695,-3.339000701904297,-1.2335052490234375,-20.919193267822266,-2.2766475677490234,-2.361236572265625,-14.636917114257812,-13.788558959960938,6.8784027099609375,-59.28139877319336,-7.5450592041015625,-40.76896667480469,-8.464591026306152,2.8329696655273438,-17.78559112548828,17.28884506225586,3.6327505111694336,-5.9142608642578125,14.96694564819336,-4.171287536621094,6.2280731201171875,-54.480159759521484,-9.076004028320312,-36.929115295410156,-9.617959976196289,-2.054983139038086,-17.5272216796875,16.734806060791016,0.27329444885253906,-6.121734619140625,15.215616226196289,3.3112716674804688,7.699737548828125,-50.21211242675781,-10.430252075195312,-27.3463134765625,-10.346319198608398,-6.814971923828125,-11.710418701171875,10.548614501953125,-4.462734222412109,-5.3465423583984375,13.434890747070312
324564,1972-09-19 01:49:08,-34.13169860839844,2.2684326171875,-27.393985748291016,-21.3732852935791,0.5612030029296875,-20.949499130249023,-19.029869079589844,3.116729736328125,-7.093393325805664,-23.09473991394043,6.5054779052734375,-59.96689224243164,-6.113704681396484,2.564666748046875,-37.130653381347656,-3.3356075286865234,-1.26007080078125,-20.91815185546875,-2.272642135620117,-2.3918304443359375,-14.632575988769531,-13.866260528564453,6.5371856689453125,-59.301883697509766,-7.482007026672363,-40.838966369628906,-8.178287506103516,2.8672990798950195,-17.715858459472656,17.35465431213379,3.6475019454956055,-5.878509521484375,14.977441787719727,-4.242576599121094,5.92657470703125,-54.50828552246094,-9.038684844970703,-36.96836853027344,-9.501577377319336,-2.0456066131591797,-17.542579650878906,16.719860076904297,0.2702484130859375,-6.149925231933594,15.20429801940918,3.2427635192871094,7.4319915771484375,-50.25690460205078,-10.40738296508789,-27.427467346191406,-10.152728080749512,-6.801774978637695,-11.677909851074219,10.5930757522583,-4.468070983886719,-5.319488525390625,13.443851470947266
324569,1972-09-19 01:49:52,-34.332454681396484,1.9266510009765625,-27.168357849121094,-21.470857620239258,0.2932281494140625,-20.854978561401367,-18.99138641357422,2.8915557861328125,-7.289181709289551,-23.139678955078125,6.265716552734375,-59.975101470947266,-6.127091407775879,2.4599609375,-37.13553237915039,-3.341951370239258,-1.328125,-20.91292953491211,-2.276195526123047,-2.4449005126953125,-14.623241424560547,-13.910755157470703,6.304443359375,-59.31665802001953,-7.545377731323242,-40.803558349609375,-8.295897483825684,2.8187828063964844,-17.858985900878906,17.215347290039062,3.6309916973114014,-6.0108642578125,14.928842544555664,-4.283435821533203,5.716796875,-54.527488708496094,-9.032014846801758,-36.976043701171875,-9.478044509887695,-2.064584732055664,-17.587814331054688,16.66992950439453,0.2524871826171875,-6.201812744140625,15.183517456054688,3.204120635986328,7.2420501708984375,-50.287105560302734,-10.350105285644531,-27.43303680419922,-10.196157455444336,-6.834726333618164,-11.753761291503906,10.487447738647461,-4.533903121948242,-5.4242401123046875,13.379803657531738
324572,1972-09-19 01:50:35,-34.39627456665039,1.746551513671875,-27.099720001220703,-21.499282836914062,0.1572723388671875,-20.827144622802734,-18.963176727294922,2.7729949951171875,-7.407731056213379,-23.1737060546875,6.110260009765625,-59.97800064086914,-6.126331329345703,2.4416046142578125,-37.13686752319336,-3.3400344848632812,-1.339813232421875,-20.912490844726562,-2.273937225341797,-2.4547119140625,-14.621955871582031,-13.944509506225586,6.158660888671875,-59.32405090332031,-7.5089945793151855,-40.83221435546875,-8.187219619750977,2.836733341217041,-17.8275146484375,17.24498748779297,3.638103723526001,-5.9900970458984375,14.935457229614258,-4.314401626586914,5.5903167724609375,-54.53815841674805,-9.006471633911133,-36.981964111328125,-9.479214668273926,-2.069713592529297,-17.625213623046875,16.629749298095703,0.24242782592773438,-6.240867614746094,15.167667388916016,3.1738128662109375,7.131744384765625,-50.30479049682617,-10.329547882080078,-27.464332580566406,-10.132549285888672,-6.82292366027832,-11.749824523925781,10.499536514282227,-4.531391143798828,-5.421180725097656,13.3818941116333
324577,1972-09-19 01:51:18,-34.55414962768555,1.5161972045898438,-26.912097930908203,-21.515254974365234,-0.043792724609375,-20.81119155883789,-18.941970825195312,2.59185791015625,-7.526629447937012,-23.22647476196289,5.910430908203125,-59.97761535644531,-6.134690284729004,2.4163055419921875,-37.13713836669922,-3.3339462280273438,-1.3430328369140625,-20.913257598876953,-2.2638092041015625,-2.451568603515625,-14.62405014038086,-13.997312545776367,6.0014190673828125,-59.327728271484375,-7.376514911651611,-40.8299560546875,-8.317909240722656,2.845790147781372,-17.945114135742188,17.12108039855957,3.6264264583587646,-6.098609924316406,14.894325256347656,-4.362710952758789,5.4840545654296875,-54.54510498046875,-8.852041244506836,-36.976104736328125,-9.646092414855957,-2.0434818267822266,-17.765960693359375,16.48257064819336,0.23175048828125,-6.364799499511719,15.11624526977539,3.1202850341796875,7.06591796875,-50.31742477416992,-10.187202453613281,-27.51093292236328,-10.15024185180664,-6.788270950317383,-11.816558837890625,10.446965217590332,-4.5402069091796875,-5.495002746582031,13.348756790161133
324582,1972-09-19 01:52:02,-34.62322998046875,1.4333953857421875,-26.827713012695312,-21.472864151000977,-0.14589691162109375,-20.85446548461914,-18.92837905883789,2.5219345092773438,-7.584347724914551,-23.20502281188965,5.7497711181640625,-60.001529693603516,-6.101722717285156,2.5004730224609375,-37.137001037597656,-3.312511444091797,-1.28057861328125,-20.920578002929688,-2.2473583221435547,-2.4017181396484375,-14.63486099243164,-13.976444244384766,5.8616180419921875,-59.346622467041016,-7.318088054656982,-40.82856750488281,-8.376093864440918,2.825930595397949,-18.01982879638672,17.045734405517578,3.6044490337371826,-6.172340393066406,14.869267463684082,-4.343473434448242,5.3736419677734375,-54.5576286315918,-8.759971618652344,-37.01280975341797,-9.58923625946045,-2.0492095947265625,-17.771881103515625,16.475475311279297,0.2053241729736328,-6.3797607421875,15.110320091247559,3.1337432861328125,6.9792633056640625,-50.32868194580078,-10.120109558105469,-27.54802703857422,-10.116679191589355,-6.773815155029297,-11.8387451171875,10.431222915649414,-4.5496063232421875,-5.523681640625,13.333711624145508
324587,1972-09-19 01:52:45,-34.77747344970703,1.4599075317382812,-26.626026153564453,-21.49640655517578,-0.1774139404296875,-20.82994842529297,-18.938396453857422,2.5079193115234375,-7.5639753341674805,-23.23238754272461,5.5314178466796875,-60.011470794677734,-6.078725814819336,2.646392822265625,-37.13066101074219,-3.297933578491211,-1.196319580078125,-20.92786407470703,-2.2360572814941406,-2.34490966796875,-14.645797729492188,-14.003854751586914,5.662567138671875,-59.3594856262207,-7.232051849365234,-40.877479553222656,-8.21061897277832,2.8654844760894775,-17.96581268310547,17.096073150634766,3.6183676719665527,-6.135108947753906,14.881288528442383,-4.368659973144531,5.206695556640625,-54.57180404663086,-8.684957504272461,-37.058746337890625,-9.479406356811523,-2.0375328063964844,-17.739463806152344,16.511821746826172,0.19759559631347656,-6.353202819824219,15.121610641479492,3.106678009033203,6.838714599609375,-50.34965133666992,-10.077812194824219,-27.60382080078125,-10.006241798400879,-6.750253677368164,-11.82159423828125,10.465888023376465,-4.5406341552734375,-5.503082275390625,13.345282554626465
324592,1972-09-19 01:53:28,-34.838233947753906,1.3933944702148438,-26.550052642822266,-21.51389503479004,-0.2379608154296875,-20.811281204223633,-18.93490982055664,2.459228515625,-7.588639259338379,-23.26230239868164,5.3752288818359375,-60.014076232910156,-6.090447425842285,2.71026611328125,-37.12413024902344,-3.3009605407714844,-1.17431640625,-20.928634643554688,-2.235736846923828,-2.3393096923828125,-14.646743774414062,-14.03377914428711,5.523162841796875,-59.36555480957031,-7.169574737548828,-40.90245056152344,-8.1408109664917,2.8925185203552246,-17.950645446777344,17.10744857788086,3.6282739639282227,-6.125923156738281,14.882659912109375,-4.396184921264648,5.092803955078125,-54.58034133911133,-8.620227813720703,-37.08905029296875,-9.419797897338867,-2.025909423828125,-17.72734832763672,16.526256561279297,0.19256591796875,-6.3432159423828125,15.125864028930664,3.0778579711914062,6.7456207275390625,-50.36397933959961,-10.032012939453125,-27.639877319335938,-9.952598571777344,-6.733884811401367,-11.826011657714844,10.47144603729248,-4.539745330810547,-5.508094787597656,13.343514442443848
324597,1972-09-19 01:54:12,-34.88165283203125,1.3735122680664062,-26.4940185546875,-21.491741180419922,-0.28664398193359375,-20.833547592163086,-18.941802978515625,2.4579544067382812,-7.57183837890625,-23.272628784179688,5.2341461181640625,-60.02254104614258,-6.096173286437988,2.825439453125,-37.114601135253906,-3.307058334350586,-1.115325927734375,-20.93090057373047,-2.2413063049316406,-2.3040008544921875,-14.651485443115234,-14.043936729431152,5.3809051513671875,-59.376216888427734,-7.183558464050293,-40.92124938964844,-8.033265113830566,2.8925094604492188,-17.91704559326172,17.14263153076172,3.6311538219451904,-6.101158142089844,14.892128944396973,-4.405519485473633,4.959503173828125,-54.591861724853516,-8.629631042480469,-37.11067199707031,-9.32555866241455,-2.039457321166992,-17.69139862060547,16.563068389892578,0.18309593200683594,-6.314476013183594,15.138006210327148,3.0698509216308594,6.6204833984375,-50.38106918334961,-10.043399810791016,-27.66376495361328,-9.874415397644043,-6.738237380981445,-11.801139831542969,10.49667739868164,-4.544231414794922,-5.48199462890625,13.352731704711914
324603,1972-09-19 01:55:04,-34.961055755615234,1.3440322875976562,-26.390663146972656,-21.452608108520508,-0.35877227783203125,-20.872724533081055,-18.9669189453125,2.4506912231445312,-7.511077880859375,-23.312747955322266,5.1016387939453125,-60.01837921142578,-6.105391502380371,2.8848876953125,-37.108516693115234,-3.3118038177490234,-1.0714111328125,-20.93244171142578,-2.244457244873047,-2.26922607421875,-14.656429290771484,-14.083828926086426,5.2587432861328125,-59.37771224975586,-7.157836437225342,-40.93560028076172,-7.98297119140625,2.9146366119384766,-17.91699981689453,17.138935089111328,3.644780397415161,-6.105522155761719,14.887008666992188,-4.44221305847168,4.8555908203125,-54.598228454589844,-8.592306137084961,-37.12657928466797,-9.296645164489746,-2.0448036193847656,-17.694366455078125,16.559240341186523,0.17072677612304688,-6.318511962890625,15.136465072631836,3.033954620361328,6.531646728515625,-50.39483642578125,-10.019054412841797,-27.691261291503906,-9.821952819824219,-6.726274490356445,-11.798614501953125,10.507174491882324,-4.541221618652344,-5.4791717529296875,13.354917526245117
324608,1972-09-19 01:55:47,-35.02323913574219,1.337890625,-26.308399200439453,-21.414413452148438,-0.409576416015625,-20.91097640991211,-18.991943359375,2.4611587524414062,-7.444125175476074,-23.348373413085938,5.010528564453125,-60.01220703125,-6.1038055419921875,2.9362945556640625,-37.10474395751953,-3.3130836486816406,-1.0205078125,-20.934783935546875,-2.2469234466552734,-2.2227020263671875,-14.66318130493164,-14.119110107421875,5.1699981689453125,-59.37712478637695,-7.165933132171631,-40.94005584716797,-7.952769756317139,2.919926643371582,-17.91828155517578,17.13669204711914,3.6515936851501465,-6.108062744140625,14.884298324584961,-4.474660873413086,4.7753448486328125,-54.602657318115234,-8.588201522827148,-37.13722229003906,-9.257865905761719,-2.048910140991211,-17.682586669921875,16.57131004333496,0.1666088104248047,-6.308197021484375,15.140813827514648,3.003681182861328,6.458709716796875,-50.40604782104492,-10.016944885253906,-27.70623779296875,-9.781793594360352,-6.723722457885742,-11.790939331054688,10.517423629760742,-4.540962219238281,-5.470893859863281,13.35839557647705
324613,1972-09-19 01:56:30,-35.069122314453125,1.3750686645507812,-26.245281219482422,-21.376197814941406,-0.43152618408203125,-20.949602127075195,-19.01401138305664,2.5035781860351562,-7.373298645019531,-23.367855072021484,4.930145263671875,-60.01128005981445,-6.087854385375977,2.9842376708984375,-37.103538513183594,-3.3099899291992188,-0.9843597412109375,-20.93700408935547,-2.2481689453125,-2.193756103515625,-14.667346954345703,-14.138080596923828,5.0771484375,-59.38062286376953,-7.227097511291504,-40.94859313964844,-7.852816581726074,2.907867908477783,-17.88683319091797,17.17156410217285,3.6536805629730225,-6.085662841796875,14.892959594726562,-4.492084503173828,4.6773529052734375,-54.60970687866211,-8.643810272216797,-37.14861297607422,-9.159856796264648,-2.0721683502197266,-17.639053344726562,16.614763259887695,0.15894699096679688,-6.274787902832031,15.15477180480957,2.9906234741210938,6.357666015625,-50.41967010498047,-10.063335418701172,-27.712440490722656,-9.716384887695312,-6.738925933837891,-11.759681701660156,10.5426607131958,-4.546674728393555,-5.439598083496094,13.36922836303711
324619,1972-09-19 01:57:23,-35.12505340576172,1.3859939575195312,-26.169803619384766,-21.34430694580078,-0.47626495361328125,-20.981122970581055,-19.030841827392578,2.5315780639648438,-7.320123672485352,-23.4146785736084,4.801605224609375,-60.003448486328125,-6.08528995513916,3.0121917724609375,-37.10170364379883,-3.3150100708007812,-0.96136474609375,-20.937274932861328,-2.2553749084472656,-2.1752166748046875,-14.66900634765625,-14.184093475341797,4.934814453125,-59.38165283203125,-7.284331321716309,-40.978904724121094,-7.638979911804199,2.9239964485168457,-17.81238555908203,17.24604606628418,3.675412654876709,-6.0337066650390625,14.908746719360352,-4.534402847290039,4.5320587158203125,-54.61846160888672,-8.707443237304688,-37.174949645996094,-8.991196632385254,-2.09322452545166,-17.565101623535156,16.690292358398438,0.15381145477294922,-6.217742919921875,15.17831802368164,2.9549789428710938,6.211456298828125,-50.43999099731445,-10.128326416015625,-27.73541259765625,-9.58237075805664,-6.754018783569336,-11.703575134277344,10.595306396484375,-4.550058364868164,-5.384376525878906,13.390417098999023
324626,1972-09-19 01:58:23,-35.30414962768555,1.363037109375,-25.928909301757812,-21.310501098632812,-0.5795364379882812,-21.012863159179688,-19.057735443115234,2.4973831176757812,-7.261679649353027,-23.553081512451172,4.6544189453125,-59.96086502075195,-6.158975601196289,2.9411163330078125,-37.095245361328125,-3.351644515991211,-1.002227783203125,-20.929527282714844,-2.278230667114258,-2.2042694091796875,-14.661128997802734,-14.321444511413574,4.8060455322265625,-59.35923767089844,-7.215712547302246,-41.01525115966797,-7.507857322692871,3.013969898223877,-17.76404571533203,17.2803897857666,3.731584310531616,-5.99542236328125,14.910233497619629,-4.660758972167969,4.429656982421875,-54.61622619628906,-8.654298782348633,-37.20756530761719,-8.907222747802734,-2.0310068130493164,-17.540512084960938,16.723806381225586,0.19205188751220703,-6.192665100097656,15.188132286071777,2.8344383239746094,6.13031005859375,-50.45683288574219,-10.09222412109375,-27.77129364013672,-9.516319274902344,-6.718311309814453,-11.702880859375,10.618738174438477,-4.523923873901367,-5.3789520263671875,13.401449203491211
324631,1972-09-19 01:59:07,-35.44688034057617,1.3687210083007812,-25.733131408691406,-21.29072380065918,-0.65447998046875,-21.030704498291016,-19.081581115722656,2.4994659423828125,-7.198058128356934,-23.671676635742188,4.4771575927734375,-59.927650451660156,-6.225922584533691,2.8238067626953125,-37.09318542480469,-3.389293670654297,-1.079620361328125,-20.919612884521484,-2.3043174743652344,-2.2645721435546875,-14.64786148071289,-14.43882942199707,4.6288299560546875,-59.344886779785156,-7.237742900848389,-41.037513732910156,-7.363648414611816,3.047635078430176,-17.712738037109375,17.32708740234375,3.76202392578125,-5.9528656005859375,14.919632911682129,-4.768781661987305,4.2649383544921875,-54.62001037597656,-8.663900375366211,-37.277587890625,-8.599788665771484,-2.0000686645507812,-17.42479705810547,16.84804344177246,0.21315288543701172,-6.111358642578125,15.220746994018555,2.735015869140625,5.9767608642578125,-50.48073959350586,-10.110481262207031,-27.795745849609375,-9.4251127243042,-6.70704460144043,-11.67999267578125,10.651020050048828,-4.50996208190918,-5.352897644042969,13.416574478149414
324637,1972-09-19 01:59:59,-35.520782470703125,1.466461181640625,-25.625625610351562,-21.180034637451172,-0.7117233276367188,-21.140321731567383,-19.06377410888672,2.5535430908203125,-7.226202011108398,-23.688114166259766,4.1297149658203125,-59.946102142333984,-6.222926139831543,2.7865447998046875,-37.09650421142578,-3.3973445892333984,-1.1275634765625,-20.91577911376953,-2.314727783203125,-2.315887451171875,-14.638191223144531,-14.454527854919434,4.2559051513671875,-59.36897659301758,-7.297624588012695,-41.12571716308594,-6.790096282958984,3.041410207748413,-17.506973266601562,17.536048889160156,3.7634096145629883,-5.816764831542969,14.972871780395508,-4.783258438110352,3.894378662109375,-54.64641571044922,-8.776580810546875,-37.331932067871094,-8.242341995239258,-2.058932304382324,-17.27069091796875,16.998950958251953,0.18634510040283203,-5.993705749511719,15.267813682556152,2.7281150817871094,5.611328125,-50.52303695678711,-10.229621887207031,-27.854331970214844,-9.118630409240723,-6.739616394042969,-11.55462646484375,10.766572952270508,-4.523296356201172,-5.2285003662109375,13.461069107055664
324641,1972-09-19 02:00:33,-35.55710983276367,1.5025253295898438,-25.573101043701172,-21.145549774169922,-0.7267303466796875,-21.17430877685547,-19.073917388916016,2.57879638671875,-7.19038200378418,-23.731319427490234,3.9713134765625,-59.93971633911133,-6.249567985534668,2.837432861328125,-37.08816909790039,-3.4114112854003906,-1.1231689453125,-20.913726806640625,-2.3233985900878906,-2.3282470703125,-14.63485336303711,-14.497414588928223,4.10394287109375,-59.36921691894531,-7.281223297119141,-41.145599365234375,-6.686460018157959,3.0650925636291504,-17.46794891357422,17.570804595947266,3.7789299488067627,-5.7842864990234375,14.981542587280273,-4.822723388671875,3.759185791015625,-54.65241622924805,-8.759920120239258,-37.35601043701172,-8.150491714477539,-2.0458507537841797,-17.236846923828125,17.03484344482422,0.1929941177368164,-5.964073181152344,15.279329299926758,2.6905174255371094,5.4902191162109375,-50.53835678100586,-10.220046997070312,-27.882125854492188,-9.044092178344727,-6.727746963500977,-11.535408020019531,10.794565200805664,-4.514537811279297,-5.2040863037109375,13.473462104797363
324647,1972-09-19 02:01:25,-35.57098388671875,1.5883636474609375,-25.548603057861328,-21.096330642700195,-0.7150802612304688,-21.223745346069336,-19.051368713378906,2.6096572875976562,-7.238861083984375,-23.77102279663086,3.7384185791015625,-59.93896484375,-6.289411544799805,3.044830322265625,-37.06497573852539,-3.4364356994628906,-1.0521087646484375,-20.91332244873047,-2.3410797119140625,-2.308868408203125,-14.635108947753906,-14.536706924438477,3.87139892578125,-59.37522888183594,-7.321537017822266,-41.1517333984375,-6.604196548461914,3.0640063285827637,-17.45171356201172,17.58712387084961,3.788167953491211,-5.76800537109375,14.98548698425293,-4.85890007019043,3.5433349609375,-54.663631439208984,-8.771625518798828,-37.37952423095703,-8.029220581054688,-2.0555496215820312,-17.19561767578125,17.07529067993164,0.1873922348022461,-5.93048095703125,15.292469024658203,2.6574783325195312,5.2891082763671875,-50.56154251098633,-10.232719421386719,-27.918106079101562,-8.917901992797852,-6.726432800292969,-11.491569519042969,10.842039108276367,-4.512119293212891,-5.153800964355469,13.493587493896484
324652,1972-09-19 02:02:09,-35.5999641418457,1.5312423706054688,-25.511699676513672,-21.096576690673828,-0.7603225708007812,-21.221927642822266,-19.052993774414062,2.569549560546875,-7.248928070068359,-23.809837341308594,3.6162567138671875,-59.931053161621094,-6.328017234802246,3.095733642578125,-37.0541877746582,-3.451295852661133,-1.0530853271484375,-20.910831451416016,-2.3467845916748047,-2.327789306640625,-14.631195068359375,-14.575590133666992,3.7720947265625,-59.37208557128906,-7.229139804840088,-41.174034118652344,-6.56690788269043,3.110926866531372,-17.43927764892578,17.591217041015625,3.807722568511963,-5.757102966308594,14.984721183776855,-4.894672393798828,3.4724578857421875,-54.66498947143555,-8.686809539794922,-37.39056396484375,-8.069910049438477,-2.0297927856445312,-17.23370361328125,17.039939880371094,0.1911296844482422,-5.958457946777344,15.28154468536377,2.619518280029297,5.24078369140625,-50.56855773925781,-10.12686538696289,-27.935714721679688,-8.983317375183105,-6.741083145141602,-11.546173095703125,10.774724006652832,-4.558572769165039,-5.212211608886719,13.455483436584473
324658,1972-09-19 02:03:01,-35.62876892089844,1.492156982421875,-25.47378158569336,-21.13132667541504,-0.7885360717773438,-21.186296463012695,-19.06049346923828,2.5591049194335938,-7.2328948974609375,-23.878738403320312,3.46710205078125,-59.91244888305664,-6.372791290283203,3.0912322998046875,-37.04689025878906,-3.475250244140625,-1.07763671875,-20.905609130859375,-2.362232208251953,-2.35845947265625,-14.623798370361328,-14.643937110900879,3.628326416015625,-59.364227294921875,-7.261579513549805,-41.16059112548828,-6.615153789520264,3.106110095977783,-17.487953186035156,17.543682098388672,3.8143668174743652,-5.793586730957031,14.968961715698242,-4.957607269287109,3.3438873291015625,-54.66733169555664,-8.679855346679688,-37.40582275390625,-8.006399154663086,-2.014629364013672,-17.22454833984375,17.050994873046875,0.2014007568359375,-5.9527130126953125,15.283653259277344,2.560382843017578,5.125030517578125,-50.58344650268555,-10.106014251708984,-27.9537353515625,-8.950687408447266,-6.744970321655273,-11.552108764648438,10.765924453735352,-4.572145462036133,-5.220542907714844,13.447647094726562
324662,1972-09-19 02:03:35,-35.630615234375,1.4851303100585938,-25.47161102294922,-21.18781852722168,-0.77423095703125,-21.130327224731445,-19.05685806274414,2.5620193481445312,-7.241433143615723,-23.937353134155273,3.354736328125,-59.89545822143555,-6.416036605834961,3.1389617919921875,-37.03540802001953,-3.501110076904297,-1.071044921875,-20.901634216308594,-2.3805789947509766,-2.3669586181640625,-14.61944580078125,-14.701955795288086,3.513885498046875,-59.356773376464844,-7.28537130355835,-41.16949462890625,-6.533106803894043,3.114088773727417,-17.468887329101562,17.561254501342773,3.825737714767456,-5.781364440917969,14.970787048339844,-5.011039733886719,3.2355499267578125,-54.66897964477539,-8.70240592956543,-37.41046905517578,-7.960075378417969,-2.0129003524780273,-17.21874237060547,17.057064056396484,0.20743560791015625,-5.949958801269531,15.284640312194824,2.511638641357422,5.0223236083984375,-50.59619140625,-10.123653411865234,-27.968856811523438,-8.883295059204102,-6.740983963012695,-11.529090881347656,10.793050765991211,-4.564495086669922,-5.194427490234375,13.460351943969727
324670,1972-09-19 02:04:45,-35.61522674560547,1.5333404541015625,-25.490264892578125,-21.318910598754883,-0.6713943481445312,-21.001598358154297,-19.010902404785156,2.5448989868164062,-7.367171287536621,-24.017078399658203,2.966461181640625,-59.884029388427734,-6.445172309875488,3.4602813720703125,-37.001705169677734,-3.514314651489258,-0.885894775390625,-20.908084869384766,-2.3875675201416016,-2.2423095703125,-14.637943267822266,-14.781717300415039,3.161834716796875,-59.35675811767578,-7.1566925048828125,-41.220359802246094,-6.352078437805176,3.1950085163116455,-17.406455993652344,17.608638763427734,3.8659276962280273,-5.728721618652344,14.980697631835938,-5.084562301635742,2.942291259765625,-54.67876052856445,-8.580011367797852,-37.462738037109375,-7.846377372741699,-1.9470500946044922,-17.196121215820312,17.08749771118164,0.2351551055908203,-5.922355651855469,15.294957160949707,2.436168670654297,4.7768096923828125,-50.62364959716797,-10.001888275146484,-28.04082489013672,-8.79387092590332,-6.72209358215332,-11.528396606445312,10.805578231811523,-4.577831268310547,-5.179443359375,13.46159839630127
324676,1972-09-19 02:05:37,-35.635623931884766,1.2954559326171875,-25.47494888305664,-21.330604553222656,-0.8440475463867188,-20.983484268188477,-19.010272979736328,2.4376754760742188,-7.404955863952637,-24.087139129638672,2.1764373779296875,-59.88981246948242,-6.489500045776367,3.9075164794921875,-36.94939422607422,-3.532430648803711,-0.5774383544921875,-20.91582489013672,-2.396726608276367,-2.0062103271484375,-14.670673370361328,-14.853065490722656,2.4459075927734375,-59.37276840209961,-6.849691390991211,-41.33885955810547,-5.904793739318848,3.338571310043335,-17.208740234375,17.775554656982422,3.9196996688842773,-5.560523986816406,15.03001594543457,-5.150745391845703,2.34625244140625,-54.70138931274414,-8.304174423217773,-37.63713836669922,-7.288724899291992,-1.7771434783935547,-16.999610900878906,17.30130958557129,0.30713653564453125,-5.76220703125,15.354736328125,2.3594017028808594,4.2779541015625,-50.671875,-9.796022415161133,-28.219863891601562,-8.446006774902344,-6.66339111328125,-11.447013854980469,10.927762985229492,-4.573225021362305,-5.0647430419921875,13.506730079650879
324682,1972-09-19 02:06:29,-35.7115478515625,1.2629623413085938,-25.37004852294922,-21.32089614868164,-0.8792648315429688,-20.99190330505371,-19.032150268554688,2.3937301635742188,-7.362969398498535,-24.141748428344727,1.766876220703125,-59.88130569458008,-6.528939247131348,4.03369140625,-36.92888641357422,-3.532642364501953,-0.510284423828125,-20.91753387451172,-2.3837223052978516,-1.9657440185546875,-14.678272247314453,-14.910237312316895,2.1228485107421875,-59.37086486816406,-6.517151832580566,-41.38871765136719,-5.931774616241455,3.461134910583496,-17.22966766357422,17.731781005859375,3.9569499492645264,-5.5682525634765625,15.017391204833984,-5.204633712768555,2.1270599365234375,-54.70524978637695,-7.971952438354492,-37.71417999267578,-7.26131534576416,-1.6170215606689453,-17.027626037597656,17.289459228515625,0.3668365478515625,-5.769981384277344,15.350509643554688,2.289825439453125,4.140380859375,-50.68649673461914,-9.515962600708008,-28.33586883544922,-8.377516746520996,-6.592771530151367,-11.481643676757812,10.934266090393066,-4.570823669433594,-5.07684326171875,13.503000259399414
324687,1972-09-19 02:07:12,-35.77077865600586,1.1598052978515625,-25.291412353515625,-21.35222625732422,-0.9319381713867188,-20.9577579498291,-19.04389190673828,2.3094558715820312,-7.359530448913574,-24.250423431396484,1.58990478515625,-59.842342376708984,-6.588889122009277,4.207000732421875,-36.898887634277344,-3.547586441040039,-0.4516448974609375,-20.916351318359375,-2.3820533752441406,-1.9503936767578125,-14.680587768554688,-15.02076244354248,2.0094146728515625,-59.34695053100586,-6.296390533447266,-41.39549255371094,-6.119972229003906,3.549576759338379,-17.319122314453125,17.626842498779297,3.9893202781677246,-5.6291656494140625,14.986085891723633,-5.307861328125,2.0811920166015625,-54.69709014892578,-7.730217933654785,-37.76036071777344,-7.282695770263672,-1.4751081466674805,-17.081100463867188,17.249357223510742,0.4294471740722656,-5.8118133544921875,15.333091735839844,2.1790924072265625,4.146728515625,-50.69085693359375,-9.298372268676758,-28.39520263671875,-8.42086124420166,-6.541149139404297,-11.549957275390625,10.89323616027832,-4.572652816772461,-5.1357421875,13.48008918762207
324693,1972-09-19 02:08:04,-35.7981071472168,1.1291580200195312,-25.254100799560547,-21.365745544433594,-0.9761123657226562,-20.94196319580078,-19.04690933227539,2.3116989135742188,-7.351016044616699,-24.345861434936523,1.351715087890625,-59.8094367980957,-6.577669143676758,4.43414306640625,-36.87428283691406,-3.5454444885253906,-0.3675994873046875,-20.91836166381836,-2.3814735412597656,-1.922454833984375,-14.684371948242188,-15.115114212036133,1.766693115234375,-59.33071517944336,-6.341888904571533,-41.411293029785156,-5.9641432762146,3.538501501083374,-17.294898986816406,17.65283966064453,3.9916741847991943,-5.620384216308594,14.988752365112305,-5.394672393798828,1.851318359375,-54.696861267089844,-7.766249656677246,-37.79608917236328,-7.0553998947143555,-1.4581108093261719,-17.007720947265625,17.323156356811523,0.4479665756225586,-5.7628173828125,15.351045608520508,2.1002159118652344,3.928558349609375,-50.7115592956543,-9.343145370483398,-28.445518493652344,-8.19857120513916,-6.554191589355469,-11.471595764160156,10.967950820922852,-4.582881927490234,-5.0602264404296875,13.505147933959961
324696,1972-09-19 02:08:48,-35.8018913269043,1.2776870727539062,-25.241657257080078,-21.386280059814453,-0.8829803466796875,-20.925132751464844,-19.035152435302734,2.3862991333007812,-7.357625961303711,-24.376052856445312,1.324859619140625,-59.7977409362793,-6.554965972900391,4.4568328857421875,-36.87559127807617,-3.5400657653808594,-0.377899169921875,-20.919090270996094,-2.3814144134521484,-1.9438323974609375,-14.681560516357422,-15.143917083740234,1.714935302734375,-59.324886322021484,-6.457282066345215,-41.404388427734375,-5.887774467468262,3.4960825443267822,-17.281143188476562,17.674741744995117,3.9807536602020264,-5.61529541015625,14.99356460571289,-5.42064094543457,1.7798919677734375,-54.6966667175293,-7.8640336990356445,-37.814659118652344,-6.844534873962402,-1.494065284729004,-16.950721740722656,17.37587547302246,0.4338979721069336,-5.746971130371094,15.35738754272461,2.0822486877441406,3.8425750732421875,-50.71888732910156,-9.39360237121582,-28.422805786132812,-8.219643592834473,-6.615758895874023,-11.475112915039062,10.927227973937988,-4.639719009399414,-5.075080871582031,13.480147361755371
324701,1972-09-19 02:09:31,-35.74291229248047,1.5371246337890625,-25.310684204101562,-21.3404541015625,-0.733856201171875,-20.97761344909668,-18.9725341796875,2.4917221069335938,-7.483341217041016,-24.309240341186523,1.314178466796875,-59.825164794921875,-6.453363418579102,4.544891357421875,-36.88276672363281,-3.497751235961914,-0.3572540283203125,-20.92656707763672,-2.3597469329833984,-1.9481353759765625,-14.684490203857422,-15.07568645477295,1.6575927734375,-59.34389114379883,-6.629123687744141,-41.404762268066406,-5.690865516662598,3.378617286682129,-17.245376586914062,17.732423782348633,3.9208807945251465,-5.614837646484375,15.009503364562988,-5.35682487487793,1.682861328125,-54.706024169921875,-8.03122329711914,-37.84465026855469,-6.474555015563965,-1.5889568328857422,-16.83123016357422,17.483280181884766,0.3823385238647461,-5.701316833496094,15.375763893127441,2.1526641845703125,3.7158355712890625,-50.72539138793945,-9.550271987915039,-28.409454345703125,-8.084152221679688,-6.692365646362305,-11.400299072265625,10.958844184875488,-4.690397262573242,-5.020416259765625,13.483077049255371
324708,1972-09-19 02:10:32,-35.65528869628906,1.8393783569335938,-25.413898468017578,-21.291934967041016,-0.545623779296875,-21.03258514404297,-18.926918029785156,2.6451797485351562,-7.54592227935791,-24.166358947753906,1.410491943359375,-59.88083267211914,-6.290044784545898,4.6789703369140625,-36.89421463012695,-3.424976348876953,-0.303436279296875,-20.939449310302734,-2.319547653198242,-1.9250640869140625,-14.693939208984375,-14.931861877441406,1.6942596435546875,-59.379207611083984,-6.861957550048828,-41.3780517578125,-5.6085524559021,3.1919569969177246,-17.269302368164062,17.74372100830078,3.819566011428833,-5.666351318359375,15.01626968383789,-5.2234344482421875,1.6610107421875,-54.71958923339844,-8.248077392578125,-37.839881896972656,-6.225041389465332,-1.7291641235351562,-16.75452423095703,17.543556213378906,0.3057718276977539,-5.688453674316406,15.382241249084473,2.2902259826660156,3.6491241455078125,-50.72420883178711,-9.764425277709961,-28.3924560546875,-7.885560512542725,-6.797101974487305,-11.300765991210938,10.997406959533691,-4.765642166137695,-4.962493896484375,13.478134155273438
324714,1972-09-19 02:11:24,-35.58983612060547,1.88726806640625,-25.501983642578125,-21.240524291992188,-0.536102294921875,-21.084745407104492,-18.901615142822266,2.6890029907226562,-7.593694686889648,-24.013216018676758,1.29248046875,-59.945072174072266,-6.153276443481445,4.6809844970703125,-36.917015075683594,-3.357898712158203,-0.300262451171875,-20.950359344482422,-2.278545379638672,-1.923095703125,-14.700603485107422,-14.779167175292969,1.549591064453125,-59.42134475708008,-6.907177448272705,-41.413902282714844,-5.278683185577393,3.090670108795166,-17.166038513183594,17.861467361450195,3.74552583694458,-5.618499755859375,15.052854537963867,-5.082483291625977,1.501617431640625,-54.73746871948242,-8.335933685302734,-37.867156982421875,-5.935427188873291,-1.8137054443359375,-16.635452270507812,17.648014068603516,0.2496662139892578,-5.618339538574219,15.4089994430542,2.4272994995117188,3.4795379638671875,-50.72975158691406,-9.9127197265625,-28.439788818359375,-7.521611213684082,-6.850395202636719,-11.160667419433594,11.106866836547852,-4.806615829467773,-4.8572540283203125,13.501898765563965
324720,1972-09-19 02:12:16,-35.480045318603516,2.1212539672851562,-25.63622283935547,-21.1578369140625,-0.42592620849609375,-21.17022132873535,-18.860740661621094,2.84979248046875,-7.636569023132324,-23.796886444091797,1.2919769287109375,-60.031288146972656,-5.963614463806152,4.66461181640625,-36.9501953125,-3.278369903564453,-0.333648681640625,-20.962448120117188,-2.238435745239258,-1.9614105224609375,-14.701705932617188,-14.562636375427246,1.463531494140625,-59.476959228515625,-7.251676559448242,-41.383949279785156,-5.046591758728027,2.860391855239868,-17.112998962402344,17.950498580932617,3.628746747970581,-5.6064605712890625,15.085911750793457,-4.882749557495117,1.3414154052734375,-54.759803771972656,-8.653396606445312,-37.86933135986328,-5.44706916809082,-1.999629020690918,-16.42084503173828,17.8280029296875,0.15358924865722656,-5.4989013671875,15.453278541564941,2.6318702697753906,3.2632827758789062,-50.733924865722656,-10.239461898803711,-28.418724060058594,-7.154555320739746,-6.977895736694336,-10.965705871582031,11.22110366821289,-4.8809814453125,-4.706245422363281,13.528675079345703
324725,1972-09-19 02:12:59,-35.41552734375,2.1884078979492188,-25.719646453857422,-21.105859756469727,-0.40879058837890625,-21.22237777709961,-18.841110229492188,2.9142303466796875,-7.660673141479492,-23.68221092224121,1.2847747802734375,-60.07677459716797,-5.854047775268555,4.7421875,-36.95783996582031,-3.2323856353759766,-0.3103485107421875,-20.96994400024414,-2.215007781982422,-1.958953857421875,-14.705585479736328,-14.44821548461914,1.4103851318359375,-59.50614547729492,-7.451751708984375,-41.355743408203125,-4.9859299659729,2.7135329246520996,-17.108627319335938,17.97745132446289,3.551907539367676,-5.6144866943359375,15.101205825805664,-4.777559280395508,1.248992919921875,-54.77126693725586,-8.838433265686035,-37.827781677246094,-5.438719272613525,-2.130735397338867,-16.407127380371094,17.82544708251953,0.08639144897460938,-5.4956817626953125,15.45494556427002,2.7395401000976562,3.1410980224609375,-50.73593521118164,-10.399404525756836,-28.39612579345703,-7.012143611907959,-7.04936408996582,-10.875335693359375,11.264302253723145,-4.92430305480957,-4.633079528808594,13.538226127624512
324731,1972-09-19 02:13:51,-35.39783477783203,2.2863235473632812,-25.735485076904297,-21.096458435058594,-0.25937652587890625,-21.234073638916016,-18.824970245361328,2.856689453125,-7.721779823303223,-23.64223861694336,2.0058135986328125,-60.07277297973633,-5.868509292602539,5.3307037353515625,-36.8752555847168,-3.2217063903808594,-0.0107269287109375,-20.973880767822266,-2.1956729888916016,-1.77020263671875,-14.732383728027344,-14.409656524658203,2.18048095703125,-59.49225616455078,-7.2673749923706055,-41.25340270996094,-6.002291679382324,2.62825608253479,-17.55127716064453,17.558530807495117,3.459655284881592,-5.9613189697265625,14.989275932312012,-4.74193000793457,2.0106964111328125,-54.75169372558594,-8.608010292053223,-37.76564025878906,-6.188416481018066,-2.0719385147094727,-16.76837921142578,17.493106842041016,0.09092044830322266,-5.7833709716796875,15.349581718444824,2.7600669860839844,3.8909149169921875,-50.682830810546875,-10.211891174316406,-28.354278564453125,-7.443765640258789,-6.995584487915039,-11.086418151855469,11.090717315673828,-4.913003921508789,-4.865234375,13.460672378540039
324739,1972-09-19 02:15:00,-35.99688720703125,6.940940856933594,-24.012432098388672,-20.382827758789062,3.33941650390625,-21.665695190429688,-18.349891662597656,3.8180999755859375,-8.418413162231445,-26.009925842285156,11.967987060546875,-57.89617919921875,-7.715053558349609,8.1304931640625,-36.014068603515625,-4.056709289550781,0.70745849609375,-20.816478729248047,-2.6360321044921875,-1.7061920166015625,-14.667591094970703,-16.769241333007812,12.333175659179688,-57.605613708496094,-7.230120658874512,-38.47210693359375,-16.071969985961914,2.906139373779297,-21.40447998046875,12.516378402709961,3.7427892684936523,-9.281448364257812,13.11606502532959,-6.922872543334961,11.628738403320312,-53.30218505859375,-8.178133964538574,-34.752967834472656,-16.247699737548828,-1.5144482851028442,-20.978134155273438,12.210836410522461,0.5424749851226807,-9.459266662597656,13.390046119689941,0.6814098358154297,12.990631103515625,-49.21672821044922,-8.974708557128906,-25.983642578125,-14.420928955078125,-6.689239501953125,-13.727882385253906,7.851764678955078,-4.814037322998047,-7.977752685546875,11.92385196685791
324744,1972-09-19 02:15:44,-37.15372085571289,9.685836791992188,-21.126632690429688,-19.618274688720703,4.97601318359375,-22.053943634033203,-17.416748046875,4.5404052734375,-9.909988403320312,-30.54631233215332,14.097991943359375,-55.135162353515625,-11.399288177490234,3.2370758056640625,-35.80807113647461,-5.778446197509766,-3.0204620361328125,-20.19330406188965,-3.5998992919921875,-4.6582794189453125,-13.796342849731445,-21.314720153808594,14.564407348632812,-55.545318603515625,-9.196317672729492,-36.144866943359375,-19.991558074951172,3.3137283325195312,-22.75464630126953,9.72124195098877,4.545589447021484,-10.508682250976562,11.878135681152344,-11.157176971435547,13.799026489257812,-52.05171203613281,-9.835306167602539,-30.915481567382812,-22.04854965209961,-1.3809833526611328,-22.8929443359375,8.092355728149414,1.1742134094238281,-11.401573181152344,11.734162330627441,-3.270369529724121,15.079551696777344,-48.512046813964844,-8.425189018249512,-23.127731323242188,-18.915124893188477,-6.486952781677246,-15.02288818359375,5.20413875579834,-4.601995468139648,-9.671951293945312,10.689845085144043
324750,1972-09-19 02:16:36,-38.819480895996094,12.659706115722656,-15.916305541992188,-18.299285888671875,5.562934875488281,-23.026153564453125,-15.748390197753906,4.985572814941406,-12.218772888183594,-40.13132858276367,18.10626220703125,-47.258399963378906,-18.71306610107422,-3.671783447265625,-32.54196548461914,-9.113868713378906,-8.418418884277344,-17.21484375,-5.374267578125,-8.752830505371094,-10.931745529174805,-31.159706115722656,18.124610900878906,-49.5206298828125,-16.997962951660156,-31.886886596679688,-22.022296905517578,2.4080429077148438,-24.108123779296875,6.0213470458984375,5.6565704345703125,-12.139305114746094,9.634597778320312,-20.569719314575195,16.69029998779297,-48.193328857421875,-16.902847290039062,-25.71692657470703,-24.322242736816406,-2.565185546875,-23.747955322265625,4.575458526611328,2.1101608276367188,-12.993789672851562,9.786415100097656,-12.071004867553711,17.409629821777344,-46.289337158203125,-12.465396881103516,-19.369285583496094,-20.811115264892578,-6.862358093261719,-15.288597106933594,3.744007110595703,-3.7110023498535156,-10.704360961914062,10.032100677490234
324756,1972-09-19 02:17:28,-30.962074279785156,28.617164611816406,-11.956466674804688,-18.80921173095703,10.509178161621094,-20.779434204101562,-14.018325805664062,10.015052795410156,-11.196029663085938,-37.87220001220703,30.18206024169922,-42.737060546875,-30.568878173828125,-12.351127624511719,-18.32030487060547,-11.342987060546875,-17.92212677001953,0.6459503173828125,-3.9679107666015625,-13.775459289550781,4.4147796630859375,-31.00922393798828,25.19287109375,-46.427024841308594,-36.115013122558594,-17.88446807861328,-12.904922485351562,-9.68310546875,-20.727828979492188,9.992599487304688,0.633087158203125,-12.351078033447266,10.919479370117188,-22.49872589111328,18.597000122070312,-46.60724639892578,-33.12342071533203,-16.659446716308594,-12.803924560546875,-11.474517822265625,-18.035194396972656,11.599464416503906,-1.1409759521484375,-10.506206512451172,12.545242309570312,-14.542903900146484,14.9854736328125,-46.426780700683594,-25.7279052734375,-12.715225219726562,-11.834526062011719,-11.473548889160156,-8.673019409179688,9.380149841308594,-4.71209716796875,-5.4949951171875,13.289054870605469
