644579,1972-12-02 18:06:00,-19.248807907104492,16.320037841796875,-39.412986755371094,-3.9884071350097656,5.69140625,-31.20156478881836,2.256031036376953,0.7377471923828125,-21.813190460205078,-5.687465667724609,44.88134765625,-52.065826416015625,-17.019145965576172,-21.854721069335938,-29.242694854736328,-2.228679656982422,-21.261550903320312,7.516265869140625,2.2155628204345703,-10.404129028320312,11.976581573486328,2.77889347076416,39.79219055175781,-51.84031677246094,-23.731029510498047,-22.346923828125,-31.298519134521484,-9.553093910217285,-22.820068359375,9.9378662109375,-1.5052547454833984,-11.01763916015625,13.66574478149414,10.431421279907227,32.078033447265625,-48.07440185546875,-22.729583740234375,-18.620986938476562,-29.85511016845703,-13.838994026184082,-20.312850952148438,8.391040802001953,-4.939146041870117,-10.634384155273438,13.013988494873047,17.21990394592285,27.443283081054688,-43.65503692626953,-21.18715476989746,-11.369461059570312,-22.821475982666016,-11.617255210876465,-12.366439819335938,6.95458984375,-5.394161701202393,-8.6702880859375,12.525341033935547
644588,1972-12-02 18:07:26,-13.501852035522461,15.95709228515625,-41.87261199951172,-0.35182762145996094,5.46331787109375,-31.493896484375,5.98583984375,-0.4886627197265625,-21.10403060913086,1.3642244338989258,43.52333068847656,-53.491973876953125,-13.80937671661377,-20.5802001953125,-31.75172233581543,-4.191781997680664,-21.556686401367188,5.59043025970459,0.026708602905273438,-11.306228637695312,11.347336769104004,9.640653610229492,38.297271728515625,-52.143428802490234,-19.23285675048828,-20.04168701171875,-35.64508056640625,-11.91379165649414,-22.837448120117188,6.876827716827393,-3.997119903564453,-11.43603515625,12.79245376586914,16.64093589782715,30.559005737304688,-47.30950927734375,-16.093826293945312,-14.301773071289062,-35.93259048461914,-15.941610336303711,-20.198226928710938,3.5264651775360107,-7.389662742614746,-10.892868041992188,11.558000564575195,22.76936912536621,25.931365966796875,-42.006439208984375,-13.700645446777344,-6.7324981689453125,-29.426963806152344,-13.779214859008789,-12.024261474609375,1.3438119888305664,-8.79664134979248,-9.21826171875,9.93970012664795
644597,1972-12-02 18:08:44,-11.486127853393555,8.505645751953125,-44.564186096191406,0.256103515625,1.2397308349609375,-31.941112518310547,11.755964279174805,-5.9646453857421875,-17.540508270263672,-0.3677647113800049,34.80802917480469,-59.54661178588867,-11.202340126037598,-24.439544677734375,-29.99386215209961,-3.2253875732421875,-21.166976928710938,7.420982360839844,0.21519088745117188,-10.020050048828125,12.495828628540039,8.231760025024414,30.50592041015625,-57.272911071777344,-16.2177734375,-25.673141479492188,-33.4666633605957,-10.663323402404785,-22.600006103515625,9.290416717529297,-3.727982521057129,-9.884490966796875,14.099842071533203,15.647764205932617,24.162826538085938,-51.188560485839844,-11.406944274902344,-17.23822021484375,-36.43389129638672,-14.822770118713379,-21.1268310546875,2.912322998046875,-7.591029167175293,-10.559921264648438,11.735143661499023,21.95143699645996,20.888595581054688,-45.135597229003906,-9.73276138305664,-10.059463500976562,-30.05097198486328,-13.184066772460938,-12.732986450195312,0.5542526245117188,-9.346464157104492,-8.823028564453125,9.795541763305664
644609,1972-12-02 18:10:28,-9.630247116088867,3.883453369140625,-45.633548736572266,-0.5906696319580078,-0.2926025390625,-31.959392547607422,2.607797622680664,-1.67193603515625,-21.722183227539062,-1.0622978210449219,25.804595947265625,-63.957237243652344,-7.226004600524902,-27.155349731445312,-28.85806655883789,-2.033632278442383,-20.959304809570312,8.371726989746094,0.22570037841796875,-9.078384399414062,13.195663452148438,7.802253723144531,22.76849365234375,-60.82170486450195,-11.069550514221191,-29.1494140625,-32.70963668823242,-9.24533462524414,-23.029647827148438,9.743606567382812,-3.8352537155151367,-9.180633544921875,14.540061950683594,15.516572952270508,18.1414794921875,-53.65711212158203,-6.855920791625977,-21.549957275390625,-35.26044464111328,-12.78993034362793,-22.352508544921875,3.3648338317871094,-7.440886497497559,-10.424545288085938,11.950359344482422,21.829660415649414,16.418197631835938,-47.003509521484375,-5.303291320800781,-15.400436401367188,-28.873546600341797,-12.511796951293945,-13.380874633789062,0.8141441345214844,-10.183229446411133,-7.85223388671875,9.787715911865234
644618,1972-12-02 18:11:46,-9.238330841064453,3.452423095703125,-45.74907302856445,-0.07708740234375,-0.4530487060546875,-31.9628849029541,-1.9882354736328125,0.5599365234375,-21.84450912475586,0.1858196258544922,22.853988647460938,-65.07836151123047,-4.288880348205566,-27.864105224609375,-28.768253326416016,-1.817728042602539,-20.862625122070312,8.658050537109375,-0.29941558837890625,-8.665359497070312,13.469043731689453,9.057404518127441,20.40484619140625,-61.48304748535156,-7.9220991134643555,-30.1763916015625,-32.692039489746094,-8.613245010375977,-23.277679443359375,9.733467102050781,-4.08812141418457,-8.943443298339844,14.618782043457031,16.700790405273438,16.490005493164062,-53.834251403808594,-4.12330436706543,-23.019943237304688,-34.753173828125,-11.763257026672363,-22.951622009277344,3.0639915466308594,-7.555830955505371,-10.706100463867188,11.624885559082031,22.826021194458008,15.38006591796875,-46.88121032714844,-3.1537246704101562,-17.014144897460938,-28.27637481689453,-11.924488067626953,-13.91650390625,0.6269302368164062,-10.419559478759766,-8.0076904296875,9.405559539794922
644626,1972-12-02 18:12:59,-9.468605041503906,3.0793609619140625,-45.72862243652344,0.18980026245117188,-0.773345947265625,-31.956268310546875,-4.2637939453125,1.367431640625,-21.480205535888672,-0.20888233184814453,21.467300415039062,-65.54879760742188,-3.440171241760254,-28.098724365234375,-28.653854370117188,-1.4754161834716797,-20.793502807617188,8.886398315429688,-0.2385272979736328,-8.399085998535156,13.63787841796875,8.709436416625977,19.300018310546875,-61.88873291015625,-6.890565872192383,-30.570693969726562,-32.55913543701172,-8.169217109680176,-23.3326416015625,9.981483459472656,-3.9742822647094727,-8.711402893066406,14.789295196533203,16.42543601989746,15.725387573242188,-54.1468391418457,-3.3259849548339844,-23.5592041015625,-34.476139068603516,-11.150416374206543,-23.294898986816406,2.748687744140625,-7.447861671447754,-11.092338562011719,11.328659057617188,22.560558319091797,14.904541015625,-47.16244888305664,-2.7361183166503906,-17.483810424804688,-28.032304763793945,-11.433849334716797,-14.328506469726562,0.4651832580566406,-10.261384963989258,-8.50238037109375,9.141578674316406
644627,1972-12-02 18:13:09,-9.632158279418945,3.095947265625,-45.693328857421875,0.2344512939453125,-0.8034210205078125,-31.955230712890625,-4.420589447021484,1.410400390625,-21.445701599121094,-0.46011829376220703,21.363601684570312,-65.58138275146484,-3.38131046295166,-28.147811889648438,-28.612628936767578,-1.3692455291748047,-20.77764892578125,8.940292358398438,-0.1732654571533203,-8.356300354003906,13.665130615234375,8.476277351379395,19.24029541015625,-61.939674377441406,-6.835790634155273,-30.686431884765625,-32.46164321899414,-8.05251407623291,-23.30683135986328,10.135444641113281,-3.8936843872070312,-8.625755310058594,14.860759735107422,16.226314544677734,15.710906982421875,-54.21104049682617,-3.3030967712402344,-23.624069213867188,-34.433937072753906,-11.043379783630371,-23.33985137939453,2.79901123046875,-7.376075267791748,-11.11322021484375,11.35512924194336,22.3818416595459,14.92730712890625,-47.24034118652344,-2.7566490173339844,-17.517669677734375,-28.0091552734375,-11.350542068481445,-14.393783569335938,0.48952484130859375,-10.188608169555664,-8.575958251953125,9.154247283935547
644630,1972-12-02 18:14:16,-10.38493537902832,2.613983154296875,-45.55835723876953,0.20320892333984375,-1.22271728515625,-31.942150115966797,-4.977024078369141,1.270660400390625,-21.332225799560547,-1.6590309143066406,20.267410278320312,-65.90912628173828,-3.1512107849121094,-28.758697509765625,-28.02539825439453,-0.9015846252441406,-20.53852081298828,9.532600402832031,0.12004280090332031,-7.9210662841796875,13.922489166259766,7.3591532707214355,18.369140625,-62.34562683105469,-6.676153182983398,-31.510406494140625,-31.696487426757812,-7.508904457092285,-23.09429931640625,11.002193450927734,-3.514784812927246,-8.144332885742188,15.22244644165039,15.267387390136719,15.11077880859375,-54.65834426879883,-3.349893569946289,-24.390411376953125,-33.89084243774414,-10.589885711669922,-23.469833374023438,3.4001007080078125,-7.0347065925598145,-11.037933349609375,11.641563415527344,21.521183013916016,14.5555419921875,-47.75349426269531,-2.8734893798828125,-18.00384521484375,-27.687267303466797,-11.034366607666016,-14.620872497558594,0.8534202575683594,-9.869312286376953,-8.685073852539062,9.397933959960938
644634,1972-12-02 18:15:10,-10.750070571899414,2.2114410400390625,-45.49493408203125,0.6067962646484375,-1.7058563232421875,-31.914871215820312,-5.5066680908203125,1.229095458984375,-21.20412826538086,-1.982950210571289,18.760025024414062,-66.34503173828125,-2.6407203674316406,-29.8602294921875,-26.903697967529297,-0.6922683715820312,-19.95024871826172,10.724864959716797,0.1541156768798828,-7.0081024169921875,14.403335571289062,7.062763214111328,17.0638427734375,-62.7495231628418,-6.416681289672852,-32.888458251953125,-30.32027816772461,-7.1941728591918945,-22.42823028564453,12.4898681640625,-3.2916927337646484,-7.138008117675781,15.767696380615234,15.020143508911133,14.085556030273438,-54.999595642089844,-3.237009048461914,-25.551986694335938,-33.03514099121094,-10.301615715026855,-23.480178833007812,4.134849548339844,-6.8810577392578125,-10.836654663085938,11.919185638427734,21.28615951538086,13.769638061523438,-48.09072494506836,-2.952882766723633,-18.738510131835938,-27.18692970275879,-10.78335952758789,-14.776618957519531,1.2752799987792969,-9.64601993560791,-8.694992065429688,9.618022918701172
644639,1972-12-02 18:16:31,-11.019718170166016,2.0320587158203125,-45.438751220703125,0.8316078186035156,-2.046539306640625,-31.889768600463867,-5.5695037841796875,1.1219940185546875,-21.193649291992188,-1.9262275695800781,17.578048706054688,-66.66959381103516,-2.6549072265625,-31.280487060546875,-25.23684310913086,-0.5920429229736328,-19.01385498046875,12.31411361694336,0.23318862915039062,-5.786201477050781,14.935157775878906,7.116395950317383,15.94598388671875,-63.03683090209961,-6.73183536529541,-34.46647644042969,-28.440959930419922,-7.1584930419921875,-21.29570770263672,14.353660583496094,-3.1158618927001953,-5.792930603027344,16.34442138671875,15.067131996154785,13.105865478515625,-55.22844314575195,-3.5385055541992188,-26.776962280273438,-32.018367767333984,-10.381464958190918,-23.277748107910156,4.991123199462891,-6.896224021911621,-10.487800598144531,12.21872329711914,21.327266693115234,12.912734985351562,-48.30972671508789,-3.461080551147461,-19.465621948242188,-26.609970092773438,-10.74025821685791,-14.757415771484375,1.7666969299316406,-9.50979995727539,-8.58026123046875,9.853824615478516
644644,1972-12-02 18:17:53,-11.531269073486328,1.8704833984375,-45.31859588623047,0.7244873046875,-2.2711105346679688,-31.87717628479004,-5.896247863769531,1.08453369140625,-21.107044219970703,-2.196086883544922,16.739349365234375,-66.87678527832031,-2.6898250579833984,-32.53314208984375,-23.59607696533203,-0.4049816131591797,-18.078475952148438,13.65719223022461,0.3717765808105469,-4.724365234375,15.30148696899414,6.86263370513916,15.172119140625,-63.25559997558594,-7.15867805480957,-35.93217468261719,-26.453266143798828,-6.966989517211914,-20.116127014160156,16.049327850341797,-2.843416213989258,-4.576202392578125,16.77438735961914,14.846612930297852,12.446762084960938,-55.44023132324219,-3.729886531829834,-27.428619384765625,-31.439807891845703,-10.33279800415039,-23.196121215820312,5.450927734375,-6.833487510681152,-10.332160949707031,12.385429382324219,21.13115119934082,12.353485107421875,-48.541603088378906,-3.812305450439453,-19.949188232421875,-26.20069694519043,-10.675567626953125,-14.756134033203125,2.1317291259765625,-9.372941017150879,-8.502662658691406,10.050254821777344
644649,1972-12-02 18:19:16,-12.026138305664062,1.9390945434570312,-45.18689727783203,0.7740402221679688,-2.3946685791015625,-31.86697006225586,-6.490379333496094,1.272705078125,-20.921382904052734,-2.418567657470703,16.3011474609375,-66.97727966308594,-2.7360382080078125,-33.429718017578125,-22.30209732055664,-0.21647262573242188,-17.30261993408203,14.631717681884766,0.5105361938476562,-3.9191513061523438,15.523303985595703,6.6531829833984375,14.771453857421875,-63.37269592285156,-7.445911407470703,-36.791831970214844,-25.160751342773438,-6.79979133605957,-19.30670166015625,17.081939697265625,-2.6405410766601562,-3.798614501953125,17.000137329101562,14.664320945739746,12.1092529296875,-55.563358306884766,-3.960906505584717,-27.922378540039062,-30.973461151123047,-10.299144744873047,-23.11493682861328,5.845184326171875,-6.7647705078125,-10.204795837402344,12.527935028076172,20.969223022460938,12.07049560546875,-48.68280792236328,-3.970632553100586,-20.141220092773438,-26.029708862304688,-10.617688179016113,-14.774696350097656,2.2866439819335938,-9.284064292907715,-8.493011474609375,10.140510559082031
644653,1972-12-02 18:20:27,-12.28070068359375,2.2715606689453125,-45.10285949707031,1.0200119018554688,-2.36016845703125,-31.862619400024414,-6.676033020019531,1.45855712890625,-20.85071563720703,-2.4935951232910156,16.304931640625,-66.9736099243164,-2.7795276641845703,-34.088706970214844,-21.275562286376953,-0.0859832763671875,-16.67889404296875,15.340190887451172,0.6053199768066406,-3.339996337890625,15.65475845336914,6.582188606262207,14.775054931640625,-63.3792724609375,-7.7374162673950195,-37.44575500488281,-24.08509063720703,-6.688505172729492,-18.607284545898438,17.88327407836914,-2.4902515411376953,-3.198699951171875,17.145660400390625,14.602071762084961,12.112442016601562,-55.57905578613281,-4.060656547546387,-28.014556884765625,-30.877151489257812,-10.293558120727539,-23.103042602539062,5.901824951171875,-6.746290683746338,-10.2080078125,12.5352783203125,20.914674758911133,12.073272705078125,-48.70558166503906,-4.066558837890625,-20.091384887695312,-26.053396224975586,-10.573843955993652,-14.805503845214844,2.2905006408691406,-9.21949291229248,-8.550559997558594,10.151050567626953
644656,1972-12-02 18:21:24,-12.464374542236328,2.5069656372070312,-45.03996276855469,1.2387962341308594,-2.3675537109375,-31.854312896728516,-6.5171661376953125,1.4652786254882812,-20.900447845458984,-2.477954864501953,16.238677978515625,-66.99028778076172,-2.8223228454589844,-34.51050567626953,-20.57851791381836,-0.009063720703125,-16.25971221923828,15.784046173095703,0.6642227172851562,-2.9674530029296875,15.727252960205078,6.596493721008301,14.705612182617188,-63.3939323425293,-7.860747337341309,-37.68922424316406,-23.661659240722656,-6.660694122314453,-18.31658935546875,18.19110107421875,-2.437662124633789,-2.9496688842773438,17.19778823852539,14.613977432250977,12.044891357421875,-55.590606689453125,-4.222952842712402,-28.251480102539062,-30.638595581054688,-10.322391510009766,-23.036895751953125,6.1064453125,-6.734354496002197,-10.132362365722656,12.602886199951172,20.926204681396484,12.007980346679688,-48.716766357421875,-4.129875183105469,-20.09691619873047,-26.039167404174805,-10.562782287597656,-14.81011962890625,2.3116302490234375,-9.193662643432617,-8.560943603515625,10.165714263916016
644660,1972-12-02 18:22:45,-12.679176330566406,2.7343292236328125,-44.96671676635742,1.4842491149902344,-2.392486572265625,-31.841955184936523,-6.493488311767578,1.5190505981445312,-20.903976440429688,-2.507223129272461,16.172393798828125,-67.00523376464844,-2.8383960723876953,-34.889068603515625,-19.927669525146484,0.07613754272460938,-15.865402221679688,16.180160522460938,0.7223320007324219,-2.62646484375,15.785224914550781,6.568821907043457,14.643218994140625,-63.41124725341797,-8.045252799987793,-38.09857177734375,-22.932865142822266,-6.56724739074707,-17.861984252929688,18.670806884765625,-2.3349227905273438,-2.5865707397460938,17.27033805847168,14.589741706848145,11.990524291992188,-55.60872268676758,-4.367994785308838,-28.473861694335938,-30.411571502685547,-10.329578399658203,-22.97650146484375,6.318157196044922,-6.706516265869141,-10.0537109375,12.680484771728516,20.904911041259766,11.96063232421875,-48.73755645751953,-4.194976806640625,-20.082382202148438,-26.039979934692383,-10.528263092041016,-14.831680297851562,2.3307762145996094,-9.143316268920898,-8.591941833496094,10.184951782226562
644663,1972-12-02 18:23:50,-12.798614501953125,2.8120880126953125,-44.928070068359375,1.6168289184570312,-2.4330596923828125,-31.832426071166992,-6.5787353515625,1.5684661865234375,-20.873645782470703,-2.556621551513672,16.095504760742188,-67.0218734741211,-2.825603485107422,-35.215431213378906,-19.346965789794922,0.13537216186523438,-15.525169372558594,16.50652313232422,0.75592041015625,-2.3469924926757812,15.827625274658203,6.522369384765625,14.574493408203125,-63.4318733215332,-8.137380599975586,-38.309486389160156,-22.545730590820312,-6.484159469604492,-17.624267578125,18.924049377441406,-2.2592716217041016,-2.39337158203125,17.308208465576172,14.549388885498047,11.934219360351562,-55.63140106201172,-4.475408554077148,-28.656455993652344,-30.22385025024414,-10.325632095336914,-22.921844482421875,6.519962310791016,-6.672735691070557,-9.968406677246094,12.765361785888672,20.868885040283203,11.914962768554688,-48.76417541503906,-4.242645263671875,-20.09191131591797,-26.024906158447266,-10.499922752380371,-14.8466796875,2.362865447998047,-9.101325988769531,-8.604888916015625,10.211597442626953
644667,1972-12-02 18:25:18,-12.957469940185547,2.7837982177734375,-44.884273529052734,1.725738525390625,-2.5333709716796875,-31.818880081176758,-6.633602142333984,1.5465087890625,-20.85791778564453,-2.6555042266845703,15.956283569335938,-67.05131530761719,-2.777578353881836,-35.51311492919922,-18.802101135253906,0.18033599853515625,-15.200294494628906,16.805747985839844,0.77203369140625,-2.078582763671875,15.864326477050781,6.429604530334473,14.454071044921875,-63.46888732910156,-8.288851737976074,-38.716163635253906,-21.78296661376953,-6.332286834716797,-17.177703857421875,19.38058853149414,-2.131967544555664,-2.0509414672851562,17.36821937561035,14.469094276428223,11.839797973632812,-55.67250061035156,-4.58378267288208,-28.91028594970703,-29.964763641357422,-10.31325626373291,-22.841751098632812,6.813991546630859,-6.62555456161499,-9.831367492675781,12.895549774169922,20.79664421081543,11.84246826171875,-48.81266784667969,-4.354345321655273,-20.118934631347656,-25.98554229736328,-10.436982154846191,-14.877067565917969,2.4490432739257812,-9.003101348876953,-8.625312805175781,10.281204223632812
644671,1972-12-02 18:26:50,-13.220355987548828,2.9126510620117188,-44.799354553222656,1.9434013366699219,-2.62139892578125,-31.7991943359375,-6.608856201171875,1.5434112548828125,-20.865997314453125,-2.7181644439697266,15.849777221679688,-67.07405853271484,-2.753171920776367,-35.762367248535156,-18.327274322509766,0.17692947387695312,-14.897720336914062,17.0745849609375,0.761199951171875,-1.826019287109375,15.895896911621094,6.370388984680176,14.3546142578125,-63.4974250793457,-8.40507984161377,-38.97734069824219,-21.266544342041016,-6.255685806274414,-16.858978271484375,19.682979583740234,-2.0584659576416016,-1.8085708618164062,17.403976440429688,14.417278289794922,11.75390625,-55.704139709472656,-4.6707329750061035,-29.053428649902344,-29.812511444091797,-10.312618255615234,-22.78661346435547,6.997089385986328,-6.594569206237793,-9.739898681640625,12.980567932128906,20.75098419189453,11.768386840820312,-48.85000228881836,-4.529840469360352,-20.130203247070312,-25.946775436401367,-10.378564834594727,-14.899208068847656,2.5602378845214844,-8.88589096069336,-8.637199401855469,10.372787475585938
644673,1972-12-02 18:27:36,-13.352603912353516,2.9692230224609375,-44.75640106201172,2.1207962036132812,-2.6979217529296875,-31.78145408630371,-6.578266143798828,1.5299530029296875,-20.876651763916016,-2.772279739379883,15.790496826171875,-67.08582305908203,-2.7565956115722656,-35.803009033203125,-18.247241973876953,0.19363784790039062,-14.840354919433594,17.124271392822266,0.7731742858886719,-1.7711257934570312,15.901535034179688,6.319293975830078,14.30035400390625,-63.5147705078125,-8.432435989379883,-39.03929138183594,-21.14171600341797,-6.223178863525391,-16.7745361328125,19.765262603759766,-2.029062271118164,-1.735809326171875,17.41483497619629,14.372627258300781,11.708145141601562,-55.725311279296875,-4.713342666625977,-29.1129150390625,-29.747699737548828,-10.303837776184082,-22.76567840576172,7.077716827392578,-6.573280334472656,-9.702217102050781,13.019523620605469,20.711519241333008,11.729949951171875,-48.87599182128906,-4.576841354370117,-20.138961791992188,-25.931737899780273,-10.359029769897461,-14.906898498535156,2.5943450927734375,-8.850325584411621,-8.639144897460938,10.401535034179688
644675,1972-12-02 18:28:22,-13.495121002197266,3.0164718627929688,-44.710472106933594,2.2143211364746094,-2.7485885620117188,-31.770727157592773,-6.601139068603516,1.5331954956054688,-20.869197845458984,-2.8722152709960938,15.76312255859375,-67.08805847167969,-2.782052993774414,-35.81483459472656,-18.22014617919922,0.22381591796875,-14.814247131347656,17.146495819091797,0.7997055053710938,-1.7415847778320312,15.903482437133789,6.22470760345459,14.274993896484375,-63.529815673828125,-8.476372718811035,-39.077606201171875,-21.05316925048828,-6.177738189697266,-16.707725524902344,19.835975646972656,-1.9861907958984375,-1.6743927001953125,17.42578887939453,14.28968334197998,11.686431884765625,-55.751190185546875,-4.754940986633301,-29.12359619140625,-29.73061752319336,-10.291799545288086,-22.7630615234375,7.103607177734375,-6.552772045135498,-9.695686340332031,13.034717559814453,20.638671875,11.711410522460938,-48.91123962402344,-4.629449844360352,-20.134796142578125,-25.925642013549805,-10.34424114227295,-14.912612915039062,2.6203041076660156,-8.817935943603516,-8.642807006835938,10.425971984863281
644677,1972-12-02 18:29:09,-13.60715103149414,3.0537643432617188,-44.673973083496094,2.2793807983398438,-2.7867965698242188,-31.762798309326172,-6.640392303466797,1.5450668334960938,-20.855865478515625,-2.9636383056640625,15.750228881835938,-67.08711242675781,-2.8134899139404297,-35.83104705810547,-18.183395385742188,0.254302978515625,-14.772537231445312,17.182018280029297,0.8277511596679688,-1.695648193359375,15.907012939453125,6.138040542602539,14.261627197265625,-63.54124450683594,-8.518312454223633,-39.091583251953125,-21.010250091552734,-6.139913558959961,-16.666236877441406,19.882572174072266,-1.9480953216552734,-1.631744384765625,17.434131622314453,14.213509559631348,11.673568725585938,-55.773353576660156,-4.794784069061279,-29.122833251953125,-29.72496795654297,-10.285794258117676,-22.75946044921875,7.123813629150391,-6.5360188484191895,-9.687904357910156,13.048904418945312,20.572023391723633,11.699066162109375,-48.9422607421875,-4.682649612426758,-20.126129150390625,-25.922809600830078,-10.333515167236328,-14.916130065917969,2.642528533935547,-8.789419174194336,-8.645751953125,10.447586059570312
644680,1972-12-02 18:30:21,-13.770763397216797,3.1259613037109375,-44.61880874633789,2.475902557373047,-2.8769378662109375,-31.74004364013672,-6.657066345214844,1.5530548095703125,-20.849956512451172,-3.052288055419922,15.706771850585938,-67.09332275390625,-2.8577194213867188,-35.872276306152344,-18.09497833251953,0.30001068115234375,-14.680671691894531,17.25985336303711,0.8689346313476562,-1.597686767578125,15.914953231811523,6.053847312927246,14.217453002929688,-63.55921936035156,-8.565117835998535,-39.11009979248047,-20.956684112548828,-6.106225967407227,-16.600860595703125,19.947528839111328,-1.9080066680908203,-1.5617141723632812,17.444976806640625,14.13931655883789,11.6318359375,-55.800926208496094,-4.838939189910889,-29.135604858398438,-29.70529556274414,-10.286157608032227,-22.747642517089844,7.160945892333984,-6.521460056304932,-9.666732788085938,13.07187271118164,20.50739860534668,11.659713745117188,-48.978759765625,-4.7518768310546875,-20.106063842773438,-25.925779342651367,-10.314435958862305,-14.923637390136719,2.6745376586914062,-8.744173049926758,-8.649497985839844,10.482398986816406
644683,1972-12-02 18:31:34,-13.947696685791016,3.2559280395507812,-44.55451202392578,2.6679916381835938,-2.919830322265625,-31.720556259155273,-6.6748199462890625,1.5855560302734375,-20.841827392578125,-3.1306705474853516,15.714096069335938,-67.08799743652344,-2.868846893310547,-35.90386962890625,-18.030460357666016,0.3601226806640625,-14.598976135253906,17.327857971191406,0.9119873046875,-1.5094223022460938,15.921161651611328,5.979917526245117,14.228851318359375,-63.56367492675781,-8.589761734008789,-39.166114807128906,-20.841678619384766,-6.057041168212891,-16.481727600097656,20.060989379882812,-1.8617210388183594,-1.4474105834960938,17.45983123779297,14.074827194213867,11.646209716796875,-55.81422805786133,-4.847218036651611,-29.126144409179688,-29.713211059570312,-10.27025032043457,-22.748268127441406,7.181735992431641,-6.502037048339844,-9.656021118164062,13.089458465576172,20.45006561279297,11.676361083984375,-48.998756408691406,-4.824945449829102,-20.078948974609375,-25.93330192565918,-10.2796630859375,-14.940071105957031,2.7162704467773438,-8.68000316619873,-8.661941528320312,10.525367736816406
644685,1972-12-02 18:32:23,-14.086719512939453,3.3366851806640625,-44.50476837158203,2.770580291748047,-2.9253692626953125,-31.71124839782715,-6.730083465576172,1.6188812255859375,-20.821491241455078,-3.241434097290039,15.750335693359375,-67.07423400878906,-2.837217330932617,-35.91651153564453,-18.010269165039062,0.439727783203125,-14.554519653320312,17.363388061523438,0.9582252502441406,-1.4575958251953125,15.923273086547852,5.8761396408081055,14.279281616210938,-63.56203842163086,-8.55980396270752,-39.20793151855469,-20.7752685546875,-5.989620208740234,-16.41246795654297,20.137874603271484,-1.8188495635986328,-1.3742828369140625,17.470252990722656,13.985206604003906,11.706390380859375,-55.82416534423828,-4.825352191925049,-29.109237670898438,-29.73332977294922,-10.22193431854248,-22.768150329589844,7.18768310546875,-6.467604160308838,-9.665924072265625,13.099201202392578,20.368755340576172,11.7437744140625,-49.016517639160156,-4.848180770874023,-20.057037353515625,-25.945924758911133,-10.236730575561523,-14.965934753417969,2.7359657287597656,-8.626340866088867,-8.687301635742188,10.548553466796875
644689,1972-12-02 18:34:00,-14.521602630615234,3.6659088134765625,-44.33878707885742,3.1860580444335938,-2.9586944580078125,-31.66910743713379,-6.533241271972656,1.600494384765625,-20.88550567626953,-3.5009307861328125,15.793304443359375,-67.05108642578125,-2.7438812255859375,-35.966766357421875,-17.92424774169922,0.5826530456542969,-14.434226989746094,17.459327697753906,1.0319557189941406,-1.3277664184570312,15.930021286010742,5.63279914855957,14.357192993164062,-63.5665168762207,-8.476823806762695,-39.275596618652344,-20.681255340576172,-5.8391265869140625,-16.312942504882812,20.262554168701172,-1.7296123504638672,-1.2567825317382812,17.488155364990234,13.774845123291016,11.8115234375,-55.85431671142578,-4.7833404541015625,-29.104522705078125,-29.744735717773438,-10.113130569458008,-22.802154541015625,7.233665466308594,-6.387628078460693,-9.670829772949219,13.134780883789062,20.177860260009766,11.86968994140625,-49.06511688232422,-4.891668319702148,-20.025970458984375,-25.961746215820312,-10.141722679138184,-15.021675109863281,2.7839813232421875,-8.51076889038086,-8.737503051757812,10.600841522216797
644692,1972-12-02 18:35:11,-14.819526672363281,3.7970428466796875,-44.22903823852539,3.323200225830078,-2.9768218994140625,-31.653310775756836,-6.497753143310547,1.587890625,-20.897533416748047,-3.6956043243408203,15.740570068359375,-67.05303955078125,-2.6601409912109375,-36.03053283691406,-17.808429718017578,0.6703453063964844,-14.318046569824219,17.551597595214844,1.0704727172851562,-1.2090835571289062,15.936927795410156,5.450143814086914,14.335845947265625,-63.587257385253906,-8.424051284790039,-39.392478942871094,-20.47954559326172,-5.721563339233398,-16.160179138183594,20.41790771484375,-1.6592369079589844,-1.1111831665039062,17.504823684692383,13.616857528686523,11.820968627929688,-55.891048431396484,-4.744930744171143,-29.144668579101562,-29.711563110351562,-10.03415298461914,-22.81505584716797,7.302608489990234,-6.330827713012695,-9.652214050292969,13.175907135009766,20.03423500061035,11.90380859375,-49.11567687988281,-4.910442352294922,-20.035919189453125,-25.95052719116211,-10.0723237991333,-15.059623718261719,2.8304519653320312,-8.431026458740234,-8.762260437011719,10.644035339355469
644695,1972-12-02 18:36:21,-15.008724212646484,3.9094696044921875,-44.1553840637207,3.4683380126953125,-3.0042724609375,-31.635143280029297,-6.413303375244141,1.567230224609375,-20.92516326904297,-3.7699451446533203,15.7191162109375,-67.05393981933594,-2.6305809020996094,-36.08245849609375,-17.7073974609375,0.7183380126953125,-14.208442687988281,17.638565063476562,1.0947380065917969,-1.0979690551757812,15.943317413330078,5.380338668823242,14.326080322265625,-63.595401763916016,-8.427534103393555,-39.488914489746094,-20.291519165039062,-5.656055450439453,-15.995223999023438,20.565509796142578,-1.6089229583740234,-0.963470458984375,17.51827049255371,13.556411743164062,11.822830200195312,-55.90534210205078,-4.723423004150391,-29.170913696289062,-29.68923568725586,-10.015039443969727,-22.804351806640625,7.362041473388672,-6.313013076782227,-9.615142822265625,13.211502075195312,19.97931480407715,11.914993286132812,-49.135337829589844,-4.952064514160156,-20.02532958984375,-25.950796127319336,-10.031893730163574,-15.078529357910156,2.8730735778808594,-8.369829177856445,-8.76971435546875,10.686111450195312
644697,1972-12-02 18:37:09,-15.099624633789062,3.9552001953125,-44.12030792236328,3.6360015869140625,-3.0699310302734375,-31.610002517700195,-6.286643981933594,1.5164794921875,-20.967300415039062,-3.7780818939208984,15.714584350585938,-67.0545425415039,-2.6355934143066406,-36.107666015625,-17.655208587646484,0.7279319763183594,-14.14520263671875,17.688919067382812,1.1017074584960938,-1.0328903198242188,15.947189331054688,5.372554779052734,14.320816040039062,-63.59724426269531,-8.446014404296875,-39.515716552734375,-20.231582641601562,-5.641256332397461,-15.925773620605469,20.623397827148438,-1.590280532836914,-0.898895263671875,17.523401260375977,13.549488067626953,11.8172607421875,-55.908199310302734,-4.725942134857178,-29.188125610351562,-29.671905517578125,-10.027359008789062,-22.783660888671875,7.409183502197266,-6.314019203186035,-9.576698303222656,13.23891830444336,19.973392486572266,11.90924072265625,-49.139137268066406,-5.0003509521484375,-20.016189575195312,-25.94858169555664,-10.018044471740723,-15.080116271972656,2.9127883911132812,-8.332555770874023,-8.75982666015625,10.72329330444336
644700,1972-12-02 18:38:20,-15.1729736328125,3.99151611328125,-44.091861724853516,3.78668212890625,-3.136993408203125,-31.585718154907227,-6.219776153564453,1.489715576171875,-20.98914337158203,-3.7767181396484375,15.711990356445312,-67.05522155761719,-2.6608848571777344,-36.126373291015625,-17.613094329833984,0.7355690002441406,-14.079933166503906,17.7406005859375,1.1120948791503906,-0.961700439453125,15.950916290283203,5.37349796295166,14.312973022460938,-63.59893035888672,-8.479355812072754,-39.52854919433594,-20.192535400390625,-5.634698867797852,-15.851264953613281,20.68250274658203,-1.5703315734863281,-0.8239593505859375,17.528886795043945,13.549850463867188,11.8050537109375,-55.91069030761719,-4.742453575134277,-29.2093505859375,-29.648380279541016,-10.054468154907227,-22.75035858154297,7.474498748779297,-6.319474697113037,-9.520553588867188,13.276763916015625,19.974626541137695,11.893630981445312,-49.14241027832031,-5.074480056762695,-20.010513305664062,-25.938556671142578,-10.010064125061035,-15.072769165039062,2.977569580078125,-8.28753662109375,-8.731407165527344,10.781204223632812
644703,1972-12-02 18:39:33,-15.22003173828125,4.003509521484375,-44.074554443359375,3.8454971313476562,-3.175689697265625,-31.57474136352539,-6.2240142822265625,1.486968994140625,-20.988082885742188,-3.7819042205810547,15.681961059570312,-67.06195831298828,-2.6878814697265625,-36.1434326171875,-17.57394027709961,0.7554740905761719,-14.017967224121094,17.788768768310547,1.1311683654785156,-0.8913345336914062,15.953662872314453,5.3683013916015625,14.280303955078125,-63.606712341308594,-8.50309944152832,-39.54148864746094,-20.157188415527344,-5.6319580078125,-15.786895751953125,20.732425689697266,-1.5557575225830078,-0.7574234008789062,17.533184051513672,13.544916152954102,11.772186279296875,-55.91881561279297,-4.747360706329346,-29.224319458007812,-29.632831573486328,-10.0741605758667,-22.730384826660156,7.508693695068359,-6.327238082885742,-9.487113952636719,13.296981811523438,19.97100067138672,11.860977172851562,-49.15177917480469,-5.113277435302734,-20.003005981445312,-25.936735153198242,-10.004019737243652,-15.070442199707031,3.0094757080078125,-8.261455535888672,-8.717369079589844,10.812530517578125
644706,1972-12-02 18:40:47,-15.31589126586914,3.9961700439453125,-44.04199981689453,3.8812103271484375,-3.213714599609375,-31.566524505615234,-6.274284362792969,1.4860687255859375,-20.97317123413086,-3.8632049560546875,15.62054443359375,-67.0716552734375,-2.68853759765625,-36.156890869140625,-17.546142578125,0.8136749267578125,-13.966651916503906,17.826519012451172,1.16973876953125,-0.8275222778320312,15.954320907592773,5.291655540466309,14.22918701171875,-63.62458801269531,-8.48159122467041,-39.54534149169922,-20.15868377685547,-5.598819732666016,-15.7537841796875,20.766559600830078,-1.530853271484375,-0.704864501953125,17.537569046020508,13.478150367736816,11.734298706054688,-55.94290542602539,-4.742563247680664,-29.248626708984375,-29.60961151123047,-10.05361270904541,-22.72692108154297,7.546634674072266,-6.3091583251953125,-9.467819213867188,13.31930923461914,19.91109848022461,11.8341064453125,-49.18254852294922,-5.130519866943359,-20.011154174804688,-25.927040100097656,-9.9811372756958,-15.079345703125,3.0407180786132812,-8.227665901184082,-8.712760925292969,10.841968536376953
644709,1972-12-02 18:42:02,-15.390560150146484,4.0178070068359375,-44.01399230957031,3.9329376220703125,-3.2459716796875,-31.55681800842285,-6.340415954589844,1.509033203125,-20.951637268066406,-3.9019412994384766,15.565765380859375,-67.0821533203125,-2.7120628356933594,-36.174468994140625,-17.506214141845703,0.8691864013671875,-13.903297424316406,17.873371124267578,1.2115478515625,-0.7529449462890625,15.95489501953125,5.254960060119629,14.178009033203125,-63.63905334472656,-8.481614112854004,-39.54412078857422,-20.161060333251953,-5.580940246582031,-15.709869384765625,20.804603576660156,-1.5096244812011719,-0.64404296875,17.541746139526367,13.445953369140625,11.6900634765625,-55.95991516113281,-4.743229866027832,-29.272293090820312,-29.586105346679688,-10.056405067443848,-22.708770751953125,7.597358703613281,-6.303539276123047,-9.428794860839844,13.349620819091797,19.882658004760742,11.795913696289062,-49.203224182128906,-5.157739639282227,-20.028854370117188,-25.90797233581543,-9.974055290222168,-15.075218200683594,3.0840606689453125,-8.204050064086914,-8.689605712890625,10.878387451171875
644712,1972-12-02 18:43:17,-15.415836334228516,4.029632568359375,-44.004066467285156,3.956310272216797,-3.273956298828125,-31.551008224487305,-6.365821838378906,1.5190887451171875,-20.94320297241211,-3.8936100006103516,15.538238525390625,-67.08901977539062,-2.775623321533203,-36.2137451171875,-17.414813995361328,0.9307632446289062,-13.795265197753906,17.95380401611328,1.2659263610839844,-0.6409378051757812,15.955562591552734,5.262243270874023,14.142471313476562,-63.646358489990234,-8.522031784057617,-39.53630065917969,-20.159351348876953,-5.587224960327148,-15.65386962890625,20.8450927734375,-1.4945030212402344,-0.5793304443359375,17.54530143737793,13.451534271240234,11.649551391601562,-55.967018127441406,-4.775947570800781,-29.30853271484375,-29.54492950439453,-10.094454765319824,-22.663192749023438,7.682518005371094,-6.3115997314453125,-9.356918334960938,13.396297454833984,19.889156341552734,11.751815795898438,-49.211151123046875,-5.194665908813477,-20.046279907226562,-25.88710594177246,-9.992305755615234,-15.053085327148438,3.132740020751953,-8.199148178100586,-8.644317626953125,10.9180908203125
644715,1972-12-02 18:44:32,-15.318038940429688,3.9829864501953125,-44.04244613647461,4.048961639404297,-3.3686981201171875,-31.529273986816406,-6.3789520263671875,1.5192718505859375,-20.939193725585938,-3.695405960083008,15.456298828125,-67.11914825439453,-2.8737926483154297,-36.239501953125,-17.34516143798828,0.8884925842285156,-13.715568542480469,18.016891479492188,1.2602729797363281,-0.55621337890625,15.959192276000977,5.4481964111328125,14.034744262695312,-63.654563903808594,-8.614023208618164,-39.54850769042969,-20.096237182617188,-5.674320220947266,-15.527763366699219,20.91576385498047,-1.516448974609375,-0.46533203125,17.54680824279785,13.612343788146973,11.525238037109375,-55.95387268066406,-4.820041179656982,-29.412200927734375,-29.434551239013672,-10.218191146850586,-22.55469512939453,7.836677551269531,-6.374577522277832,-9.209152221679688,13.468681335449219,20.035547256469727,11.615509033203125,-49.18412399291992,-5.223823547363281,-20.126937866210938,-25.818574905395508,-10.072278022766113,-14.9808349609375,3.221660614013672,-8.2493314743042,-8.521163940429688,10.976947784423828
644718,1972-12-02 18:45:45,-15.194278717041016,4.014892578125,-44.082401275634766,4.141319274902344,-3.4257965087890625,-31.511119842529297,-6.428623199462891,1.5771636962890625,-20.91971206665039,-3.3997325897216797,15.530670166015625,-67.11760711669922,-3.029928207397461,-36.2449951171875,-17.30706787109375,0.8166160583496094,-13.636543273925781,18.080169677734375,1.2483577728271484,-0.47542572021484375,15.962736129760742,5.725080490112305,14.057174682617188,-63.62530517578125,-8.773987770080566,-39.508216857910156,-20.106266021728516,-5.80217170715332,-15.418159484863281,20.961719512939453,-1.5470294952392578,-0.37329864501953125,17.54633903503418,13.851202011108398,11.49755859375,-55.90092468261719,-4.893855094909668,-29.438873291015625,-29.395675659179688,-10.394580841064453,-22.44818878173828,7.910194396972656,-6.472814083099365,-9.093208312988281,13.500564575195312,20.25332260131836,11.547775268554688,-49.11082458496094,-5.356828689575195,-20.305206298828125,-25.651193618774414,-10.223865509033203,-14.835624694824219,3.4105796813964844,-8.334083557128906,-8.3026123046875,11.079925537109375
644721,1972-12-02 18:46:56,-15.1700439453125,3.983917236328125,-44.09355926513672,4.178855895996094,-3.4800567626953125,-31.500215530395508,-6.472618103027344,1.5856170654296875,-20.905506134033203,-3.2696151733398438,15.558242797851562,-67.11769104003906,-3.0861854553222656,-36.30773162841797,-17.165081024169922,0.8000144958496094,-13.490989685058594,18.189769744873047,1.2488517761230469,-0.34288787841796875,15.966094970703125,5.846927642822266,14.063552856445312,-63.61280822753906,-8.874600410461426,-39.56159973144531,-19.95659637451172,-5.814647674560547,-15.230995178222656,21.094669342041016,-1.5204944610595703,-0.217742919921875,17.551279067993164,13.956341743469238,11.483688354492188,-55.87762451171875,-4.9933953285217285,-29.593856811523438,-29.22281265258789,-10.490845680236816,-22.32959747314453,8.11605453491211,-6.505446910858154,-8.945396423339844,13.583377838134766,20.348859786987305,11.517730712890625,-49.07837677001953,-5.433643341064453,-20.463333129882812,-25.50897216796875,-10.31520938873291,-14.736579895019531,3.5616226196289062,-8.383426666259766,-8.143096923828125,11.160789489746094
644724,1972-12-02 18:48:06,-15.272819519042969,4.053558349609375,-44.05171203613281,4.139045715332031,-3.4349517822265625,-31.510421752929688,-6.501972198486328,1.610565185546875,-20.894481658935547,-3.3747310638427734,15.684600830078125,-67.08306884765625,-3.0867061614990234,-36.392616271972656,-16.98424530029297,0.8569736480712891,-13.31622314453125,18.315521240234375,1.2837467193603516,-0.19443511962890625,15.965827941894531,5.747516632080078,14.186294555664062,-63.59461212158203,-8.961026191711426,-39.66679382324219,-19.707599639892578,-5.706491470336914,-15.007339477539062,21.283660888671875,-1.4262428283691406,-0.04132843017578125,17.560489654541016,13.869296073913574,11.594451904296875,-55.87641906738281,-5.126002311706543,-29.721908569335938,-29.069480895996094,-10.497369766235352,-22.246009826660156,8.334247589111328,-6.4625678062438965,-8.831382751464844,13.678119659423828,20.271923065185547,11.617706298828125,-49.086647033691406,-5.524505615234375,-20.570556640625,-25.402997970581055,-10.35193920135498,-14.677925109863281,3.6947784423828125,-8.378177642822266,-8.041740417480469,11.23794937133789
644728,1972-12-02 18:49:37,-15.493057250976562,4.1223602294921875,-43.96834182739258,4.110218048095703,-3.4173431396484375,-31.5161075592041,-6.355739593505859,1.534637451171875,-20.94512939453125,-3.657491683959961,15.802291870117188,-67.04061126708984,-3.0949630737304688,-36.43135070800781,-16.899497985839844,0.9379100799560547,-13.198623657226562,18.396503448486328,1.336761474609375,-0.0828399658203125,15.962444305419922,5.480155944824219,14.308059692382812,-63.59093475341797,-9.043999671936035,-39.743690490722656,-19.51382827758789,-5.546169281005859,-14.832931518554688,21.447673797607422,-1.2994365692138672,0.1062469482421875,17.57005500793457,13.635293960571289,11.711471557617188,-55.90959930419922,-5.2667717933654785,-29.78790283203125,-28.97663116455078,-10.456128120422363,-22.201919555664062,8.501956939697266,-6.383751392364502,-8.761344909667969,13.759929656982422,20.064666748046875,11.729721069335938,-49.1451301574707,-5.596025466918945,-20.582748413085938,-25.377458572387695,-10.346959114074707,-14.665153503417969,3.7588539123535156,-8.341182708740234,-8.011322021484375,11.287090301513672
644731,1972-12-02 18:50:46,-15.663803100585938,4.1201019287109375,-43.908016204833984,4.054359436035156,-3.435943603515625,-31.52132225036621,-6.340496063232422,1.492095947265625,-20.95282745361328,-3.8974456787109375,15.764083862304688,-67.03608703613281,-3.1092758178710938,-36.467132568359375,-16.819534301757812,0.9968318939208984,-13.109054565429688,18.45734405517578,1.3775367736816406,0.00734710693359375,15.959190368652344,5.253068923950195,14.279296875,-63.61655807495117,-9.08276081085205,-39.777320861816406,-19.427112579345703,-5.4479217529296875,-14.75653076171875,21.525413513183594,-1.2228469848632812,0.183807373046875,17.57491111755371,13.436311721801758,11.693572998046875,-55.96149444580078,-5.375375270843506,-29.88250732421875,-28.859031677246094,-10.421966552734375,-22.155426025390625,8.663673400878906,-6.3212432861328125,-8.685775756835938,13.836483001708984,19.888504028320312,11.72076416015625,-49.21881866455078,-5.633146286010742,-20.653335571289062,-25.311809539794922,-10.357799530029297,-14.637359619140625,3.836589813232422,-8.330522537231445,-7.949028015136719,11.338882446289062
644734,1972-12-02 18:51:54,-15.789436340332031,4.131317138671875,-43.8619384765625,4.112480163574219,-3.4677886962890625,-31.51030158996582,-6.2617034912109375,1.438629150390625,-20.980243682861328,-4.086954116821289,15.712112426757812,-67.03700256347656,-3.0705604553222656,-36.516937255859375,-16.718276977539062,1.046194076538086,-13.003532409667969,18.529117584228516,1.3993453979492188,0.10918426513671875,15.956918716430664,5.074378490447998,14.245635986328125,-63.63860321044922,-9.064313888549805,-39.819557189941406,-19.349029541015625,-5.358844757080078,-14.682929992675781,21.59798812866211,-1.1647663116455078,0.26314544677734375,17.57784652709961,13.280603408813477,11.67938232421875,-56.001609802246094,-5.412564754486084,-29.982955932617188,-28.74768829345703,-10.383522987365723,-22.11162567138672,8.820301055908203,-6.2711992263793945,-8.603500366210938,13.91046142578125,19.749008178710938,11.722381591796875,-49.27457046508789,-5.613037109375,-20.756362915039062,-25.23187255859375,-10.37568187713623,-14.600151062011719,3.928905487060547,-8.336498260498047,-7.8571319580078125,11.398391723632812
644737,1972-12-02 18:53:03,-15.902000427246094,4.161865234375,-43.81836700439453,4.1646270751953125,-3.4811859130859375,-31.501977920532227,-6.183048248291016,1.39739990234375,-21.00634002685547,-4.24244499206543,15.65338134765625,-67.04108428955078,-3.013378143310547,-36.54240417480469,-16.672988891601562,1.0576114654541016,-12.937240600585938,18.574813842773438,1.3926620483398438,0.18062591552734375,15.956855773925781,4.927977561950684,14.206436157226562,-63.65886688232422,-9.03747844696045,-39.87445831298828,-19.248260498046875,-5.271833419799805,-14.592796325683594,21.680328369140625,-1.1104602813720703,0.35344696044921875,17.57977867126465,13.153325080871582,11.66119384765625,-56.035430908203125,-5.419248580932617,-30.069091796875,-28.65631866455078,-10.347298622131348,-22.07042694091797,8.964874267578125,-6.228036880493164,-8.519203186035156,13.981552124023438,19.634315490722656,11.721282958984375,-49.320648193359375,-5.568504333496094,-20.854049682617188,-25.16109848022461,-10.394326210021973,-14.565055847167969,4.009059906005859,-8.349888801574707,-7.767333984375,11.45001220703125
644740,1972-12-02 18:54:14,-15.9854736328125,4.2327117919921875,-43.78118896484375,4.2490997314453125,-3.4682464599609375,-31.492116928100586,-6.104225158691406,1.3820343017578125,-21.0303955078125,-4.379785537719727,15.600021362304688,-67.04468536376953,-2.924898147583008,-36.583770751953125,-16.59783935546875,1.0652999877929688,-12.846595764160156,18.637187957763672,1.3758258819580078,0.27016448974609375,15.957052230834961,4.799105167388916,14.177230834960938,-63.67522430419922,-8.980745315551758,-39.932098388671875,-19.15509033203125,-5.186243057250977,-14.509750366210938,21.756576538085938,-1.0645942687988281,0.43842315673828125,17.58070182800293,13.041873931884766,11.656600952148438,-56.06243133544922,-5.380739212036133,-30.101165771484375,-28.629894256591797,-10.288395881652832,-22.073272705078125,9.025459289550781,-6.186162948608398,-8.492706298828125,14.016220092773438,19.532695770263672,11.736541748046875,-49.35735321044922,-5.510805130004883,-20.92523193359375,-25.114660263061523,-10.391481399536133,-14.55126953125,4.0660858154296875,-8.349684715270996,-7.7100677490234375,11.48880386352539
644744,1972-12-02 18:55:49,-16.12911605834961,4.3239288330078125,-43.719547271728516,4.3084716796875,-3.445831298828125,-31.486515045166016,-6.093589782714844,1.393951416015625,-21.032695770263672,-4.605918884277344,15.463394165039062,-67.0611801147461,-2.8164119720458984,-36.629119873046875,-16.516399383544922,1.0830059051513672,-12.738716125488281,18.710067749023438,1.3607349395751953,0.38571929931640625,15.955974578857422,4.58636474609375,14.07696533203125,-63.713134765625,-8.908191680908203,-40.01941680908203,-19.00615692138672,-5.061788558959961,-14.39141845703125,21.864215850830078,-0.9967288970947266,0.5592422485351562,17.581253051757812,12.85721206665039,11.597381591796875,-56.117340087890625,-5.337813377380371,-30.161590576171875,-28.574275970458984,-10.201446533203125,-22.071090698242188,9.128902435302734,-6.120586395263672,-8.443916320800781,14.074363708496094,19.36518669128418,11.710906982421875,-49.42939758300781,-5.446983337402344,-21.033035278320312,-25.03841781616211,-10.379019737243652,-14.53387451171875,4.159080505371094,-8.335848808288574,-7.628143310546875,11.553356170654297
644746,1972-12-02 18:56:38,-16.21002960205078,4.34259033203125,-43.68775939941406,4.313076019287109,-3.4416046142578125,-31.486345291137695,-6.128990173339844,1.403106689453125,-21.02179718017578,-4.723440170288086,15.391799926757812,-67.06947326660156,-2.767305374145508,-36.62652587890625,-16.530433654785156,1.091745376586914,-12.713157653808594,18.726940155029297,1.3545989990234375,0.4281158447265625,15.955413818359375,4.475707530975342,14.023773193359375,-63.73273468017578,-8.851142883300781,-40.00794982910156,-19.056888580322266,-5.0089006423950195,-14.391410827636719,21.876392364501953,-0.9672641754150391,0.5945663452148438,17.581741333007812,12.761052131652832,11.565078735351562,-56.14595031738281,-5.31115198135376,-30.187026977539062,-28.552379608154297,-10.15941333770752,-22.06549072265625,9.189105987548828,-6.086668014526367,-8.408134460449219,14.110450744628906,19.27799415588379,11.69573974609375,-49.46705627441406,-5.41192626953125,-21.07696533203125,-25.009063720703125,-10.369717597961426,-14.527641296386719,4.203819274902344,-8.324606895446777,-7.588165283203125,11.58773422241211
644749,1972-12-02 18:57:52,-16.311031341552734,4.3361968994140625,-43.650787353515625,4.317607879638672,-3.4290771484375,-31.487091064453125,-6.104896545410156,1.3742218017578125,-21.030715942382812,-4.902423858642578,15.2874755859375,-67.08049774169922,-2.654172897338867,-36.62242126464844,-16.55807113647461,1.1284294128417969,-12.676315307617188,18.74972152709961,1.3511199951171875,0.491485595703125,15.953880310058594,4.3077239990234375,13.9569091796875,-63.75897979736328,-8.726577758789062,-40.021400451660156,-19.086082458496094,-4.914112091064453,-14.383186340332031,21.90328598022461,-0.92718505859375,0.6448287963867188,17.58212661743164,12.615837097167969,11.537933349609375,-56.1843376159668,-5.219396114349365,-30.202667236328125,-28.552749633789062,-10.070189476013184,-22.081893920898438,9.24774169921875,-6.030356407165527,-8.377220153808594,14.1529541015625,19.144561767578125,11.70074462890625,-49.517669677734375,-5.3196258544921875,-21.184280395507812,-24.938091278076172,-10.362517356872559,-14.507659912109375,4.289722442626953,-8.322759628295898,-7.501678466796875,11.64522933959961
644751,1972-12-02 18:58:41,-16.4334716796875,4.2860107421875,-43.60980224609375,4.271694183349609,-3.4145050048828125,-31.494935989379883,-6.102558135986328,1.3316802978515625,-21.03412628173828,-5.1054840087890625,15.19464111328125,-67.08644104003906,-2.5267467498779297,-36.55010223388672,-16.736812591552734,1.1561946868896484,-12.708122253417969,18.726486206054688,1.3387908935546875,0.522430419921875,15.953937530517578,4.117031097412109,13.906356811523438,-63.782623291015625,-8.592896461486816,-40.060157775878906,-19.065418243408203,-4.800724029541016,-14.367134094238281,21.93893814086914,-0.8829345703125,0.6889877319335938,17.58272933959961,12.450900077819824,11.53045654296875,-56.22265625,-5.122381687164307,-30.218048095703125,-28.55405044555664,-9.96204948425293,-22.115150451660156,9.28530502319336,-5.967493057250977,-8.373069763183594,14.182025909423828,18.99266815185547,11.72784423828125,-49.56972122192383,-5.248617172241211,-21.256378173828125,-24.891735076904297,-10.317694664001465,-14.523689270019531,4.343170166015625,-8.291542053222656,-7.480033874511719,11.681373596191406
644753,1972-12-02 19:00:20,-16.569225311279297,4.1483154296875,-43.57173156738281,4.241863250732422,-3.418731689453125,-31.498512268066406,-6.053077697753906,1.2316436767578125,-21.054508209228516,-5.358396530151367,15.004135131835938,-67.10958862304688,-2.287975311279297,-36.58998107910156,-16.68395233154297,1.2615108489990234,-12.644905090332031,18.762447357177734,1.3490409851074219,0.5949935913085938,15.95053482055664,3.880242347717285,13.790435791015625,-63.82262420654297,-8.30823802947998,-40.068214416503906,-19.174354553222656,-4.65620231628418,-14.4075927734375,21.943553924560547,-0.8450546264648438,0.7334518432617188,17.582794189453125,12.247214317321777,11.49237060546875,-56.27516555786133,-4.915848255157471,-30.253952026367188,-28.552337646484375,-9.784996032714844,-22.17847442626953,9.322486877441406,-5.881781101226807,-8.380760192871094,14.213253021240234,18.801498413085938,11.752456665039062,-49.63672637939453,-5.1234588623046875,-21.3741455078125,-24.816858291625977,-10.223849296569824,-14.567970275878906,4.416168212890625,-8.231714248657227,-7.4748382568359375,11.726917266845703
644756,1972-12-02 19:01:34,-16.788654327392578,4.1043243408203125,-43.49182891845703,4.103832244873047,-3.363555908203125,-31.52272605895996,-5.9494781494140625,1.1365966796875,-21.089351654052734,-5.722442626953125,14.745147705078125,-67.13693237304688,-2.0683555603027344,-36.63407897949219,-16.615707397460938,1.357492446899414,-12.555015563964844,18.816036224365234,1.357046127319336,0.7001724243164062,15.945585250854492,3.5371475219726562,13.6080322265625,-63.881683349609375,-8.090360641479492,-40.170692443847656,-19.052715301513672,-4.462373733520508,-14.345634460449219,22.024269104003906,-0.7718582153320312,0.825408935546875,17.582082748413086,11.9491605758667,11.394393920898438,-56.35910415649414,-4.757238864898682,-30.308273315429688,-28.521583557128906,-9.594502449035645,-22.23548126220703,9.384456634521484,-5.775369644165039,-8.381271362304688,14.256519317626953,18.52682113647461,11.722915649414062,-49.74687194824219,-5.018136978149414,-21.482818603515625,-24.74443817138672,-10.118840217590332,-14.618888854980469,4.489158630371094,-8.156105041503906,-7.4772491455078125,11.77810287475586
644760,1972-12-02 19:03:11,-16.93148422241211,3.996734619140625,-43.44645690917969,3.962799072265625,-3.3516845703125,-31.542028427124023,-5.914676666259766,1.0528717041015625,-21.10348892211914,-5.990985870361328,14.351425170898438,-67.19879150390625,-1.850830078125,-36.66497802734375,-16.573139190673828,1.38214111328125,-12.442054748535156,18.889137268066406,1.318716049194336,0.8527145385742188,15.941368103027344,3.2840747833251953,13.289886474609375,-63.962127685546875,-7.877998352050781,-40.28679656982422,-18.895912170410156,-4.301048278808594,-14.222419738769531,22.13599395751953,-0.7115135192871094,0.9798431396484375,17.576696395874023,11.729535102844238,11.169204711914062,-56.45024108886719,-4.5827956199646,-30.402206420898438,-28.450077056884766,-9.432060241699219,-22.269371032714844,9.468395233154297,-5.693414688110352,-8.352165222167969,14.306480407714844,18.322288513183594,11.574264526367188,-49.85730743408203,-4.92884635925293,-21.65509033203125,-24.611860275268555,-10.027161598205566,-14.648757934570312,4.596279144287109,-8.092336654663086,-7.4484405517578125,11.84017562866211
644763,1972-12-02 19:04:23,-16.977890014648438,3.8210067749023438,-43.44416046142578,3.8634300231933594,-3.4365692138671875,-31.545225143432617,-6.022197723388672,1.004302978515625,-21.075424194335938,-6.114755630493164,13.953033447265625,-67.27151489257812,-1.7836952209472656,-36.722076416015625,-16.45367431640625,1.3864212036132812,-12.323112487792969,18.966636657714844,1.30377197265625,0.9886245727539062,15.934747695922852,3.1670169830322266,12.92950439453125,-64.04183959960938,-7.819428443908691,-40.39262390136719,-18.693195343017578,-4.218725204467773,-14.067428588867188,22.25058364868164,-0.6663303375244141,1.1358108520507812,17.569080352783203,11.627375602722168,10.86968994140625,-56.52979278564453,-4.543917655944824,-30.555755615234375,-28.291366577148438,-9.37359619140625,-22.240371704101562,9.59381103515625,-5.659395217895508,-8.285667419433594,14.35854721069336,18.228435516357422,11.326385498046875,-49.94855499267578,-4.902502059936523,-21.811630249023438,-24.478532791137695,-9.998573303222656,-14.637664794921875,4.692867279052734,-8.071464538574219,-7.387763977050781,11.892322540283203
644766,1972-12-02 19:05:34,-16.97815704345703,3.6798477172851562,-43.45623779296875,3.7908096313476562,-3.4934616088867188,-31.54778289794922,-6.17431640625,0.9995803833007812,-21.031593322753906,-6.1736907958984375,13.604263305664062,-67.3375244140625,-1.6974811553955078,-36.76544189453125,-16.36569595336914,1.3721923828125,-12.221450805664062,19.03333282470703,1.2725467681884766,1.109100341796875,15.929344177246094,3.11165714263916,12.61700439453125,-64.10685729980469,-7.744227409362793,-40.49951934814453,-18.492176055908203,-4.152256011962891,-13.892127990722656,22.372886657714844,-0.6335792541503906,1.3071746826171875,17.558374404907227,11.579666137695312,10.613006591796875,-56.58832550048828,-4.480535507202148,-30.69548797607422,-28.149864196777344,-9.322568893432617,-22.216201782226562,9.69894027709961,-5.63793420791626,-8.228912353515625,14.39957046508789,18.18252182006836,11.116806030273438,-50.0123291015625,-4.853250503540039,-21.947738647460938,-24.366426467895508,-9.97158145904541,-14.631690979003906,4.768310546875,-8.059460639953613,-7.338829040527344,11.930702209472656
644768,1972-12-02 19:06:22,-16.965625762939453,3.60162353515625,-43.467681884765625,3.7534713745117188,-3.5231704711914062,-31.548946380615234,-6.290538787841797,1.0122451782226562,-20.99651336669922,-6.1972198486328125,13.442398071289062,-67.36786651611328,-1.6567096710205078,-36.78533935546875,-16.32510757446289,1.3618354797363281,-12.164405822753906,19.07058334350586,1.2551708221435547,1.176849365234375,15.925859451293945,3.0895776748657227,12.47161865234375,-64.13636779785156,-7.704957962036133,-40.536277770996094,-18.427913665771484,-4.128093719482422,-13.82659912109375,22.417903900146484,-0.6226387023925781,1.378021240234375,17.553348541259766,11.560680389404297,10.49322509765625,-56.61453628540039,-4.452866077423096,-30.762664794921875,-28.080829620361328,-9.299947738647461,-22.204132080078125,9.748180389404297,-5.628802299499512,-8.202919006347656,14.417964935302734,18.16405487060547,11.018661499023438,-50.04075622558594,-4.821624755859375,-22.010940551757812,-24.31564712524414,-9.963354110717773,-14.627105712890625,4.7994537353515625,-8.060324668884277,-7.313560485839844,11.945625305175781
644771,1972-12-02 19:07:32,-16.980113983154297,3.5911102294921875,-43.46289825439453,3.6806068420410156,-3.495941162109375,-31.560556411743164,-6.469268798828125,1.0777435302734375,-20.93886947631836,-6.320146560668945,13.323135375976562,-67.38014221191406,-1.61138916015625,-36.79265594482422,-16.31317901611328,1.3799667358398438,-12.115310668945312,19.100505828857422,1.2543716430664062,1.241363525390625,15.921026229858398,2.97305965423584,12.372756958007812,-64.1610107421875,-7.66672420501709,-40.57316589355469,-18.362567901611328,-4.057271957397461,-13.746673583984375,22.479904174804688,-0.5815753936767578,1.4664840698242188,17.547588348388672,11.458650588989258,10.42041015625,-56.648719787597656,-4.429389953613281,-30.78990936279297,-28.054683685302734,-9.247966766357422,-22.216964721679688,9.768363952636719,-5.597386360168457,-8.204307556152344,14.429401397705078,18.07099723815918,10.967269897460938,-50.085716247558594,-4.737619400024414,-22.025497436523438,-24.318971633911133,-9.9512300491333,-14.639198303222656,4.787750244140625,-8.069135665893555,-7.307395935058594,11.943450927734375
644774,1972-12-02 19:08:43,-16.95720672607422,3.6411514282226562,-43.467674255371094,3.6661453247070312,-3.4560775756835938,-31.566631317138672,-6.579963684082031,1.1500930786132812,-20.900489807128906,-6.365354537963867,13.266860961914062,-67.3869857788086,-1.5848426818847656,-36.79175567626953,-16.317813873291016,1.3625450134277344,-12.065872192382812,19.133026123046875,1.2354068756103516,1.3068466186523438,15.917266845703125,2.9301986694335938,12.324569702148438,-64.17225646972656,-7.644468307495117,-40.559814453125,-18.40127944946289,-4.026981353759766,-13.713638305664062,22.505508422851562,-0.5584220886230469,1.5260543823242188,17.54326057434082,11.421107292175293,10.383193969726562,-56.66313552856445,-4.408037185668945,-30.77850341796875,-28.070552825927734,-9.226312637329102,-22.23028564453125,9.758529663085938,-5.58587646484375,-8.210784912109375,14.430179595947266,18.036745071411133,10.93914794921875,-50.104209899902344,-4.649925231933594,-21.992141723632812,-24.366046905517578,-9.949265480041504,-14.656494140625,4.738681793212891,-8.089584350585938,-7.32049560546875,11.921573638916016
644776,1972-12-02 19:09:31,-16.915393829345703,3.6437911987304688,-43.483741760253906,3.7013473510742188,-3.4654159545898438,-31.561498641967773,-6.547649383544922,1.1455001831054688,-20.910892486572266,-6.367208480834961,13.222976684570312,-67.39543914794922,-1.5797119140625,-36.79248046875,-16.316665649414062,1.33538818359375,-12.023979187011719,19.161300659179688,1.2158756256103516,1.3605575561523438,15.914266586303711,2.9283933639526367,12.281692504882812,-64.18055725097656,-7.646291732788086,-40.55653381347656,-18.407756805419922,-4.021928787231445,-13.676429748535156,22.52904510498047,-0.5483970642089844,1.5739059448242188,17.539348602294922,11.419452667236328,10.34423828125,-56.67059326171875,-4.39995813369751,-30.776748657226562,-28.073753356933594,-9.228919982910156,-22.23029327392578,9.75604248046875,-5.588864326477051,-8.206863403320312,14.431251525878906,18.03549575805664,10.903717041015625,-50.11238098144531,-4.620475769042969,-21.981887817382812,-24.380889892578125,-9.952346801757812,-14.65924072265625,4.723670959472656,-8.098803520202637,-7.3190460205078125,11.916202545166016
644779,1972-12-02 19:10:44,-16.79879379272461,3.6252822875976562,-43.53046798706055,3.7903785705566406,-3.5214614868164062,-31.544721603393555,-6.409572601318359,1.0991287231445312,-20.956104278564453,-6.265279769897461,13.127883911132812,-67.42356872558594,-1.6134605407714844,-36.77739715576172,-16.347347259521484,1.23577880859375,-11.979446411132812,19.195842742919922,1.1600894927978516,1.433868408203125,15.911996841430664,3.024843215942383,12.1739501953125,-64.19661712646484,-7.694904327392578,-40.547088623046875,-18.4083251953125,-4.067171096801758,-13.596382141113281,22.569339752197266,-0.5522613525390625,1.6629867553710938,17.531005859375,11.503637313842773,10.232208251953125,-56.67390441894531,-4.426941394805908,-30.814964294433594,-28.027538299560547,-9.283687591552734,-22.19281005859375,9.789360046386719,-5.6202850341796875,-8.165603637695312,14.442451477050781,18.113283157348633,10.78948974609375,-50.10905456542969,-4.621835708618164,-22.010818481445312,-24.354528427124023,-9.990680694580078,-14.630111694335938,4.733036041259766,-8.132943153381348,-7.278533935546875,11.917766571044922
644781,1972-12-02 19:11:33,-16.725048065185547,3.627593994140625,-43.55866241455078,3.825817108154297,-3.55999755859375,-31.53611946105957,-6.389076232910156,1.1013946533203125,-20.96224594116211,-6.16328239440918,13.088623046875,-67.44060516357422,-1.6771965026855469,-36.75493621826172,-16.391361236572266,1.1426239013671875,-11.961616516113281,19.212726593017578,1.11651611328125,1.4754486083984375,15.911310195922852,3.1210880279541016,12.113479614257812,-64.20344543457031,-7.768945693969727,-40.50703430175781,-18.46529769897461,-4.122404098510742,-13.559768676757812,22.581344604492188,-0.5568027496337891,1.7156829833984375,17.525781631469727,11.58724594116211,10.156143188476562,-56.670555114746094,-4.480729103088379,-30.833229064941406,-27.998882293701172,-9.351844787597656,-22.154296875,9.811702728271484,-5.654496192932129,-8.129226684570312,14.449615478515625,18.191654205322266,10.701812744140625,-50.09946060180664,-4.627906799316406,-22.01287841796875,-24.35150718688965,-10.040361404418945,-14.599609375,4.722080230712891,-8.176806449890137,-7.2446746826171875,11.908378601074219
644784,1972-12-02 19:12:46,-16.644577026367188,3.6030349731445312,-43.59151077270508,3.8618392944335938,-3.6179275512695312,-31.525131225585938,-6.358943939208984,1.0880050659179688,-20.97210693359375,-6.051078796386719,13.009201049804688,-67.46612548828125,-1.7344646453857422,-36.73347473144531,-16.433467864990234,1.0259723663330078,-11.92333984375,19.243072509765625,1.056783676147461,1.5438385009765625,15.908903121948242,3.2269392013549805,12.013809204101562,-64.21693420410156,-7.834613800048828,-40.44525909423828,-18.572669982910156,-4.182126998901367,-13.521797180175781,22.593128204345703,-0.5591640472412109,1.7901992797851562,17.518251419067383,11.679203987121582,10.044525146484375,-56.67156982421875,-4.529122352600098,-30.858245849609375,-27.96352767944336,-9.423003196716309,-22.112930297851562,9.836898803710938,-5.692046165466309,-8.087677001953125,14.458187103271484,18.277530670166016,10.58184814453125,-50.09368896484375,-4.626110076904297,-22.06048583984375,-24.308731079101562,-10.110047340393066,-14.545806884765625,4.739414215087891,-8.238625526428223,-7.170677185058594,11.91055679321289
644786,1972-12-02 19:13:35,-16.614425659179688,3.5865859985351562,-43.6043701171875,3.8753623962402344,-3.6401214599609375,-31.520919799804688,-6.352497100830078,1.0820159912109375,-20.974365234375,-6.005962371826172,12.972518920898438,-67.47721862792969,-1.7423248291015625,-36.72559356689453,-16.450260162353516,0.9782218933105469,-11.89654541015625,19.262134552001953,1.0285053253173828,1.584930419921875,15.906713485717773,3.2696008682250977,11.97216796875,-64.2225570678711,-7.849401473999023,-40.437583923339844,-18.5831298828125,-4.202402114868164,-13.481414794921875,22.613483428955078,-0.5606021881103516,1.8379135131835938,17.513263702392578,11.716432571411133,10.001174926757812,-56.67155456542969,-4.535481929779053,-30.869277954101562,-27.95030975341797,-9.445454597473145,-22.095626831054688,9.854248046875,-5.704041957855225,-8.06475830078125,14.466259002685547,18.311710357666016,10.537582397460938,-50.090538024902344,-4.602987289428711,-22.095977783203125,-24.28086280822754,-10.145299911499023,-14.518180847167969,4.748779296875,-8.276079177856445,-7.128837585449219,11.909709930419922
644788,1972-12-02 19:14:23,-16.592761993408203,3.5516204833984375,-43.615478515625,3.882965087890625,-3.6569900512695312,-31.51803207397461,-6.355716705322266,1.0714035034179688,-20.97393798828125,-5.986598968505859,12.928924560546875,-67.48731231689453,-1.7163887023925781,-36.730804443359375,-16.44134521484375,0.9527130126953125,-11.850883483886719,19.29153823852539,1.0056838989257812,1.6394577026367188,15.902647018432617,3.2881364822387695,11.933181762695312,-64.22886657714844,-7.828791618347168,-40.45213317871094,-18.560142517089844,-4.2047576904296875,-13.420364379882812,22.649337768554688,-0.5602302551269531,1.9014358520507812,17.506494522094727,11.732946395874023,9.969268798828125,-56.67375946044922,-4.515462398529053,-30.886329650878906,-27.934715270996094,-9.44339370727539,-22.089576721191406,9.869766235351562,-5.706128120422363,-8.05145263671875,14.472843170166016,18.325824737548828,10.511611938476562,-50.09082794189453,-4.550527572631836,-22.166030883789062,-24.22684097290039,-10.18380069732666,-14.481254577636719,4.779041290283203,-8.321342468261719,-7.062309265136719,11.917800903320312
644790,1972-12-02 19:15:12,-16.56894302368164,3.5278091430664062,-43.62646484375,3.878490447998047,-3.6568527221679688,-31.518598556518555,-6.372272491455078,1.0724716186523438,-20.968852996826172,-5.975248336791992,12.904281616210938,-67.49302673339844,-1.6805362701416016,-36.737937927246094,-16.42908477783203,0.9284076690673828,-11.803359985351562,19.32183837890625,0.9812049865722656,1.693023681640625,15.898563385009766,3.299130439758301,11.914443969726562,-64.23178100585938,-7.798766136169434,-40.46044158935547,-18.55467987060547,-4.20283317565918,-13.368194580078125,22.680519104003906,-0.5591297149658203,1.96026611328125,17.500038146972656,11.742938041687012,9.95733642578125,-56.67378616333008,-4.492469310760498,-30.902015686035156,-27.921066284179688,-9.436635971069336,-22.082473754882812,9.892097473144531,-5.7040300369262695,-8.034133911132812,14.483295440673828,18.33376693725586,10.505233764648438,-50.08926010131836,-4.496496200561523,-22.215042114257812,-24.192012786865234,-10.210603713989258,-14.45709228515625,4.794944763183594,-8.357536315917969,-7.016212463378906,11.91970443725586
644794,1972-12-02 19:16:50,-16.523880004882812,3.4926910400390625,-43.64637756347656,3.8807334899902344,-3.6336593627929688,-31.521005630493164,-6.395488739013672,1.0778121948242188,-20.96151351928711,-5.947780609130859,12.88092041015625,-67.49991607666016,-1.5632514953613281,-36.746253967285156,-16.422073364257812,0.886962890625,-11.704460144042969,19.383846282958984,0.9254264831542969,1.8076019287109375,15.889293670654297,3.326035499572754,11.91156005859375,-64.23092651367188,-7.700155258178711,-40.496315002441406,-18.51757049560547,-4.173959732055664,-13.243988037109375,22.758590698242188,-0.5519027709960938,2.0921707153320312,17.4849910736084,11.76784896850586,9.973785400390625,-56.66572570800781,-4.4033522605896,-30.921340942382812,-27.913875579833984,-9.400107383728027,-22.090744018554688,9.908401489257812,-5.697009086608887,-8.025825500488281,14.49066162109375,18.352096557617188,10.536880493164062,-50.075897216796875,-4.373559951782227,-22.318893432617188,-24.118850708007812,-10.249527931213379,-14.419258117675781,4.825717926025391,-8.42302131652832,-6.9379730224609375,11.919410705566406
644796,1972-12-02 19:17:40,-16.510578155517578,3.4607315063476562,-43.653953552246094,3.8709373474121094,-3.6239852905273438,-31.5233211517334,-6.433387756347656,1.0831222534179688,-20.949642181396484,-5.950822830200195,12.858840942382812,-67.50386047363281,-1.4875450134277344,-36.757286071777344,-16.404415130615234,0.8588485717773438,-11.643287658691406,19.421913146972656,0.8888034820556641,1.8741302490234375,15.883674621582031,3.3236255645751953,11.903366088867188,-64.23257446289062,-7.642322540283203,-40.5269775390625,-18.474388122558594,-4.148569107055664,-13.162338256835938,22.81053924560547,-0.5436496734619141,2.1735076904296875,17.475326538085938,11.766475677490234,9.979171752929688,-56.665061950683594,-4.354318141937256,-30.940345764160156,-27.90050506591797,-9.373274803161621,-22.09455108642578,9.925315856933594,-5.688430309295654,-8.019302368164062,14.497638702392578,18.34841537475586,10.552993774414062,-50.073856353759766,-4.312379837036133,-22.364356994628906,-24.087749481201172,-10.256038665771484,-14.411376953125,4.835411071777344,-8.445806503295898,-6.9147796630859375,11.916767120361328
644799,1972-12-02 19:18:55,-16.475933074951172,3.4433822631835938,-43.66841506958008,3.889862060546875,-3.60498046875,-31.523170471191406,-6.289192199707031,1.025604248046875,-20.996273040771484,-5.968994140625,12.873016357421875,-67.49955749511719,-1.3998374938964844,-36.741722106933594,-16.446937561035156,0.8174552917480469,-11.599212646484375,19.450054168701172,0.84100341796875,1.938385009765625,15.878562927246094,3.3068723678588867,11.931747436523438,-64.22816467285156,-7.569207191467285,-40.520957946777344,-18.517616271972656,-4.1207122802734375,-13.126411437988281,22.83627700805664,-0.5349292755126953,2.2321395874023438,17.46820068359375,11.75255012512207,10.018875122070312,-56.66094970703125,-4.3428449630737305,-31.0179443359375,-27.815998077392578,-9.346033096313477,-22.06397247314453,10.018604278564453,-5.667791366577148,-7.9731597900390625,14.531135559082031,18.333221435546875,10.60125732421875,-50.06922912597656,-4.2407684326171875,-22.419769287109375,-24.048913955688477,-10.273293495178223,-14.39532470703125,4.846591949462891,-8.481233596801758,-6.880729675292969,11.911308288574219
644801,1972-12-02 19:19:46,-16.435623168945312,3.4216156005859375,-43.68531036376953,3.9515914916992188,-3.6117935180664062,-31.514711380004883,-5.578575134277344,0.7378311157226562,-21.208118438720703,-5.990961074829102,12.871261596679688,-67.49794006347656,-1.3358421325683594,-36.745147705078125,-16.444599151611328,0.7907676696777344,-11.552055358886719,19.479198455810547,0.8083248138427734,1.992095947265625,15.873611450195312,3.2863569259643555,11.941207885742188,-64.22746276855469,-7.523497581481934,-40.53936767578125,-18.49596405029297,-4.092628479003906,-13.066352844238281,22.875736236572266,-0.5232677459716797,2.2951278686523438,17.460390090942383,11.73507308959961,10.038131713867188,-56.66115951538086,-4.35067892074585,-31.102096557617188,-27.72063446044922,-9.325328826904297,-22.027053833007812,10.118614196777344,-5.647457122802734,-7.922393798828125,14.566780090332031,18.315608978271484,10.62811279296875,-50.069976806640625,-4.190641403198242,-22.45287322998047,-24.026798248291016,-10.279572486877441,-14.388359069824219,4.853981018066406,-8.499752044677734,-6.8607635498046875,11.909622192382812
644803,1972-12-02 19:20:35,-16.488540649414062,3.4477920532226562,-43.663307189941406,3.8986854553222656,-3.5730209350585938,-31.525718688964844,-5.487846374511719,0.7059783935546875,-21.232860565185547,-6.055830001831055,12.888839721679688,-67.48880004882812,-1.296548843383789,-36.74708557128906,-16.44344711303711,0.7884426116943359,-11.510345458984375,19.50396728515625,0.7965812683105469,2.0386199951171875,15.868297576904297,3.2249374389648438,11.967132568359375,-64.22575378417969,-7.501816749572754,-40.56116485595703,-18.456924438476562,-4.049646377563477,-12.991798400878906,22.925792694091797,-0.4973258972167969,2.3669052124023438,17.451562881469727,11.681388854980469,10.070083618164062,-56.66658401489258,-4.358705997467041,-31.12902069091797,-27.68914794921875,-9.297487258911133,-22.0169677734375,10.166095733642578,-5.622180938720703,-7.902793884277344,14.587181091308594,18.266361236572266,10.66448974609375,-50.080230712890625,-4.156780242919922,-22.502418518066406,-23.98630142211914,-10.299863815307617,-14.365829467773438,4.877643585205078,-8.524847030639648,-6.819580078125,11.915336608886719
644805,1972-12-02 19:21:24,-16.527496337890625,3.4730758666992188,-43.646575927734375,3.867046356201172,-3.5392990112304688,-31.53342056274414,-5.498870849609375,0.7173919677734375,-21.229618072509766,-6.110939025878906,12.906524658203125,-67.48045349121094,-1.2536735534667969,-36.75849914550781,-16.421222686767578,0.7828330993652344,-11.449569702148438,19.539936065673828,0.7818050384521484,2.0998306274414062,15.86104965209961,3.17279052734375,11.993148803710938,-64.22349548339844,-7.477016448974609,-40.57746124267578,-18.431148529052734,-4.00944709777832,-12.931488037109375,22.966922760009766,-0.4743843078613281,2.427337646484375,17.44390296936035,11.635872840881348,10.10205078125,-56.670257568359375,-4.41742467880249,-31.249229431152344,-27.544052124023438,-9.276914596557617,-21.945846557617188,10.337223052978516,-5.583876609802246,-7.808624267578125,14.6524658203125,18.224328994750977,10.700851440429688,-50.087791442871094,-4.120914459228516,-22.563552856445312,-23.93500518798828,-10.32778549194336,-14.332794189453125,4.915641784667969,-8.553459167480469,-6.7588958740234375,11.929401397705078
644806,1972-12-02 19:21:49,-16.540042877197266,3.474151611328125,-43.64173126220703,3.8575096130371094,-3.5318756103515625,-31.53542137145996,-5.510868072509766,0.7213211059570312,-21.22637939453125,-6.131740570068359,12.901397705078125,-67.47954559326172,-1.2316627502441406,-36.77970886230469,-16.375320434570312,0.7780189514160156,-11.395736694335938,19.571571350097656,0.77294921875,2.1466522216796875,15.855215072631836,3.1531238555908203,11.992340087890625,-64.22461700439453,-7.47006893157959,-40.604087829589844,-18.375244140625,-3.9882469177246094,-12.869178771972656,23.005577087402344,-0.4612007141113281,2.4784927368164062,17.437057495117188,11.618736267089844,10.105331420898438,-56.673187255859375,-4.433960437774658,-31.29405975341797,-27.490447998046875,-9.267565727233887,-21.91814422607422,10.404159545898438,-5.568692684173584,-7.769355773925781,14.679092407226562,18.2083797454834,10.707351684570312,-50.092201232910156,-4.10169792175293,-22.617469787597656,-23.887361526489258,-10.353343963623047,-14.3026123046875,4.949665069580078,-8.577217102050781,-6.70672607421875,11.941780090332031
644809,1972-12-02 19:23:02,-16.55941390991211,3.499237060546875,-43.63238525390625,3.8656845092773438,-3.5063552856445312,-31.53726577758789,-5.485767364501953,0.7222824096679688,-21.232845306396484,-6.169034957885742,12.908950805664062,-67.47470092773438,-1.175924301147461,-36.821006774902344,-16.286376953125,0.7731742858886719,-11.276809692382812,19.640525817871094,0.7550563812255859,2.2523422241210938,15.841409683227539,3.1179656982421875,12.010330200195312,-64.22296905517578,-7.434379577636719,-40.634254455566406,-18.322959899902344,-3.950664520263672,-12.777175903320312,23.063270568847656,-0.4411811828613281,2.5644378662109375,17.425148010253906,11.588278770446777,10.131851196289062,-56.67469024658203,-4.509800434112549,-31.47614288330078,-27.269344329833984,-9.250082015991211,-21.80738067626953,10.649578094482422,-5.525694847106934,-7.628593444824219,14.76889419555664,18.179317474365234,10.740341186523438,-50.09569549560547,-4.036476135253906,-22.765411376953125,-23.757593154907227,-10.4329195022583,-14.215827941894531,5.031894683837891,-8.65611743927002,-6.5621795654296875,11.965129852294922
644812,1972-12-02 19:24:14,-16.5946044921875,3.6345367431640625,-43.607948303222656,3.873870849609375,-3.4274368286132812,-31.54493522644043,-5.462665557861328,0.7710494995117188,-21.237091064453125,-6.205951690673828,13.026046752929688,-67.44880676269531,-1.1668643951416016,-36.796775817871094,-16.341693878173828,0.7665901184082031,-11.261199951171875,19.649738311767578,0.7480983734130859,2.2797317504882812,15.837821960449219,3.082887649536133,12.123764038085938,-64.2033462524414,-7.452315330505371,-40.656158447265625,-18.26700210571289,-3.910907745361328,-12.671684265136719,23.128162384033203,-0.4080677032470703,2.6504745483398438,17.41307258605957,11.55742359161377,10.23388671875,-56.66265869140625,-4.665671348571777,-31.67790985107422,-27.00823974609375,-9.252202987670898,-21.63671875,10.990375518798828,-5.464717388153076,-7.414955139160156,14.89981460571289,18.151653289794922,10.832260131835938,-50.0859375,-4.004755020141602,-22.865257263183594,-23.666906356811523,-10.521838188171387,-14.12628173828125,5.098476409912109,-8.730599403381348,-6.425315856933594,11.985282897949219
644815,1972-12-02 19:25:26,-16.63760757446289,3.7422637939453125,-43.58244323730469,3.9006576538085938,-3.3843765258789062,-31.54628562927246,-5.486186981201172,0.8223190307617188,-21.229095458984375,-6.233488082885742,13.040634155273438,-67.44345092773438,-1.1444358825683594,-36.85350036621094,-16.2149658203125,0.7411689758300781,-11.122322082519531,19.729652404785156,0.7260398864746094,2.3943405151367188,15.821929931640625,3.056722640991211,12.139175415039062,-64.20169067382812,-7.476828575134277,-40.714149475097656,-18.12731170654297,-3.8620834350585938,-12.518150329589844,23.219791412353516,-0.36896324157714844,2.76910400390625,17.395477294921875,11.53441047668457,10.24896240234375,-56.66461944580078,-4.704687118530273,-31.72901153564453,-26.941390991210938,-9.247273445129395,-21.58727264404297,11.091300964355469,-5.442127227783203,-7.347023010253906,14.941669464111328,18.13100814819336,10.846939086914062,-50.090232849121094,-3.969318389892578,-22.964813232421875,-23.576303482055664,-10.595200538635254,-14.04547119140625,5.169322967529297,-8.789570808410645,-6.2919464111328125,12.01290512084961
644818,1972-12-02 19:26:37,-16.67342758178711,3.7581710815429688,-43.5673828125,3.9244384765625,-3.3884201049804688,-31.54290008544922,-5.516864776611328,0.8358383178710938,-21.220623016357422,-6.262029647827148,13.009140014648438,-67.44688415527344,-1.1194229125976562,-36.880584716796875,-16.155025482177734,0.7342643737792969,-11.038322448730469,19.77703094482422,0.7148933410644531,2.4727401733398438,15.810373306274414,3.0296945571899414,12.113922119140625,-64.2077407836914,-7.467275619506836,-40.734458923339844,-18.0855712890625,-3.8305740356445312,-12.454971313476562,23.258953094482422,-0.3484210968017578,2.8288497924804688,17.38628578186035,11.510797500610352,10.2313232421875,-56.672607421875,-4.72971773147583,-31.796005249023438,-26.857898712158203,-9.234521865844727,-21.533096313476562,11.20663833618164,-5.416568756103516,-7.268882751464844,14.98910140991211,18.10919189453125,10.83551025390625,-50.1005973815918,-3.9244308471679688,-23.08795166015625,-23.463281631469727,-10.66828441619873,-13.961273193359375,5.246524810791016,-8.852666854858398,-6.1518707275390625,12.03909683227539
644821,1972-12-02 19:27:49,-16.703346252441406,3.7269363403320312,-43.55860137939453,4.0228424072265625,-3.4329376220703125,-31.525686264038086,-5.449428558349609,0.791778564453125,-21.239723205566406,-6.277187347412109,12.955673217773438,-67.45577239990234,-1.0567054748535156,-36.919403076171875,-16.07037353515625,0.7290153503417969,-10.939949035644531,19.831802368164062,0.6954479217529297,2.5598373413085938,15.797374725341797,3.015625,12.0753173828125,-64.2156753540039,-7.423002243041992,-40.781822204589844,-17.99683380126953,-3.789203643798828,-12.354576110839844,23.319194793701172,-0.33045005798339844,2.9161148071289062,17.372211456298828,11.499002456665039,10.2093505859375,-56.67896270751953,-4.69979190826416,-31.83936309814453,-26.81175994873047,-9.204911231994629,-21.508102416992188,11.278770446777344,-5.394880294799805,-7.2197113037109375,15.020652770996094,18.0963077545166,10.826950073242188,-50.10710525512695,-3.8505725860595703,-23.245948791503906,-23.319074630737305,-10.74965763092041,-13.861824035644531,5.3432464599609375,-8.92676830291748,-5.981163024902344,12.070358276367188
644824,1972-12-02 19:29:02,-16.779705047607422,3.7229080200195312,-43.52959060668945,4.199642181396484,-3.4971694946289062,-31.495555877685547,-5.163398742675781,0.6662521362304688,-21.315357208251953,-6.2689971923828125,12.8917236328125,-67.46878051757812,-0.9814033508300781,-36.95460510253906,-15.994026184082031,0.7278594970703125,-10.852256774902344,19.879974365234375,0.6754570007324219,2.6379470825195312,15.785385131835938,3.023837089538574,12.029342651367188,-64.22390747070312,-7.372053146362305,-40.870689392089844,-17.81523895263672,-3.7422027587890625,-12.184677124023438,23.415977478027344,-0.3119335174560547,3.0461196899414062,17.350229263305664,11.506980895996094,10.183425903320312,-56.6820068359375,-4.673089981079102,-31.92833709716797,-26.71042251586914,-9.176390647888184,-21.4462890625,11.418838500976562,-5.3677873611450195,-7.121490478515625,15.0771484375,18.100364685058594,10.817169189453125,-50.107749938964844,-3.777830123901367,-23.425323486328125,-23.150863647460938,-10.834277153015137,-13.756141662597656,5.444484710693359,-9.00693130493164,-5.806404113769531,12.096111297607422
644826,1972-12-02 19:29:52,-16.846614837646484,3.7147598266601562,-43.50443649291992,4.3286590576171875,-3.5578460693359375,-31.47128677368164,-4.8828582763671875,0.5410308837890625,-21.384899139404297,-6.24516487121582,12.83099365234375,-67.4825668334961,-0.9434013366699219,-36.99555969238281,-15.901397705078125,0.7267379760742188,-10.765792846679688,19.926971435546875,0.6648178100585938,2.708984375,15.773801803588867,3.0466995239257812,11.9781494140625,-64.2323989868164,-7.334994316101074,-40.89427185058594,-17.776378631591797,-3.737455368041992,-12.13604736328125,23.441974639892578,-0.31493186950683594,3.091522216796875,17.342145919799805,11.527473449707031,10.144760131835938,-56.68478012084961,-4.721115589141846,-32.09022521972656,-26.507198333740234,-9.169489860534668,-21.32384490966797,11.651325225830078,-5.335623264312744,-6.964469909667969,15.161674499511719,18.117141723632812,10.788818359375,-50.1077995300293,-3.7476043701171875,-23.545082092285156,-23.03399658203125,-10.89133071899414,-13.677391052246094,5.528423309326172,-9.050434112548828,-5.675514221191406,12.125720977783203
644829,1972-12-02 19:31:05,-16.955631256103516,3.7280654907226562,-43.46092224121094,4.4842376708984375,-3.6312332153320312,-31.441104888916016,-4.493522644042969,0.3746185302734375,-21.473636627197266,-6.209400177001953,12.749130249023438,-67.50138092041016,-0.913543701171875,-37.040626525878906,-15.797882080078125,0.7268295288085938,-10.660606384277344,19.98343276977539,0.6566963195800781,2.7993698120117188,15.758352279663086,3.0808610916137695,11.90496826171875,-64.24436950683594,-7.309719085693359,-40.93968200683594,-17.68203353881836,-3.732076644897461,-12.036491394042969,23.494102478027344,-0.31385040283203125,3.1728286743164062,17.32747459411621,11.557842254638672,10.084823608398438,-56.68928909301758,-4.770753860473633,-32.26085662841797,-26.290306091308594,-9.170392990112305,-21.187042236328125,11.897579193115234,-5.306855201721191,-6.790779113769531,15.250301361083984,18.143028259277344,10.740020751953125,-50.108917236328125,-3.732330322265625,-23.683670043945312,-22.89397430419922,-10.956396102905273,-13.583030700683594,5.63153076171875,-9.094253540039062,-5.522674560546875,12.1634521484375
