643111,1972-12-02 12:54:00,-37.480712890625,17.222305297851562,-22.10955047607422,-17.876258850097656,-5.0857696533203125,-26.00790786743164,-2.988372802734375,-12.441909790039062,-17.82463836669922,-30.327735900878906,29.41021728515625,-54.52339553833008,-30.770355224609375,-25.987396240234375,-0.5064277648925781,1.8090248107910156,-15.121490478515625,16.780414581298828,7.350028991699219,-6.3385162353515625,12.74337387084961,-23.937740325927734,22.1903076171875,-56.68451690673828,-38.21811294555664,-23.916030883789062,3.0891380310058594,1.0279884338378906,-14.357955932617188,22.440387725830078,7.889331817626953,-5.35504150390625,14.815147399902344,-16.404203414916992,13.732803344726562,-54.69255065917969,-37.41960525512695,-18.825531005859375,0.2747516632080078,-2.7880001068115234,-11.3531494140625,23.192073822021484,6.548789978027344,-3.535675048828125,15.857536315917969,-8.854034423828125,8.529693603515625,-52.95536804199219,-31.52111053466797,-10.122238159179688,-1.7146472930908203,-6.410820007324219,-5.135955810546875,16.39447784423828,2.1378822326660156,-2.208038330078125,15.865341186523438
643117,1972-12-02 12:55:03,-31.661022186279297,30.189743041992188,-16.62535858154297,-20.208446502685547,3.6719818115234375,-24.494335174560547,-7.709930419921875,-8.90081787109375,-18.51436424255371,-23.449970245361328,43.675567626953125,-47.95912170410156,-37.25135803222656,-15.32073974609375,0.16449546813964844,-1.7959861755371094,-16.93414306640625,14.95071029663086,5.894460678100586,-9.779800415039062,11.23406982421875,-19.768550872802734,35.2025146484375,-51.46403503417969,-43.58027648925781,-11.19970703125,4.179746627807617,-2.217212677001953,-16.700439453125,20.662948608398438,7.002946853637695,-9.210281372070312,13.286693572998047,-15.097724914550781,24.700119018554688,-51.09721755981445,-41.61775207519531,-3.86627197265625,-2.7780654430389404,-9.532480239868164,-12.622879028320312,20.599367141723633,3.1262245178222656,-8.025161743164062,15.253606796264648,-9.42330551147461,17.303390502929688,-50.66769027709961,-33.14668273925781,0.088470458984375,0.5194658041000366,-6.535040855407715,-4.98834228515625,16.391014099121094,2.465787887573242,-4.7084808349609375,15.261224746704102
643123,1972-12-02 12:55:57,-31.50975227355957,30.791854858398438,-15.787349700927734,-22.091520309448242,2.81976318359375,-22.931438446044922,-8.302738189697266,-11.638900756835938,-16.64480972290039,-24.61962127685547,42.098480224609375,-48.776283264160156,-38.028076171875,-12.5498046875,4.334005355834961,-1.596435546875,-15.769699096679688,16.195140838623047,6.195953369140625,-9.441452026367188,11.36056137084961,-21.83150863647461,33.17509460449219,-51.97459411621094,-45.06499481201172,-2.977020263671875,1.5579872131347656,-6.688409805297852,-14.816421508789062,21.130958557128906,5.552145004272461,-9.3154296875,13.885360717773438,-17.85463523864746,22.407913208007812,-51.264610290527344,-41.16547775268555,2.83123779296875,-7.217374801635742,-14.09953498840332,-9.444793701171875,19.660581588745117,0.7242164611816406,-7.4437408447265625,15.840309143066406,-12.66843032836914,14.663497924804688,-50.7928466796875,-32.54150390625,3.8184814453125,-5.0447998046875,-9.701281547546387,-2.0495758056640625,15.425301551818848,0.4968452453613281,-3.0314483642578125,15.86563777923584
643129,1972-12-02 12:56:49,-31.688770294189453,29.3873291015625,-17.95692253112793,-22.468246459960938,0.3873138427734375,-22.734668731689453,-6.950439453125,-14.998931884765625,-14.428191184997559,-23.920408248901367,40.97291564941406,-50.06562805175781,-39.82034683227539,-5.887054443359375,1.4485349655151367,-5.307790756225586,-14.65496826171875,16.449127197265625,4.811525344848633,-9.588027954101562,11.895898818969727,-21.800485610961914,31.740432739257812,-52.87574005126953,-44.50652313232422,5.4022216796875,-5.6682891845703125,-12.751628875732422,-11.831710815429688,20.203588485717773,2.6582794189453125,-9.18548583984375,14.797537803649902,-18.453828811645508,20.798049926757812,-51.728721618652344,-38.438636779785156,8.30084228515625,-14.431568145751953,-18.942001342773438,-5.6552886962890625,16.84510612487793,-2.5946693420410156,-6.38702392578125,16.103500366210938,-13.728399276733398,12.781143188476562,-51.02543258666992,-29.958698272705078,5.645965576171875,-13.022281646728516,-13.614313125610352,0.7746429443359375,12.259933471679688,-3.0981273651123047,-1.1077880859375,15.821800231933594
643135,1972-12-02 12:57:41,-31.759159088134766,28.906906127929688,-18.600818634033203,-21.957538604736328,0.5098724365234375,-23.225929260253906,-5.909393310546875,-15.368179321289062,-14.5033597946167,-22.849559783935547,42.827301025390625,-49.00257873535156,-40.03948974609375,-4.3278961181640625,-0.7240638732910156,-7.219461441040039,-14.944976806640625,15.428595542907715,3.542022705078125,-10.273086547851562,11.769085884094238,-20.764148712158203,33.67582702636719,-52.089813232421875,-39.182342529296875,13.58148193359375,-17.956371307373047,-20.99783706665039,-8.4154052734375,14.108516693115234,-3.247283935546875,-9.45318603515625,14.508583068847656,-17.524072647094727,22.672714233398438,-51.26224899291992,-36.66511535644531,10.334762573242188,-17.423118591308594,-20.650630950927734,-5.2977447509765625,14.833229064941406,-4.001945495605469,-6.7876434326171875,15.644855499267578,-12.875038146972656,14.596221923828125,-50.76026916503906,-27.679012298583984,5.9952850341796875,-17.23105239868164,-15.251235961914062,1.10028076171875,10.121501922607422,-4.8259124755859375,-1.020538330078125,15.389087677001953
643138,1972-12-02 12:58:07,-31.916412353515625,27.730819702148438,-20.06458854675293,-21.98332977294922,-0.2388153076171875,-23.205890655517578,-6.167263031005859,-15.659759521484375,-14.077840805053711,-22.876686096191406,40.778106689453125,-50.708351135253906,-39.986114501953125,-4.8488922119140625,-0.12081146240234375,-7.231618881225586,-14.335556030273438,15.990936279296875,3.342681884765625,-9.835052490234375,12.193918228149414,-20.764841079711914,31.515609741210938,-53.42422103881836,-37.62263488769531,14.095565795898438,-20.688079833984375,-22.234943389892578,-6.984375,12.946208953857422,-4.410240173339844,-8.736221313476562,14.650426864624023,-17.499889373779297,20.562301635742188,-52.15274429321289,-35.392486572265625,10.36077880859375,-19.867782592773438,-21.64192008972168,-4.1965179443359375,13.7315673828125,-4.876583099365234,-6.0717926025390625,15.690803527832031,-12.832448959350586,12.523681640625,-51.321598052978516,-26.80451774597168,4.365234375,-19.011653900146484,-15.84330940246582,1.7694549560546875,9.061687469482422,-5.612030029296875,0.1497650146484375,15.153800964355469
643144,1972-12-02 12:59:17,-32.206111907958984,26.186920166015625,-21.616090774536133,-22.901229858398438,0.231292724609375,-22.300615310668945,-8.625938415527344,-14.592941284179688,-13.931558609008789,-23.199615478515625,38.561004638671875,-52.2719841003418,-39.9140739440918,-4.6779327392578125,2.7201461791992188,-7.053899765014648,-13.2159423828125,17.00281524658203,3.0205554962158203,-9.309280395507812,12.680968284606934,-21.439109802246094,29.100967407226562,-54.516578674316406,-34.32721710205078,16.049026489257812,-24.62142562866211,-24.066301345825195,-3.742340087890625,10.843730926513672,-6.4451141357421875,-7.2889404296875,14.688045501708984,-18.45569610595703,18.141143798828125,-52.71858215332031,-32.32184600830078,11.862060546875,-23.85985565185547,-23.027387619018555,-1.7162017822265625,11.888378143310547,-5.933784484863281,-4.90234375,15.73550796508789,-13.99991226196289,10.0225830078125,-51.56521224975586,-24.89534568786621,1.2154388427734375,-21.856914520263672,-16.679950714111328,3.0573577880859375,6.977626800537109,-6.687034606933594,2.4405670166015625,14.508007049560547
643151,1972-12-02 13:00:17,-32.261600494384766,24.789993286132812,-23.127670288085938,-23.319904327392578,2.29644775390625,-21.74271583557129,-11.076740264892578,-12.101348876953125,-14.570943832397461,-22.467178344726562,38.12043762207031,-52.911163330078125,-39.749359130859375,-4.50726318359375,4.699871063232422,-7.363742828369141,-12.657867431640625,17.293588638305664,2.2340831756591797,-9.225738525390625,12.903024673461914,-21.010412216186523,28.565826416015625,-54.96467590332031,-32.39569854736328,16.709030151367188,-26.71088409423828,-24.51699447631836,-2.25518798828125,10.227886199951172,-6.765171051025391,-6.533050537109375,14.898269653320312,-18.342578887939453,17.561721801757812,-52.95374298095703,-30.122169494628906,13.309494018554688,-25.88851547241211,-23.515548706054688,-0.379150390625,11.01882553100586,-6.179065704345703,-4.5331878662109375,15.751773834228516,-14.123149871826172,9.338729858398438,-51.65990447998047,-23.325223922729492,-0.4205322265625,-23.55286407470703,-17.145296096801758,3.6100006103515625,5.409458160400391,-7.488725662231445,3.5616455078125,13.870426177978516
643156,1972-12-02 13:01:03,-32.768882751464844,23.692840576171875,-23.560420989990234,-23.679386138916016,8.274856567382812,-19.815414428710938,-13.537513732910156,-7.951019287109375,-15.32859992980957,-22.527345657348633,39.04493713378906,-52.20674133300781,-39.65894317626953,-4.2631378173828125,5.604396820068359,-7.680181503295898,-12.654953002929688,17.157556533813477,1.73455810546875,-9.43548583984375,12.827953338623047,-21.248214721679688,29.491668701171875,-54.38119888305664,-31.771379470825195,17.283065795898438,-27.09278106689453,-24.416738510131836,-1.9597320556640625,10.524295806884766,-6.272926330566406,-6.5364227294921875,15.110664367675781,-18.729856491088867,18.425689697265625,-52.522850036621094,-29.514286041259766,14.443603515625,-25.980613708496094,-23.37030792236328,-0.156951904296875,11.32888412475586,-5.659523010253906,-4.80694580078125,15.865440368652344,-14.625221252441406,10.123779296875,-51.371517181396484,-23.200220108032227,-0.1908721923828125,-23.678970336914062,-17.0581111907959,3.806671142578125,5.548484802246094,-7.12199592590332,3.6066741943359375,14.050769805908203
643160,1972-12-02 13:01:44,-32.98298645019531,23.759231567382812,-23.191932678222656,-23.85365104675293,9.133590698242188,-19.220252990722656,-14.034416198730469,-7.3546142578125,-15.178730010986328,-22.9390869140625,39.44132995605469,-51.727294921875,-39.538246154785156,-4.0952606201171875,6.50933837890625,-7.957719802856445,-12.520355224609375,17.12978744506836,1.2858619689941406,-9.50738525390625,12.827699661254883,-21.79378318786621,29.88226318359375,-53.95035934448242,-31.520835876464844,17.620956420898438,-27.167678833007812,-24.236726760864258,-1.7623291015625,10.966026306152344,-5.739990234375,-6.5336761474609375,15.322219848632812,-19.361724853515625,18.78497314453125,-52.16523742675781,-29.24049949645996,15.12420654296875,-25.902790069580078,-23.143430709838867,-0.010284423828125,11.786476135253906,-5.070751190185547,-4.9843902587890625,16.009136199951172,-15.326051712036133,10.437408447265625,-51.103755950927734,-23.262802124023438,-0.2054443359375,-23.61737060546875,-16.92021942138672,3.967529296875,5.849830627441406,-6.602386474609375,3.693084716796875,14.280216217041016
643164,1972-12-02 13:02:35,-32.7201042175293,24.322662353515625,-22.97927474975586,-23.767383575439453,10.18408203125,-18.794498443603516,-14.482856750488281,-6.6741485595703125,-15.071554183959961,-22.579639434814453,39.92716979980469,-51.51227569580078,-39.49947738647461,-3.401611328125,7.11589241027832,-8.49586296081543,-12.233993530273438,17.078176498413086,0.6541061401367188,-9.5389404296875,12.852010726928711,-21.663400650024414,30.345428466796875,-53.74394989013672,-31.06574249267578,18.077651977539062,-27.390911102294922,-24.085168838500977,-1.30438232421875,11.357017517089844,-5.318603515625,-6.4071807861328125,15.52634048461914,-19.45522117614746,19.198104858398438,-51.979713439941406,-28.674148559570312,15.980606079101562,-26.021461486816406,-22.995113372802734,0.4516143798828125,12.064834594726562,-4.703840255737305,-5.0282135009765625,16.10714340209961,-15.591304779052734,10.76507568359375,-50.95532989501953,-23.264171600341797,-0.0063934326171875,-23.616912841796875,-16.719276428222656,4.348785400390625,6.1489410400390625,-5.998981475830078,3.874420166015625,14.496757507324219
643167,1972-12-02 13:03:20,-33.25846862792969,23.659927368164062,-22.898174285888672,-24.022113800048828,10.113006591796875,-18.506813049316406,-14.623123168945312,-6.743408203125,-14.90435791015625,-23.61249542236328,39.15589904785156,-51.641056060791016,-39.35207748413086,-3.983428955078125,7.613275527954102,-8.38174057006836,-12.16583251953125,17.182933807373047,0.6340293884277344,-9.4306640625,12.93267822265625,-22.577943801879883,29.569534301757812,-53.79998779296875,-31.46786880493164,17.21929931640625,-27.484779357910156,-23.919265747070312,-1.5842437744140625,11.667800903320312,-4.902767181396484,-6.321075439453125,15.697563171386719,-20.193376541137695,18.470611572265625,-51.96178436279297,-28.98931884765625,15.359115600585938,-26.046497344970703,-22.85710906982422,0.19573974609375,12.331001281738281,-4.320077896118164,-4.9990386962890625,16.223304748535156,-16.19910430908203,10.103042602539062,-50.901268005371094,-23.319473266601562,-0.6414031982421875,-23.553577423095703,-16.684165954589844,4.173553466796875,6.362033843994141,-5.671497344970703,3.9046630859375,14.619941711425781
643171,1972-12-02 13:04:23,-33.70836639404297,22.988967895507812,-22.923721313476562,-24.24776268005371,9.7080078125,-18.42926597595215,-14.502761840820312,-7.3183135986328125,-14.749959945678711,-24.298532485961914,38.72941589355469,-51.64442443847656,-39.23675537109375,-4.3689727783203125,7.9877777099609375,-8.27309799194336,-12.149978637695312,17.246694564819336,0.6468086242675781,-9.3802490234375,12.96865463256836,-23.192707061767578,29.14373779296875,-53.770816802978516,-31.51689910888672,16.652374267578125,-27.776378631591797,-23.824798583984375,-1.7357025146484375,11.838268280029297,-4.556301116943359,-6.24981689453125,15.829925537109375,-20.697275161743164,18.074172973632812,-51.902889251708984,-29.04859161376953,14.929306030273438,-26.229721069335938,-22.759458541870117,0.0392608642578125,12.511795043945312,-3.96734619140625,-4.9783477783203125,16.319477081298828,-16.62169075012207,9.746932983398438,-50.834415435791016,-23.29550552368164,-1.01025390625,-23.56436538696289,-16.657777786254883,4.0582275390625,6.504215240478516,-5.42329216003418,3.8999481201171875,14.715068817138672
643174,1972-12-02 13:05:12,-33.7988166809082,22.644287109375,-23.13266372680664,-24.272174835205078,9.295440673828125,-18.608966827392578,-14.348979949951172,-7.6046600341796875,-14.755510330200195,-24.230087280273438,38.84858703613281,-51.58705520629883,-39.231895446777344,-4.4173736572265625,7.985029220581055,-8.351737976074219,-12.179656982421875,17.18775177001953,0.5504207611083984,-9.415252685546875,12.94771957397461,-23.123184204101562,29.267501831054688,-53.733524322509766,-31.30454444885254,16.628005981445312,-28.02996063232422,-23.832345962524414,-1.756866455078125,11.819950103759766,-4.448764801025391,-6.2619171142578125,15.855709075927734,-20.631738662719727,18.193405151367188,-51.8873291015625,-28.865625381469727,14.937347412109375,-26.426387786865234,-22.778705596923828,0.02593994140625,12.47674560546875,-3.899578094482422,-5.0036163330078125,16.328075408935547,-16.55874252319336,9.863128662109375,-50.83254623413086,-23.113460540771484,-1.0203857421875,-23.742515563964844,-16.658361434936523,4.048492431640625,6.508777618408203,-5.314435958862305,3.86138916015625,14.764873504638672
643177,1972-12-02 13:06:08,-34.25611877441406,22.2119140625,-22.87778091430664,-24.50126075744629,8.794097900390625,-18.552337646484375,-14.173364639282227,-7.9346466064453125,-14.751483917236328,-24.84665870666504,39.33180236816406,-50.92333984375,-39.24224853515625,-4.6442718505859375,7.803333282470703,-8.536012649536133,-12.401779174804688,16.93655014038086,0.3947467803955078,-9.595489501953125,12.820457458496094,-23.663471221923828,29.791778564453125,-53.207603454589844,-30.776363372802734,16.659378051757812,-28.590641021728516,-23.984310150146484,-1.9008941650390625,11.485553741455078,-4.415485382080078,-6.388641357421875,15.814399719238281,-21.061782836914062,18.716629028320312,-51.52719497680664,-28.678552627563477,15.039718627929688,-26.571613311767578,-22.801467895507812,-0.27435302734375,12.43210220336914,-3.705202102661133,-5.248291015625,16.296504974365234,-16.907691955566406,10.410385131835938,-50.60805130004883,-23.146207809448242,-0.965240478515625,-23.71289825439453,-16.641695022583008,3.8111419677734375,6.692138671875,-5.148719787597656,3.611053466796875,14.886432647705078
643180,1972-12-02 13:07:02,-34.20051956176758,22.49810791015625,-22.680465698242188,-24.511945724487305,8.915939331054688,-18.479928970336914,-14.282983779907227,-7.7271575927734375,-14.755900382995605,-24.71398162841797,39.86775207519531,-50.56990432739258,-39.32533645629883,-4.1873779296875,7.64195442199707,-8.816606521606445,-12.391830444335938,16.799530029296875,0.1909046173095703,-9.690139770507812,12.753756523132324,-23.61213493347168,30.334701538085938,-52.92289352416992,-30.19256591796875,16.9803466796875,-29.021038055419922,-24.072351455688477,-1.6709442138671875,11.33615493774414,-4.38470458984375,-6.3762969970703125,15.827945709228516,-21.090328216552734,19.228668212890625,-51.32659149169922,-27.952159881591797,15.449966430664062,-27.10494613647461,-22.938400268554688,-0.0191192626953125,12.180667877197266,-3.713897705078125,-5.2821197509765625,16.283584594726562,-16.99736976623535,10.884628295898438,-50.478065490722656,-23.08927345275879,-0.685638427734375,-23.778045654296875,-16.573503494262695,3.8975677490234375,6.810535430908203,-4.918554306030273,3.539215087890625,14.981216430664062
643184,1972-12-02 13:08:13,-33.691307067871094,22.97735595703125,-22.960403442382812,-24.351760864257812,9.141891479492188,-18.581031799316406,-14.592721939086914,-7.47796630859375,-14.580175399780273,-23.851789474487305,39.63386535644531,-51.164276123046875,-39.4286003112793,-2.891876220703125,7.709617614746094,-9.251209259033203,-11.819351196289062,16.97740936279297,-0.15970230102539062,-9.474578857421875,12.915121078491211,-23.01279640197754,30.035751342773438,-53.35564041137695,-29.642026901245117,17.0701904296875,-29.531387329101562,-24.08621597290039,-0.8014373779296875,11.40133285522461,-4.412105560302734,-5.91278076171875,15.999343872070312,-20.780109405517578,18.895736694335938,-51.576171875,-27.285266876220703,15.694091796875,-27.638973236083984,-22.966594696044922,0.88232421875,12.095306396484375,-3.7944259643554688,-4.8725433349609375,16.39236831665039,-16.906583786010742,10.461631774902344,-50.59785079956055,-22.98488998413086,-0.5735626220703125,-23.88192367553711,-16.442628860473633,4.4522705078125,6.787696838378906,-4.64056396484375,3.9168548583984375,14.975929260253906
643188,1972-12-02 13:09:24,-33.53712844848633,23.349563598632812,-22.81013298034668,-24.3719482421875,9.097244262695312,-18.57647705078125,-15.2264404296875,-6.0612335205078125,-14.58992862701416,-23.72135353088379,39.683990478515625,-51.1860466003418,-39.49456024169922,-2.2804718017578125,7.575950622558594,-9.629018783569336,-11.584671020507812,16.92902374267578,-0.46724700927734375,-9.42608642578125,12.943109512329102,-22.976104736328125,30.072158813476562,-53.350948333740234,-29.414325714111328,16.98345947265625,-29.80777359008789,-24.12063980102539,-0.4669647216796875,11.347030639648438,-4.4583282470703125,-5.702789306640625,16.062633514404297,-20.833782196044922,18.918472290039062,-51.546173095703125,-27.053903579711914,15.85662841796875,-27.773303985595703,-23.0062255859375,1.21435546875,11.990760803222656,-3.9109458923339844,-4.74322509765625,16.402908325195312,-17.030357360839844,10.45367431640625,-50.5579719543457,-22.926849365234375,-0.464752197265625,-23.94001007080078,-16.38144874572754,4.615203857421875,6.826679229736328,-4.467014312744141,3.9771575927734375,15.012760162353516
643192,1972-12-02 13:10:37,-33.599647521972656,23.486846923828125,-22.57599639892578,-24.489490509033203,9.013458251953125,-18.46238136291504,-15.550983428955078,-5.445220947265625,-14.49018669128418,-23.944503784179688,39.686920166015625,-51.07976150512695,-39.50146484375,-1.9422760009765625,7.63397216796875,-9.774499893188477,-11.452590942382812,16.935523986816406,-0.5812320709228516,-9.39691162109375,12.959688186645508,-23.250524520874023,30.068817138671875,-53.23381805419922,-29.368520736694336,16.80828857421875,-29.951885223388672,-24.131328582763672,-0.2601165771484375,11.330921173095703,-4.470966339111328,-5.53619384765625,16.117313385009766,-21.1364803314209,18.910263061523438,-51.42581558227539,-26.85622215270996,15.974197387695312,-27.89751434326172,-23.04932403564453,1.443145751953125,11.882144927978516,-3.986257553100586,-4.6647186279296875,16.407291412353516,-17.357341766357422,10.433059692382812,-50.4509162902832,-22.922039031982422,-0.4087066650390625,-23.945632934570312,-16.358551025390625,4.675140380859375,6.840785980224609,-4.390474319458008,3.9934844970703125,15.030994415283203
643197,1972-12-02 13:12:15,-33.771995544433594,23.121017456054688,-22.696138381958008,-24.584287643432617,8.50445556640625,-18.577518463134766,-15.876838684082031,-4.4934844970703125,-14.463184356689453,-24.18862533569336,39.3126220703125,-51.25389862060547,-39.53184509277344,-1.9459075927734375,7.474111557006836,-9.968233108520508,-11.34490966796875,16.895023345947266,-0.7518348693847656,-9.332733154296875,12.99724292755127,-23.447111129760742,29.687728881835938,-53.36133575439453,-29.44112777709961,16.370986938476562,-30.122325897216797,-24.15097999572754,-0.295440673828125,11.288108825683594,-4.473285675048828,-5.4176483154296875,16.156902313232422,-21.274463653564453,18.549148559570312,-51.50038146972656,-26.836593627929688,15.713516235351562,-28.063961029052734,-23.086353302001953,1.4197235107421875,11.812873840332031,-3.9875011444091797,-4.5953521728515625,16.426551818847656,-17.451160430908203,10.096298217773438,-50.487056732177734,-22.798322677612305,-0.55694580078125,-24.06047821044922,-16.401195526123047,4.617340087890625,6.777652740478516,-4.416494369506836,3.9929656982421875,15.023506164550781
643199,1972-12-02 13:12:58,-33.74445343017578,23.205902099609375,-22.650421142578125,-24.584274291992188,8.4718017578125,-18.592456817626953,-16.054780960083008,-3.8206939697265625,-14.460136413574219,-24.113304138183594,39.5018310546875,-51.14379119873047,-39.55766296386719,-1.79290771484375,7.375116348266602,-10.10611343383789,-11.33648681640625,16.81858253479004,-0.8653087615966797,-9.3663330078125,12.965978622436523,-23.39375114440918,29.880905151367188,-53.276851654052734,-29.342174530029297,16.444625854492188,-30.178714752197266,-24.18291664123535,-0.2364959716796875,11.22092056274414,-4.527290344238281,-5.4098052978515625,16.144485473632812,-21.2454891204834,18.732635498046875,-51.445899963378906,-26.801366806030273,15.855422973632812,-28.01776885986328,-23.082271575927734,1.4414215087890625,11.818222045898438,-3.9967918395996094,-4.631988525390625,16.41400146484375,-17.4407901763916,10.268638610839844,-50.45587158203125,-22.792482376098633,-0.4027099609375,-24.06908416748047,-16.391977310180664,4.634979248046875,6.787895202636719,-4.413747787475586,3.94732666015625,15.036376953125
643201,1972-12-02 13:13:42,-33.71058654785156,23.3297119140625,-22.573543548583984,-24.595481872558594,8.502182006835938,-18.56373405456543,-16.24629020690918,-3.130950927734375,-14.411949157714844,-24.075376510620117,39.60804748535156,-51.0794677734375,-39.574378967285156,-1.5870208740234375,7.332481384277344,-10.219295501708984,-11.295547485351562,16.777698516845703,-0.9553356170654297,-9.379867553710938,12.94986343383789,-23.38838768005371,29.98638916015625,-53.219913482666016,-29.294981002807617,16.49761962890625,-30.195640563964844,-24.188888549804688,-0.1465301513671875,11.209583282470703,-4.549785614013672,-5.3765106201171875,16.149276733398438,-21.27097511291504,18.830474853515625,-51.39963150024414,-26.77372169494629,15.967147827148438,-27.980716705322266,-23.070005416870117,1.5136260986328125,11.833137512207031,-4.003339767456055,-4.6292724609375,16.413169860839844,-17.4903564453125,10.354339599609375,-50.42118835449219,-22.803129196166992,-0.27093505859375,-24.060840606689453,-16.378860473632812,4.676910400390625,6.790809631347656,-4.411359786987305,3.9332275390625,15.040763854980469
643205,1972-12-02 13:15:13,-33.66817092895508,23.501113891601562,-22.45876693725586,-24.61066436767578,8.513931274414062,-18.538209915161133,-16.397293090820312,-2.528228759765625,-14.359174728393555,-24.035266876220703,39.78184509277344,-50.963157653808594,-39.59739303588867,-1.34930419921875,7.255441665649414,-10.346872329711914,-11.275390625,16.71294403076172,-1.0483779907226562,-9.415847778320312,12.916501998901367,-23.382631301879883,30.162155151367188,-53.12303924560547,-29.252178192138672,16.578155517578125,-30.193023681640625,-24.196367263793945,-0.0635986328125,11.194210052490234,-4.579708099365234,-5.3556060791015625,16.14777374267578,-21.297771453857422,18.996078491210938,-51.327545166015625,-26.74755096435547,16.088333129882812,-27.93630599975586,-23.053401947021484,1.5735931396484375,11.857650756835938,-3.996784210205078,-4.6381988525390625,16.412242889404297,-17.54258155822754,10.506080627441406,-50.37163162231445,-22.748830795288086,-0.02850341796875,-24.113693237304688,-16.383262634277344,4.708282470703125,6.758430480957031,-4.449983596801758,3.8683319091796875,15.046222686767578
643208,1972-12-02 13:16:23,-33.65520095825195,23.598098754882812,-22.376346588134766,-24.62548065185547,8.505966186523438,-18.522186279296875,-16.462360382080078,-2.25390625,-14.330373764038086,-24.024126052856445,39.91517639160156,-50.86406326293945,-39.603668212890625,-1.250457763671875,7.238885879516602,-10.378931045532227,-11.288864135742188,16.68393325805664,-1.0654659271240234,-9.446426391601562,12.892767906188965,-23.388988494873047,30.298507690429688,-53.042579650878906,-29.19966697692871,16.628692626953125,-30.216045379638672,-24.210405349731445,-0.0199127197265625,11.16397476196289,-4.6039276123046875,-5.3488006591796875,16.14313507080078,-21.32004165649414,19.125808715820312,-51.27008819580078,-26.754112243652344,16.159744262695312,-27.88875961303711,-23.03751564025879,1.58795166015625,11.886573791503906,-3.9813575744628906,-4.6551513671875,16.411197662353516,-17.577373504638672,10.628089904785156,-50.333892822265625,-22.73933219909668,0.145599365234375,-24.122222900390625,-16.37455940246582,4.72015380859375,6.7712249755859375,-4.447492599487305,3.809906005859375,15.061851501464844
643210,1972-12-02 13:17:11,-33.773250579833984,23.43023681640625,-22.374866485595703,-24.7176570892334,7.9976959228515625,-18.625560760498047,-16.531652450561523,-2.061767578125,-14.27945327758789,-24.135221481323242,39.96525573730469,-50.772056579589844,-39.597084045410156,-1.210174560546875,7.281610488891602,-10.371179580688477,-11.300338745117188,16.68099594116211,-1.0529842376708984,-9.464202880859375,12.880735397338867,-23.506288528442383,30.350540161132812,-52.96091842651367,-29.178598403930664,16.625030517578125,-30.238407135009766,-24.211990356445312,0.0004425048828125,11.16055679321289,-4.590431213378906,-5.34014892578125,16.14984130859375,-21.434717178344727,19.175949096679688,-51.20350646972656,-26.818220138549805,16.170852661132812,-27.820667266845703,-23.010448455810547,1.581024169921875,11.939807891845703,-3.9431095123291016,-4.6630859375,16.41817855834961,-17.691003799438477,10.676902770996094,-50.283729553222656,-22.779722213745117,0.2600250244140625,-24.08312225341797,-16.35942268371582,4.715576171875,6.810882568359375,-4.425817489624023,3.7626495361328125,15.080108642578125
643212,1972-12-02 13:17:59,-33.85737991333008,23.330764770507812,-22.351665496826172,-24.795156478881836,7.5604095458984375,-18.705020904541016,-16.582727432250977,-1.9709014892578125,-14.23298454284668,-24.223417282104492,40.01457214355469,-50.69114685058594,-39.5902099609375,-1.1309967041015625,7.331560134887695,-10.37149429321289,-11.298446655273438,16.682077407836914,-1.0472469329833984,-9.478378295898438,12.870784759521484,-23.60906982421875,30.400405883789062,-52.88655090332031,-29.210208892822266,16.645294189453125,-30.19671630859375,-24.195585250854492,0.029296875,11.196041107177734,-4.568704605102539,-5.3311920166015625,16.15896224975586,-21.54375457763672,19.222930908203125,-51.14008712768555,-26.86365509033203,16.1888427734375,-27.76632308959961,-22.985248565673828,1.603485107421875,11.985267639160156,-3.913663864135742,-4.656768798828125,16.427013397216797,-17.80584144592285,10.719856262207031,-50.23402786254883,-22.811798095703125,0.3734893798828125,-24.051250457763672,-16.34434700012207,4.726104736328125,6.839714050292969,-4.407320022583008,3.72845458984375,15.094013214111328
643215,1972-12-02 13:19:12,-33.96541976928711,23.302978515625,-22.216327667236328,-24.911514282226562,7.1607666015625,-18.70767593383789,-16.697834014892578,-1.7380523681640625,-14.128358840942383,-24.39772605895996,40.10243225097656,-50.53788757324219,-39.570716857910156,-0.96875,7.458925247192383,-10.35989761352539,-11.280258178710938,16.701580047607422,-1.028594970703125,-9.494857788085938,12.860137939453125,-23.817440032958984,30.48822021484375,-52.742366790771484,-29.083045959472656,16.643875122070312,-30.319992065429688,-24.242849349975586,0.1864166259765625,11.091796875,-4.646646499633789,-5.2479400634765625,16.163986206054688,-21.769018173217773,19.304885864257812,-51.01366424560547,-26.91040802001953,16.204559326171875,-27.711830139160156,-22.961742401123047,1.6943511962890625,12.017780303955078,-3.9060935974121094,-4.609771728515625,16.442066192626953,-18.046222686767578,10.792564392089844,-50.1325798034668,-22.857343673706055,0.5730133056640625,-24.00403594970703,-16.32378578186035,4.7546844482421875,6.86895751953125,-4.392372131347656,3.6794586181640625,15.110382080078125
643218,1972-12-02 13:20:24,-34.05310821533203,23.179641723632812,-22.211109161376953,-25.00492286682129,6.6902008056640625,-18.75719451904297,-16.8245792388916,-1.38800048828125,-14.016281127929688,-24.491397857666016,40.066864013671875,-50.52079772949219,-39.54647445678711,-0.7847442626953125,7.607637405395508,-10.332443237304688,-11.210205078125,16.765640258789062,-1.0013713836669922,-9.469085693359375,12.881261825561523,-23.95370864868164,30.445602416992188,-52.705265045166016,-29.086057662963867,16.64447021484375,-30.3167724609375,-24.233346939086914,0.336822509765625,11.109004974365234,-4.662647247314453,-5.1623382568359375,16.186927795410156,-21.93532943725586,19.259445190429688,-50.95957565307617,-26.76554298400879,16.198074340820312,-27.855545043945312,-23.012617111206055,1.908111572265625,11.887725830078125,-4.01728630065918,-4.4874267578125,16.449111938476562,-18.23741340637207,10.736602783203125,-50.07537841796875,-22.83749771118164,0.6758270263671875,-24.020244598388672,-16.330957412719727,4.81610107421875,6.808860778808594,-4.444829940795898,3.7018585205078125,15.089553833007812
643221,1972-12-02 13:21:35,-34.30270767211914,22.614044189453125,-22.40921401977539,-25.10291290283203,5.5613250732421875,-18.993488311767578,-16.889352798461914,-1.230712890625,-13.95292854309082,-24.718589782714844,39.896514892578125,-50.544952392578125,-39.530853271484375,-0.85272216796875,7.681158065795898,-10.269674301147461,-11.206710815429688,16.80648422241211,-0.9447879791259766,-9.451095581054688,12.89874267578125,-24.160301208496094,30.272216796875,-52.71083450317383,-29.167510986328125,16.48779296875,-30.32413101196289,-24.234586715698242,0.3216094970703125,11.106746673583984,-4.664690017700195,-5.120025634765625,16.19977569580078,-22.107797622680664,19.09515380859375,-50.946868896484375,-26.756101608276367,16.086593627929688,-27.929119110107422,-23.046649932861328,1.9250946044921875,11.818855285644531,-4.058300018310547,-4.44024658203125,16.451847076416016,-18.38496208190918,10.584075927734375,-50.05388641357422,-22.824769973754883,0.5582733154296875,-24.035358428955078,-16.36335563659668,4.7795257568359375,6.75665283203125,-4.501045227050781,3.7260589599609375,15.066917419433594
643225,1972-12-02 13:23:03,-34.583797454833984,21.992050170898438,-22.5954532623291,-25.142972946166992,2.829345703125,-19.53619384765625,-16.686017990112305,-2.56793212890625,-14.015405654907227,-25.041654586791992,39.65715026855469,-50.57428741455078,-39.55322265625,-0.8397369384765625,7.566562652587891,-10.38894271850586,-11.146331787109375,16.77330780029297,-1.0354080200195312,-9.4190673828125,12.915205955505371,-24.443498611450195,30.030441284179688,-52.71857452392578,-29.317825317382812,16.255462646484375,-30.304603576660156,-24.220426559448242,0.24737548828125,11.139495849609375,-4.629528045654297,-5.0872955322265625,16.22016143798828,-22.333351135253906,18.867477416992188,-50.93331527709961,-26.79378318786621,15.923858642578125,-27.986190795898438,-23.05244255065918,1.870361328125,11.81634521484375,-4.013160705566406,-4.4236602783203125,16.467388153076172,-18.567846298217773,10.376312255859375,-50.02987289428711,-22.79138946533203,0.3572235107421875,-24.070838928222656,-16.398696899414062,4.7117767333984375,6.71844482421875,-4.521373748779297,3.7460174560546875,15.055877685546875
643228,1972-12-02 13:24:03,-34.52335739135742,22.250152587890625,-22.434627532958984,-25.079345703125,1.3406219482421875,-19.77539825439453,-16.03277587890625,-5.175567626953125,-14.057474136352539,-25.104717254638672,39.64874267578125,-50.549617767333984,-39.580665588378906,-0.6498260498046875,7.440723419189453,-10.595220565795898,-11.055877685546875,16.70399284362793,-1.2127418518066406,-9.401885986328125,12.912284851074219,-24.51643943786621,30.020614624023438,-52.69029998779297,-29.291004180908203,16.243209838867188,-30.33708953857422,-24.23038673400879,0.2969512939453125,11.116592407226562,-4.647438049316406,-5.0565948486328125,16.22463607788086,-22.410282135009766,18.857162475585938,-50.90333938598633,-26.741641998291016,15.94927978515625,-28.021564483642578,-23.053665161132812,1.91204833984375,11.80728530883789,-4.002964019775391,-4.4149932861328125,16.47219467163086,-18.64861297607422,10.364028930664062,-50.00237274169922,-22.731372833251953,0.2603759765625,-24.128765106201172,-16.41010856628418,4.71917724609375,6.685310363769531,-4.503993988037109,3.7799530029296875,15.052604675292969
643232,1972-12-02 13:25:20,-34.31987762451172,22.994918823242188,-21.991432189941406,-25.037126541137695,0.14825439453125,-19.873538970947266,-15.290092468261719,-7.4348602294921875,-13.870291709899902,-25.22918128967285,39.6439208984375,-50.49139404296875,-39.631317138671875,-0.2216644287109375,7.192026138305664,-11.038261413574219,-10.835540771484375,16.56087875366211,-1.6018047332763672,-9.347625732421875,12.909271240234375,-24.670307159423828,30.012100219726562,-52.623287200927734,-29.130199432373047,16.255325317382812,-30.485065460205078,-24.264049530029297,0.4399566650390625,11.038158416748047,-4.679630279541016,-4.9880828857421875,16.236587524414062,-22.580585479736328,18.846237182617188,-50.83206558227539,-26.659473419189453,15.966232299804688,-28.09012222290039,-23.04975700378418,2.0217742919921875,11.796630859375,-3.9834461212158203,-4.369232177734375,16.489120483398438,-18.833341598510742,10.346145629882812,-49.936798095703125,-22.61178970336914,-0.000701904296875,-24.242263793945312,-16.43474578857422,4.7448883056640625,6.606109619140625,-4.466281890869141,3.8833770751953125,15.03750991821289
643237,1972-12-02 13:26:54,-33.98755645751953,24.025772094726562,-21.397476196289062,-24.879337310791016,-1.5875091552734375,-20.00838851928711,-12.106067657470703,-13.29620361328125,-12.573901176452637,-25.2981014251709,39.72406005859375,-50.393836975097656,-39.65497589111328,0.1438140869140625,7.062429428100586,-11.337589263916016,-10.671707153320312,16.46475601196289,-1.86676025390625,-9.312576293945312,12.899011611938477,-24.779516220092773,30.090301513671875,-52.527225494384766,-29.0531005859375,16.349945068359375,-30.508041381835938,-24.256717681884766,0.5582733154296875,11.04891586303711,-4.662557601928711,-4.9572296142578125,16.250938415527344,-22.71961212158203,18.917709350585938,-50.743492126464844,-26.603633880615234,16.007644653320312,-28.119476318359375,-23.015636444091797,2.118255615234375,11.84621810913086,-3.910552978515625,-4.3425140380859375,16.513607025146484,-18.99695587158203,10.405319213867188,-49.86247253417969,-22.441377639770508,-0.240814208984375,-24.398910522460938,-16.47488784790039,4.7751007080078125,6.483207702636719,-4.465295791625977,3.9846343994140625,15.011287689208984
643241,1972-12-02 13:28:08,-33.79067611694336,24.614761352539062,-21.03681182861328,-24.92843246459961,-1.625,-19.944169998168945,-10.679925918579102,-15.126510620117188,-11.771860122680664,-25.30856704711914,39.85935974121094,-50.2816162109375,-39.648040771484375,0.376190185546875,7.092746734619141,-11.439802169799805,-10.593673706054688,16.44443130493164,-1.9606761932373047,-9.303329467773438,12.891748428344727,-24.83469009399414,30.225204467773438,-52.423606872558594,-28.71249771118164,16.463775634765625,-30.768173217773438,-24.31355094909668,0.739593505859375,10.91250228881836,-4.697099685668945,-4.9095001220703125,16.25548553466797,-22.812623977661133,19.043365478515625,-50.654685974121094,-26.41781997680664,16.053268432617188,-28.268253326416016,-23.01401138305664,2.244720458984375,11.826065063476562,-3.857858657836914,-4.31048583984375,16.534378051757812,-19.120393753051758,10.515853881835938,-49.792049407958984,-22.303279876708984,-0.365142822265625,-24.523677825927734,-16.483379364013672,4.8184814453125,6.429313659667969,-4.3985137939453125,4.0419921875,15.015674591064453
643245,1972-12-02 13:29:24,-33.558448791503906,25.35113525390625,-20.527883529663086,-25.104381561279297,-1.150848388671875,-19.755577087402344,-9.711166381835938,-16.2474365234375,-11.097896575927734,-25.369373321533203,40.06884765625,-50.08409118652344,-39.610198974609375,0.6710205078125,7.279943466186523,-11.473688125610352,-10.50872802734375,16.475309371948242,-2.000030517578125,-9.296035766601562,12.89096450805664,-24.97002410888672,30.434005737304688,-52.23819351196289,-28.307071685791016,16.644622802734375,-31.045291900634766,-24.355815887451172,0.9992218017578125,10.79696273803711,-4.697267532348633,-4.847747802734375,16.273956298828125,-23.00789451599121,19.237823486328125,-50.49263381958008,-25.853858947753906,16.022354125976562,-28.80217742919922,-23.08685302734375,2.5359039306640625,11.623504638671875,-3.8173179626464844,-4.1989898681640625,16.572437286376953,-19.364500045776367,10.686225891113281,-49.66127014160156,-22.063657760620117,-0.6651153564453125,-24.733234405517578,-16.51394271850586,4.8791351318359375,6.303916931152344,-4.317594528198242,4.1695556640625,15.0042724609375
643248,1972-12-02 13:30:22,-33.38337326049805,25.930587768554688,-20.084789276123047,-25.29217529296875,-0.6533050537109375,-19.537561416625977,-9.306629180908203,-16.742446899414062,-10.701688766479492,-25.45640754699707,40.30192565917969,-49.85237121582031,-39.554786682128906,0.9703369140625,7.542743682861328,-11.462127685546875,-10.429702758789062,16.53346061706543,-2.002300262451172,-9.29144287109375,12.893928527832031,-25.1413631439209,30.6668701171875,-52.019371032714844,-28.178333282470703,16.8504638671875,-31.05136489868164,-24.332101821899414,1.2254638671875,10.827072143554688,-4.669574737548828,-4.7983856201171875,16.296539306640625,-23.245691299438477,19.455184936523438,-50.30006790161133,-25.74073028564453,16.098587036132812,-28.86092758178711,-23.03396224975586,2.7374114990234375,11.682567596435547,-3.7187843322753906,-4.1384124755859375,16.610034942626953,-19.65690803527832,10.877113342285156,-49.504703521728516,-22.051176071166992,-0.7267608642578125,-24.742630004882812,-16.481487274169922,4.9688873291015625,6.3187255859375,-4.187116622924805,4.2426605224609375,15.020744323730469
643250,1972-12-02 13:31:02,-33.25209045410156,26.302459716796875,-19.817245483398438,-25.384286880493164,-0.3516998291015625,-19.425537109375,-9.094533920288086,-16.981857299804688,-10.50501823425293,-25.484691619873047,40.46087646484375,-49.70896530151367,-39.52555847167969,1.1284637451171875,7.672843933105469,-11.461175918579102,-10.3970947265625,16.55465316772461,-2.0079994201660156,-9.297012329101562,12.889022827148438,-25.214914321899414,30.82733154296875,-51.888763427734375,-28.14046859741211,16.986740112304688,-31.01142120361328,-24.309051513671875,1.328643798828125,10.86661148071289,-4.645256042480469,-4.7891387939453125,16.306201934814453,-23.35625457763672,19.606307983398438,-50.1900520324707,-25.681407928466797,16.162765502929688,-28.87790298461914,-23.00925636291504,2.840240478515625,11.706684112548828,-3.6808738708496094,-4.115081787109375,16.624267578125,-19.797740936279297,11.01348876953125,-49.41835403442383,-22.02988624572754,-0.749237060546875,-24.760921478271484,-16.468334197998047,5.0125732421875,6.318511962890625,-4.125457763671875,4.2736358642578125,15.02902603149414
643253,1972-12-02 13:32:07,-33.046932220458984,26.92889404296875,-19.312652587890625,-25.54850959777832,0.2496185302734375,-19.210636138916016,-8.979864120483398,-17.144607543945312,-10.337968826293945,-25.535655975341797,40.855560302734375,-49.35874938964844,-39.46681594848633,1.3936920166015625,7.927402496337891,-11.446294784545898,-10.37640380859375,16.577905654907227,-2.007669448852539,-9.335159301757812,12.861467361450195,-25.349390029907227,31.229873657226562,-51.58161163330078,-28.062946319580078,17.341705322265625,-30.884952545166016,-24.26076316833496,1.4932098388671875,10.952812194824219,-4.592082977294922,-4.821929931640625,16.311607360839844,-23.559062957763672,19.988723754882812,-49.943817138671875,-25.599584579467773,16.225387573242188,-28.915409088134766,-22.961042404174805,3.0027008056640625,11.760684967041016,-3.5909652709960938,-4.0700531005859375,16.654987335205078,-20.056604385375977,11.36761474609375,-49.233436584472656,-22.134620666503906,-0.60430908203125,-24.671314239501953,-16.404769897460938,5.093780517578125,6.418144226074219,-3.9822521209716797,4.2675323486328125,15.069332122802734
643256,1972-12-02 13:33:14,-32.76833724975586,27.536087036132812,-18.927318572998047,-25.577905654907227,0.86761474609375,-19.153465270996094,-8.863584518432617,-17.196365356445312,-10.352327346801758,-25.28599739074707,41.44004821777344,-48.99870300292969,-39.457794189453125,1.5941314697265625,7.934541702270508,-11.528261184692383,-10.435394287109375,16.48382568359375,-2.081644058227539,-9.429244995117188,12.780827522277832,-25.162181854248047,31.832763671875,-51.303985595703125,-27.814468383789062,17.841415405273438,-30.82504653930664,-24.235944747924805,1.544036865234375,11.000614166259766,-4.517934799194336,-4.976837158203125,16.285762786865234,-23.443679809570312,20.566726684570312,-49.76311111450195,-25.192888259887695,16.321304321289062,-29.217056274414062,-23.008583068847656,3.1155853271484375,11.637763977050781,-3.557638168334961,-4.0896453857421875,16.657337188720703,-19.996496200561523,11.917526245117188,-49.12772750854492,-22.083412170410156,-0.283660888671875,-24.722923278808594,-16.372716903686523,5.1428680419921875,6.460700988769531,-3.9172897338867188,4.1608123779296875,15.116130828857422
643260,1972-12-02 13:34:43,-32.53082275390625,27.927536010742188,-18.762779235839844,-25.618703842163086,1.26654052734375,-19.076560974121094,-8.692068099975586,-17.3916015625,-10.170016288757324,-24.99034309387207,41.79315185546875,-48.850257873535156,-39.427284240722656,1.96832275390625,8.001913070678711,-11.614749908447266,-10.353302001953125,16.47486686706543,-2.1639957427978516,-9.435546875,12.762491226196289,-24.963029861450195,32.19050598144531,-51.17790603637695,-27.484167098999023,18.30712890625,-30.84823226928711,-24.11345672607422,1.660400390625,11.250011444091797,-4.190410614013672,-5.11480712890625,16.330520629882812,-23.348997116088867,20.905014038085938,-49.666561126708984,-24.955101013183594,16.335037231445312,-29.412796020507812,-22.938854217529297,3.289764404296875,11.72713851928711,-3.3590259552001953,-4.052642822265625,16.707542419433594,-19.983245849609375,12.221885681152344,-49.05829620361328,-22.076763153076172,0.0074920654296875,-24.730484008789062,-16.29226303100586,5.2899627685546875,6.544776916503906,-3.755880355834961,4.1300201416015625,15.16546630859375
643263,1972-12-02 13:35:50,-32.74609375,27.744140625,-18.660099029541016,-25.7742862701416,1.195556640625,-18.870452880859375,-8.228338241577148,-17.866653442382812,-9.72245979309082,-25.346771240234375,41.67347717285156,-48.768798828125,-39.36008834838867,2.044525146484375,8.30777359008789,-11.503213882446289,-10.285369873046875,16.59523582458496,-2.0806446075439453,-9.393035888671875,12.807624816894531,-25.348642349243164,32.06385803222656,-51.06774139404297,-27.60793113708496,18.282012939453125,-30.752464294433594,-23.96871566772461,1.6671295166015625,11.554210662841797,-3.865863800048828,-5.131103515625,16.405292510986328,-23.734085083007812,20.781234741210938,-49.53581237792969,-25.12108612060547,16.064865112304688,-29.420299530029297,-22.804807662963867,3.3159027099609375,11.978523254394531,-3.040464401245117,-3.981689453125,16.785438537597656,-20.372562408447266,12.096343994140625,-48.929115295410156,-22.234573364257812,-0.0811309814453125,-24.58856201171875,-16.20199966430664,5.3339080810546875,6.7305450439453125,-3.4831008911132812,4.16070556640625,15.22207260131836
643264,1972-12-02 13:36:57,-32.90925598144531,27.480316162109375,-18.76317596435547,-25.780668258666992,1.0540618896484375,-18.87017250061035,-7.896032333374023,-18.11529541015625,-9.536131858825684,-25.44445037841797,41.61219787597656,-48.770259857177734,-39.3607177734375,1.9806976318359375,8.320228576660156,-11.482927322387695,-10.298065185546875,16.601409912109375,-2.062997817993164,-9.391845703125,12.811357498168945,-25.430070877075195,32.00187683105469,-51.06614685058594,-27.665266036987305,18.246185302734375,-30.722198486328125,-23.911151885986328,1.5695648193359375,11.686389923095703,-3.7010345458984375,-5.1853485107421875,16.42623519897461,-23.794475555419922,20.72265625,-49.53137969970703,-25.153675079345703,15.927536010742188,-29.467090606689453,-22.78691864013672,3.26116943359375,12.027484893798828,-2.9458541870117188,-3.976226806640625,16.8035888671875,-20.41702651977539,12.044021606445312,-48.923484802246094,-22.252609252929688,-0.1235198974609375,-24.572063446044922,-16.162155151367188,5.3182373046875,6.837890625,-3.326038360595703,4.1305084228515625,15.265361785888672
643267,1972-12-02 13:38:05,-33.03137969970703,27.299102783203125,-18.813051223754883,-25.80412483215332,0.9857330322265625,-18.841781616210938,-7.698419570922852,-18.26873779296875,-9.40406608581543,-25.553020477294922,41.534332275390625,-48.77986145019531,-39.35523986816406,1.9439697265625,8.354736328125,-11.459922790527344,-10.293624877929688,16.62005043029785,-2.044292449951172,-9.381454467773438,12.821950912475586,-25.52873420715332,31.92193603515625,-51.066951751708984,-27.766969680786133,18.206802368164062,-30.653732299804688,-23.815567016601562,1.4617462158203125,11.893714904785156,-3.4658203125,-5.246246337890625,16.458179473876953,-23.876787185668945,20.646270751953125,-49.52367401123047,-25.255626678466797,15.717681884765625,-29.492549896240234,-22.718671798706055,3.189056396484375,12.175029754638672,-2.7442245483398438,-3.9630584716796875,16.840797424316406,-20.487398147583008,11.972587585449219,-48.91160202026367,-22.281076431274414,-0.207489013671875,-24.54568862915039,-16.11746597290039,5.3131561279296875,6.9464569091796875,-3.154115676879883,4.1237335205078125,15.303638458251953
643271,1972-12-02 13:39:36,-32.96000289916992,27.516952514648438,-18.61985206604004,-25.87912940979004,1.531524658203125,-18.701932907104492,-7.734830856323242,-18.2576904296875,-9.39565658569336,-25.601131439208984,41.60246276855469,-48.69651412963867,-39.33568572998047,2.0042877197265625,8.432209014892578,-11.450355529785156,-10.282241821289062,16.63368034362793,-2.0402870178222656,-9.385040283203125,12.81998062133789,-25.5956974029541,31.99151611328125,-50.989830017089844,-27.79265785217285,18.24371337890625,-30.608482360839844,-23.755615234375,1.45526123046875,12.013801574707031,-3.335113525390625,-5.2730865478515625,16.476593017578125,-23.95652961730957,20.712493896484375,-49.457462310791016,-25.35843849182129,15.612258911132812,-29.460304260253906,-22.64708137512207,3.178497314453125,12.310413360595703,-2.593496322631836,-3.9448394775390625,16.868938446044922,-20.578248977661133,12.0335693359375,-48.85846710205078,-22.35739517211914,-0.1572265625,-24.476573944091797,-16.017494201660156,5.349212646484375,7.147132873535156,-2.865499496459961,4.0758056640625,15.373085021972656
643274,1972-12-02 13:40:46,-33.05364990234375,27.512161254882812,-18.460269927978516,-25.97020149230957,1.6376953125,-18.566200256347656,-7.772253036499023,-18.256088256835938,-9.367849349975586,-25.823165893554688,41.63914489746094,-48.547698974609375,-39.29718017578125,2.007598876953125,8.609111785888672,-11.381980895996094,-10.289413452148438,16.67612075805664,-1.9886093139648438,-9.392791748046875,12.822410583496094,-25.82921600341797,32.029815673828125,-50.84782791137695,-27.952350616455078,18.252639770507812,-30.45737075805664,-23.687259674072266,1.4360504150390625,12.150306701660156,-3.2326927185058594,-5.2872772216796875,16.492450714111328,-24.18393898010254,20.749588012695312,-49.331077575683594,-25.570131301879883,15.542221069335938,-29.31399917602539,-22.572311401367188,3.1570892333984375,12.45242691040039,-2.4876670837402344,-3.9281158447265625,16.888771057128906,-20.803672790527344,12.069953918457031,-48.7539176940918,-22.475753784179688,-0.1271820068359375,-24.368106842041016,-15.95425796508789,5.352081298828125,7.285083770751953,-2.701078414916992,4.044891357421875,15.410968780517578
643278,1972-12-02 13:42:17,-33.163150787353516,27.430023193359375,-18.385950088500977,-26.046611785888672,1.7586517333984375,-18.447721481323242,-7.820749282836914,-18.248565673828125,-9.3420991897583,-26.027502059936523,41.58634948730469,-48.48379135131836,-39.26849365234375,1.9941253662109375,8.742097854614258,-11.323753356933594,-10.280776977539062,16.721027374267578,-1.9438400268554688,-9.383499145507812,12.836074829101562,-26.035343170166016,31.975357055664062,-50.77693176269531,-28.159957885742188,18.183441162109375,-30.307140350341797,-23.624832153320312,1.409210205078125,12.274364471435547,-3.1574249267578125,-5.273193359375,16.511539459228516,-24.37688446044922,20.697341918945312,-49.25800323486328,-25.79004669189453,15.362152099609375,-29.216102600097656,-22.513256072998047,3.1378173828125,12.563709259033203,-2.4022064208984375,-3.8679046630859375,16.915016174316406,-20.988630294799805,12.020439147949219,-48.68683624267578,-22.564804077148438,-0.1319732666015625,-24.285640716552734,-15.91977596282959,5.349609375,7.361930847167969,-2.617166519165039,4.038299560546875,15.427169799804688
643281,1972-12-02 13:43:25,-33.16845703125,27.457626342773438,-18.335121154785156,-26.095733642578125,1.946563720703125,-18.359214782714844,-7.904014587402344,-18.221221923828125,-9.3253812789917,-26.05555534362793,41.62239074707031,-48.43776321411133,-39.242820739746094,2.09100341796875,8.834268569946289,-11.311016082763672,-10.244781494140625,16.75171661376953,-1.9380874633789062,-9.372299194335938,12.845123291015625,-26.090734481811523,32.010406494140625,-50.72639465332031,-28.18155288696289,18.218032836914062,-30.26626968383789,-23.599700927734375,1.47662353515625,12.314716339111328,-3.1413726806640625,-5.2490081787109375,16.522300720214844,-24.453811645507812,20.729385375976562,-49.20637130737305,-25.893592834472656,15.266876220703125,-29.17443084716797,-22.47635269165039,3.1960296630859375,12.615005493164062,-2.3725662231445312,-3.79840087890625,16.9349365234375,-21.083633422851562,12.045150756835938,-48.63965606689453,-22.614700317382812,-0.091583251953125,-24.23937225341797,-15.892318725585938,5.388214111328125,7.393024444580078,-2.573108673095703,4.049835205078125,15.431560516357422
643284,1972-12-02 13:44:34,-33.27936553955078,27.271560668945312,-18.411664962768555,-26.12782096862793,1.931976318359375,-18.315067291259766,-7.858680725097656,-18.280960083007812,-9.246464729309082,-26.11033058166504,41.585662841796875,-48.43983459472656,-39.22594451904297,2.136810302734375,8.898029327392578,-11.294351577758789,-10.213348388671875,16.782119750976562,-1.9271125793457031,-9.354705810546875,12.859590530395508,-26.157278060913086,31.970977783203125,-50.71698760986328,-28.216707229614258,18.20440673828125,-30.241710662841797,-23.577777862548828,1.511566162109375,12.352405548095703,-3.117053985595703,-5.2263031005859375,16.534095764160156,-24.526540756225586,20.690475463867188,-49.186546325683594,-26.002174377441406,15.07781982421875,-29.176170349121094,-22.4444580078125,3.22412109375,12.664546966552734,-2.3197250366210938,-3.7155609130859375,16.960617065429688,-21.162227630615234,12.004234313964844,-48.615631103515625,-22.623260498046875,-0.1136016845703125,-24.23128890991211,-15.892279624938965,5.4059600830078125,7.380146026611328,-2.575847625732422,4.0748443603515625,15.424514770507812
643286,1972-12-02 13:45:21,-33.62804412841797,26.570877075195312,-18.798606872558594,-26.136295318603516,1.607940673828125,-18.334280014038086,-7.603853225708008,-18.49029541015625,-9.04100513458252,-26.14878273010254,41.47465515136719,-48.51420593261719,-39.21645736694336,2.173065185546875,8.931001663208008,-11.283208847045898,-10.16717529296875,16.81761932373047,-1.919403076171875,-9.322052001953125,12.884429931640625,-26.201011657714844,31.85443115234375,-50.767723083496094,-28.244895935058594,18.141738891601562,-30.253047943115234,-23.561004638671875,1.5457916259765625,12.38015365600586,-3.0940017700195312,-5.188018798828125,16.550479888916016,-24.57204818725586,20.57720947265625,-49.211334228515625,-26.03752899169922,14.866744995117188,-29.252864837646484,-22.426715850830078,3.2596893310546875,12.686851501464844,-2.26007080078125,-3.629638671875,16.987258911132812,-21.20974349975586,11.891387939453125,-48.62265396118164,-22.629058837890625,-0.1856689453125,-24.22542953491211,-15.891008377075195,5.4268341064453125,7.367546081542969,-2.5683021545410156,4.1192169189453125,15.413982391357422
643290,1972-12-02 13:46:55,-34.036685943603516,25.714218139648438,-19.249061584472656,-26.159780502319336,1.3151397705078125,-18.32412338256836,-7.271455764770508,-18.760650634765625,-8.752909660339355,-26.19635772705078,41.36155700683594,-48.58503341674805,-39.19587707519531,2.2555694580078125,9.000625610351562,-11.26744270324707,-10.098739624023438,16.869342803955078,-1.90997314453125,-9.279617309570312,12.91642951965332,-26.265710830688477,31.734649658203125,-50.809295654296875,-28.235881805419922,18.095672607421875,-30.289039611816406,-23.5136661529541,1.594879150390625,12.463642120361328,-2.9889564514160156,-5.15838623046875,16.579017639160156,-24.6480712890625,20.460098266601562,-49.22215270996094,-26.112762451171875,14.517166137695312,-29.36117172241211,-22.37131118774414,3.3094635009765625,12.771507263183594,-2.1061973571777344,-3.498748779296875,17.034427642822266,-21.295766830444336,11.771728515625,-48.614173889160156,-22.647972106933594,-0.292327880859375,-24.206695556640625,-15.878486633300781,5.466400146484375,7.36529541015625,-2.5281620025634766,4.1864471435546875,15.402503967285156
643293,1972-12-02 13:48:04,-34.11670684814453,25.603347778320312,-19.255199432373047,-26.17449951171875,1.3682861328125,-18.2991943359375,-7.230985641479492,-18.776840209960938,-8.751696586608887,-26.14574432373047,41.592193603515625,-48.41511535644531,-39.18027114868164,2.3287811279296875,9.049787521362305,-11.278194427490234,-10.124710083007812,16.846572875976562,-1.9226531982421875,-9.31756591796875,12.887195587158203,-26.24236297607422,31.973037719726562,-50.671714782714844,-28.14026641845703,18.256881713867188,-30.281272888183594,-23.480690002441406,1.59857177734375,12.525188446044922,-2.8945350646972656,-5.2259063720703125,16.574630737304688,-24.65185546875,20.6890869140625,-49.12444305419922,-26.114477157592773,14.425994873046875,-29.40454864501953,-22.34001922607422,3.31890869140625,12.823711395263672,-2.0099449157714844,-3.4777374267578125,17.050350189208984,-21.321170806884766,11.990150451660156,-48.54961395263672,-22.62447738647461,-0.254669189453125,-24.229084014892578,-15.86921215057373,5.47747802734375,7.3770599365234375,-2.4856719970703125,4.1671600341796875,15.414642333984375
643296,1972-12-02 13:49:13,-34.08945083618164,25.713531494140625,-19.156387329101562,-26.195653915405273,1.5119781494140625,-18.257572174072266,-7.267635345458984,-18.7490234375,-8.780946731567383,-26.113483428955078,41.76759338378906,-48.28132629394531,-39.16490936279297,2.39404296875,9.099128723144531,-11.283815383911133,-10.13995361328125,16.83363914489746,-1.9307861328125,-9.344482421875,12.86646842956543,-26.233610153198242,32.154266357421875,-50.56145477294922,-28.037220001220703,18.37347412109375,-30.30632781982422,-23.44546890258789,1.6016082763671875,12.590599060058594,-2.7813682556152344,-5.282135009765625,16.57617950439453,-24.665672302246094,20.863128662109375,-49.0438346862793,-26.089723587036133,14.217132568359375,-29.527992248535156,-22.32219696044922,3.3408203125,12.849037170410156,-1.9039878845214844,-3.414306640625,17.0753173828125,-21.353130340576172,12.1556396484375,-48.494384765625,-22.624237060546875,-0.257049560546875,-24.229286193847656,-15.846721649169922,5.491668701171875,7.414756774902344,-2.4058094024658203,4.16046142578125,15.429119110107422
643300,1972-12-02 13:50:47,-34.099910736083984,25.757705688476562,-19.078256607055664,-26.208084106445312,1.607513427734375,-18.231552124023438,-7.235307693481445,-18.7528076171875,-8.799515724182129,-26.147449493408203,41.86683654785156,-48.176883697509766,-39.161685943603516,2.368255615234375,9.11971664428711,-11.27774429321289,-10.17724609375,16.815187454223633,-1.9262733459472656,-9.372360229492188,12.846861839294434,-26.266408920288086,32.25848388671875,-50.47797393798828,-27.816993713378906,18.413177490234375,-30.484642028808594,-23.457317352294922,1.5854644775390625,12.570564270019531,-2.6814308166503906,-5.3330230712890625,16.576351165771484,-24.695022583007812,20.964431762695312,-48.98583221435547,-26.003856658935547,13.740570068359375,-29.82782745361328,-22.358200073242188,3.3389892578125,12.786766052246094,-1.8037948608398438,-3.276885986328125,17.113075256347656,-21.380130767822266,12.256553649902344,-48.45707321166992,-22.553359985351562,-0.402984619140625,-24.293289184570312,-15.83785629272461,5.46942138671875,7.450050354003906,-2.2778472900390625,4.1608734130859375,15.448421478271484
643302,1972-12-02 13:51:35,-34.135589599609375,25.69085693359375,-19.104583740234375,-26.212539672851562,1.6075439453125,-18.225139617919922,-7.1794586181640625,-18.7906494140625,-8.764470100402832,-26.171993255615234,41.857666015625,-48.1715202331543,-39.16017150878906,2.359649658203125,9.128463745117188,-11.27254867553711,-10.1785888671875,16.81786346435547,-1.9221000671386719,-9.371994018554688,12.847746849060059,-26.28897476196289,32.24919128417969,-50.472164154052734,-27.7322998046875,18.408218383789062,-30.564697265625,-23.460189819335938,1.585418701171875,12.565208435058594,-2.6379547119140625,-5.343231201171875,16.580039978027344,-24.714115142822266,20.95562744140625,-48.9799690246582,-25.9189395904541,13.466079711914062,-30.026264190673828,-22.386581420898438,3.355224609375,12.732749938964844,-1.7549819946289062,-3.1905059814453125,17.134456634521484,-21.396711349487305,12.248680114746094,-48.45174789428711,-22.490415573120117,-0.5489654541015625,-24.348724365234375,-15.851461410522461,5.45965576171875,7.428245544433594,-2.2435684204101562,4.1949005126953125,15.444232940673828
643305,1972-12-02 13:52:48,-34.148494720458984,25.631607055664062,-19.161027908325195,-26.2385196685791,1.60369873046875,-18.18805694580078,-7.124906539916992,-18.870269775390625,-8.636983871459961,-26.18352699279785,41.74440002441406,-48.26345443725586,-39.142799377441406,2.45025634765625,9.178958892822266,-11.264835357666016,-10.106689453125,16.866331100463867,-1.9189682006835938,-9.32781982421875,12.88032054901123,-26.318613052368164,32.12886047363281,-50.53342056274414,-27.709064483642578,18.363082885742188,-30.612884521484375,-23.419187545776367,1.6423187255859375,12.634197235107422,-2.5480880737304688,-5.3101043701171875,16.604721069335938,-24.758512496948242,20.83770751953125,-49.00784683227539,-25.909255981445312,13.20367431640625,-30.150901794433594,-22.367462158203125,3.43341064453125,12.745498657226562,-1.67547607421875,-3.0725860595703125,17.16394805908203,-21.45346450805664,12.127449035644531,-48.45714569091797,-22.416454315185547,-0.8324737548828125,-24.408802032470703,-15.861058235168457,5.495361328125,7.38128662109375,-2.1801986694335938,4.31109619140625,15.421287536621094
643309,1972-12-02 13:54:25,-34.13218307495117,25.657852172851562,-19.154951095581055,-26.373441696166992,1.718414306640625,-17.98126220703125,-7.286643981933594,-18.926177978515625,-8.375777244567871,-26.217239379882812,41.57472229003906,-48.39143753051758,-39.04279327392578,2.873870849609375,9.477167129516602,-11.216070175170898,-9.865798950195312,17.040546417236328,-1.8967094421386719,-9.2034912109375,12.972733497619629,-26.455368041992188,31.942367553710938,-50.5802116394043,-27.770885467529297,18.329681396484375,-30.576866149902344,-23.315256118774414,1.9691009521484375,12.778892517089844,-2.4795265197753906,-5.1344757080078125,16.670207977294922,-24.98155975341797,20.650863647460938,-48.97373962402344,-26.036128997802734,13.019790649414062,-30.12154769897461,-22.244155883789062,3.744720458984375,12.87298583984375,-1.5501594543457031,-2.85736083984375,17.21282958984375,-21.748435974121094,11.916610717773438,-48.377899169921875,-22.498889923095703,-1.1218719482421875,-24.321216583251953,-15.7924222946167,5.6787109375,7.3896636962890625,-1.9994430541992188,4.5374755859375,15.380786895751953
643312,1972-12-02 13:55:38,-34.16753387451172,25.584075927734375,-19.19058609008789,-26.418054580688477,1.7575836181640625,-17.911853790283203,-7.333230972290039,-18.947433471679688,-8.286617279052734,-26.26361846923828,41.47822570800781,-48.44908142089844,-39.01142120361328,2.9849700927734375,9.571540832519531,-11.192489624023438,-9.788772583007812,17.100360870361328,-1.8825302124023438,-9.158950805664062,13.006279945373535,-26.527305603027344,31.839630126953125,-50.60730743408203,-27.756824493408203,18.259170532226562,-30.631763458251953,-23.31863021850586,2.0962677001953125,12.752479553222656,-2.516094207763672,-5.0442047119140625,16.69226837158203,-25.072154998779297,20.550140380859375,-48.96980285644531,-26.064863204956055,12.8509521484375,-30.169170379638672,-22.240095138549805,3.8543243408203125,12.847633361816406,-1.5589675903320312,-2.739044189453125,17.23125457763672,-21.855228424072266,11.811195373535156,-48.355621337890625,-22.49190902709961,-1.358642578125,-24.315601348876953,-15.809971809387207,5.7149810791015625,7.323883056640625,-2.009368896484375,4.6632080078125,15.341835021972656
643315,1972-12-02 13:56:48,-34.24728012084961,25.458404541015625,-19.215530395507812,-26.45416259765625,1.765869140625,-17.857666015625,-7.314176559448242,-18.985000610351562,-8.21716594696045,-26.354129791259766,41.408416748046875,-48.45962905883789,-38.991371154785156,3.0103759765625,9.644996643066406,-11.161840438842773,-9.758468627929688,17.137685775756836,-1.8598709106445312,-9.1378173828125,13.024377822875977,-26.624374389648438,31.76654052734375,-50.60226058959961,-27.779542922973633,18.1903076171875,-30.652141571044922,-23.327539443969727,2.1549530029296875,12.72637939453125,-2.5512161254882812,-4.987091064453125,16.7041015625,-25.168333053588867,20.47930908203125,-48.950138092041016,-26.08582305908203,12.699020385742188,-30.21535873413086,-22.25655746459961,3.9062347412109375,12.803375244140625,-1.5850906372070312,-2.654327392578125,17.24213409423828,-21.952068328857422,11.740592956542969,-48.32893753051758,-22.4942684173584,-1.533355712890625,-24.303024291992188,-15.83655071258545,5.713348388671875,7.26751708984375,-2.051433563232422,4.7443389892578125,15.31136703491211
643318,1972-12-02 13:57:59,-34.37193298339844,25.211624145507812,-19.318069458007812,-26.45969581604004,1.8243560791015625,-17.843582153320312,-7.234092712402344,-19.031692504882812,-8.179967880249023,-26.348308563232422,41.47511291503906,-48.405738830566406,-38.986595153808594,3.023468017578125,9.660215377807617,-11.163431167602539,-9.769515991210938,17.130342483520508,-1.8622970581054688,-9.150390625,13.015213966369629,-26.624713897705078,31.835678100585938,-50.558616638183594,-27.782005310058594,18.223831176757812,-30.629981994628906,-23.339672088623047,2.1712493896484375,12.701335906982422,-2.5930824279785156,-4.9847412109375,16.698352813720703,-25.174392700195312,20.545867919921875,-48.91912078857422,-26.062963485717773,12.704864501953125,-30.232624053955078,-22.27617645263672,3.92120361328125,12.764617919921875,-1.6221389770507812,-2.6456451416015625,17.240020751953125,-21.96279525756836,11.804710388183594,-48.30844497680664,-22.457542419433594,-1.6209869384765625,-24.331287384033203,-15.876012802124023,5.6968841552734375,7.1939849853515625,-2.131715774536133,4.7824859619140625,15.288509368896484
643321,1972-12-02 13:59:10,-34.43513870239258,25.111083984375,-19.336469650268555,-26.45545768737793,1.909820556640625,-17.840923309326172,-7.151067733764648,-19.060958862304688,-8.184789657592773,-26.351022720336914,41.5980224609375,-48.29867172241211,-38.989463806152344,2.98846435546875,9.65951919555664,-11.165945053100586,-9.817596435546875,17.101200103759766,-1.8639717102050781,-9.185516357421875,12.990198135375977,-26.624420166015625,31.96435546875,-50.47751998901367,-27.734439849853516,18.289154052734375,-30.634151458740234,-23.37533950805664,2.162353515625,12.637088775634766,-2.654827117919922,-5.00836181640625,16.68157196044922,-25.17131996154785,20.670547485351562,-48.86814880371094,-26.037220001220703,12.74249267578125,-30.238967895507812,-22.301467895507812,3.8943939208984375,12.728614807128906,-1.6579246520996094,-2.6701507568359375,17.232833862304688,-21.957447052001953,11.92864990234375,-48.280418395996094,-22.450641632080078,-1.5993804931640625,-24.33908462524414,-15.892204284667969,5.6677093505859375,7.181266784667969,-2.168893814086914,4.759857177734375,15.290340423583984
643324,1972-12-02 14:00:24,-34.52637481689453,24.992889404296875,-19.326885223388672,-26.446063995361328,1.924468994140625,-17.853275299072266,-7.023775100708008,-19.095718383789062,-8.213977813720703,-26.427459716796875,41.68194580078125,-48.18442153930664,-39.00615310668945,2.8485260009765625,9.634389877319336,-11.154624938964844,-9.904067993164062,17.058666229248047,-1.8507575988769531,-9.232986450195312,12.95840835571289,-26.671890258789062,32.05474853515625,-50.39507293701172,-27.72315216064453,18.318511962890625,-30.626834869384766,-23.405574798583984,2.068572998046875,12.59676742553711,-2.673084259033203,-5.0670928955078125,16.660911560058594,-25.188343048095703,20.759857177734375,-48.821495056152344,-26.02516746520996,12.729324340820312,-30.254878997802734,-22.336734771728516,3.798187255859375,12.69580078125,-1.6773529052734375,-2.714111328125,17.22408676147461,-21.950359344482422,12.025146484375,-48.259700775146484,-22.432632446289062,-1.6014251708984375,-24.355545043945312,-15.918002128601074,5.597381591796875,7.179283142089844,-2.2074413299560547,4.7136383056640625,15.299140930175781
643327,1972-12-02 14:01:38,-34.627288818359375,24.853591918945312,-19.325992584228516,-26.453777313232422,1.9270477294921875,-17.84156036376953,-6.878150939941406,-19.160812377929688,-8.185565948486328,-26.530244827270508,41.71044921875,-48.10320281982422,-39.010765075683594,2.7453155517578125,9.645673751831055,-11.130937576293945,-9.959075927734375,17.04210662841797,-1.8291778564453125,-9.260345458984375,12.94193172454834,-26.753633499145508,32.08677673339844,-50.331321716308594,-27.757715225219727,18.317672729492188,-30.59600830078125,-23.411479949951172,1.9973297119140625,12.597293853759766,-2.6634292602539062,-5.1035919189453125,16.651309967041016,-25.24455451965332,20.792373657226562,-48.77860641479492,-26.035757064819336,12.687454223632812,-30.263362884521484,-22.345008850097656,3.726348876953125,12.702529907226562,-1.6504783630371094,-2.740509033203125,17.22249984741211,-21.986967086791992,12.063919067382812,-48.23335266113281,-22.453693389892578,-1.620269775390625,-24.334888458251953,-15.9241943359375,5.549468994140625,7.2027130126953125,-2.2075023651123047,4.687652587890625,15.307113647460938
643330,1972-12-02 14:02:51,-34.6290397644043,24.771331787109375,-19.428197860717773,-26.431745529174805,2.0243682861328125,-17.863426208496094,-6.784833908081055,-19.216629028320312,-8.132390975952148,-26.37035369873047,41.826629638671875,-48.09022521972656,-39.01322937011719,2.8418731689453125,9.607677459716797,-11.176397323608398,-9.94451904296875,17.020849227905273,-1.8684616088867188,-9.267333984375,12.931304931640625,-26.617233276367188,32.20570373535156,-50.32768249511719,-27.59703254699707,18.437973022460938,-30.669021606445312,-23.425661087036133,2.0553131103515625,12.561546325683594,-2.672679901123047,-5.1236572265625,16.643665313720703,-25.13991355895996,20.905853271484375,-48.78414535522461,-25.962902069091797,12.766372680664062,-30.29275131225586,-22.34571075439453,3.77264404296875,12.6876220703125,-1.6601638793945312,-2.749725341796875,17.220096588134766,-21.906219482421875,12.168205261230469,-48.243892669677734,-22.45233726501465,-1.57073974609375,-24.339385986328125,-15.910595893859863,5.5855865478515625,7.2048492431640625,-2.1934452056884766,4.6914520263671875,15.307971954345703
643333,1972-12-02 14:04:03,-34.71407699584961,24.636306762695312,-19.448102951049805,-26.449623107910156,2.0703125,-17.8316707611084,-6.649263381958008,-19.295028686523438,-8.058429718017578,-26.373798370361328,41.94610595703125,-47.984161376953125,-38.998069763183594,2.87713623046875,9.65858268737793,-11.170465469360352,-9.959197998046875,17.01616096496582,-1.8663921356201172,-9.2874755859375,12.917144775390625,-26.635990142822266,32.3294677734375,-50.238319396972656,-27.457624435424805,18.56280517578125,-30.718807220458984,-23.434457778930664,2.0912017822265625,12.539203643798828,-2.6573944091796875,-5.16064453125,16.634681701660156,-25.171602249145508,21.024993896484375,-48.71656036376953,-25.948062896728516,12.82476806640625,-30.280792236328125,-22.32473373413086,3.7787322998046875,12.722686767578125,-1.6139163970947266,-2.7767791748046875,17.22015380859375,-21.94870376586914,12.282180786132812,-48.1956787109375,-22.501529693603516,-1.5487213134765625,-24.295330047607422,-15.887962341308594,5.5935821533203125,7.2484588623046875,-2.1448631286621094,4.684295654296875,15.317047119140625
643336,1972-12-02 14:05:15,-34.67155456542969,24.8497314453125,-19.251445770263672,-26.470823287963867,2.3088226318359375,-17.770816802978516,-6.697206497192383,-19.23919677734375,-8.151659965515137,-26.298200607299805,42.35711669921875,-47.66352844238281,-38.97149658203125,2.95794677734375,9.741083145141602,-11.180606842041016,-10.028961181640625,16.968454360961914,-1.880685806274414,-9.365005493164062,12.858973503112793,-26.59951400756836,32.75653076171875,-49.980342864990234,-27.21238136291504,18.916458129882812,-30.721298217773438,-23.443761825561523,2.1348419189453125,12.51443862915039,-2.642017364501953,-5.2779541015625,16.600292205810547,-25.174253463745117,21.436996459960938,-48.53529357910156,-25.850677490234375,13.0687255859375,-30.259777069091797,-22.312265396118164,3.791351318359375,12.740798950195312,-1.5839653015136719,-2.872589111328125,17.20721435546875,-21.982715606689453,12.679176330566406,-48.07722854614258,-22.542348861694336,-1.3760528564453125,-24.267864227294922,-15.855578422546387,5.6016845703125,7.3128204345703125,-2.0824661254882812,4.6121978759765625,15.34750747680664
643339,1972-12-02 14:06:25,-34.63729476928711,25.069122314453125,-19.02737808227539,-26.508756637573242,2.5411224365234375,-17.68235969543457,-6.787233352661133,-19.168746948242188,-8.242685317993164,-26.267866134643555,42.72657775878906,-47.34946823120117,-38.934967041015625,3.0449676513671875,9.859615325927734,-11.17422103881836,-10.084976196289062,16.939434051513672,-1.8825435638427734,-9.431747436523438,12.809823989868164,-26.610393524169922,33.140655517578125,-49.72065353393555,-27.07550811767578,19.247299194335938,-30.63662338256836,-23.416301727294922,2.1637725830078125,12.560787200927734,-2.588886260986328,-5.3908538818359375,16.572357177734375,-25.222797393798828,21.807861328125,-48.34449768066406,-25.799503326416016,13.296890258789062,-30.203994750976562,-22.292362213134766,3.8172607421875,12.767868041992188,-1.5630645751953125,-2.9500885009765625,17.19601058959961,-22.062149047851562,13.035964965820312,-47.94524002075195,-22.566844940185547,-1.2985992431640625,-24.24936294555664,-15.832691192626953,5.6080780029296875,7.357383728027344,-2.016389846801758,4.574432373046875,15.367618560791016
643342,1972-12-02 14:07:34,-34.62321472167969,25.187255859375,-18.89654541015625,-26.539016723632812,2.8200531005859375,-17.594465255737305,-6.877241134643555,-19.11077880859375,-8.302446365356445,-26.266996383666992,42.93023681640625,-47.16537857055664,-38.90834426879883,3.103057861328125,9.946222305297852,-11.164194107055664,-10.111083984375,16.930484771728516,-1.87921142578125,-9.466476440429688,12.784672737121582,-26.63582992553711,33.3524169921875,-49.56519317626953,-27.005680084228516,19.436325073242188,-30.578857421875,-23.39493179321289,2.1881561279296875,12.596336364746094,-2.55364990234375,-5.45166015625,16.55792999267578,-25.27092933654785,22.01239013671875,-48.226531982421875,-25.77411460876465,13.417388916015625,-30.172367095947266,-22.282602310180664,3.84429931640625,12.77679443359375,-1.5587654113769531,-2.983367919921875,17.190658569335938,-22.12919807434082,13.232254028320312,-47.860496520996094,-22.61019515991211,-1.22479248046875,-24.212791442871094,-15.811909675598145,5.6173858642578125,7.394866943359375,-1.978668212890625,4.5495147705078125,15.379913330078125
643345,1972-12-02 14:08:44,-34.670867919921875,25.185470581054688,-18.811342239379883,-26.571142196655273,2.921905517578125,-17.52923583984375,-6.890842437744141,-19.098617553710938,-8.319137573242188,-26.352237701416016,43.013092041015625,-47.04218292236328,-38.88971710205078,3.089385986328125,10.02303695678711,-11.134588241577148,-10.138885498046875,16.933361053466797,-1.857147216796875,-9.488128662109375,12.771828651428223,-26.72617530822754,33.43943786621094,-49.45780563354492,-27.00074577331543,19.510574340820312,-30.53589630126953,-23.384010314941406,2.1820831298828125,12.61764907836914,-2.5307464599609375,-5.48406982421875,16.550735473632812,-25.359516143798828,22.097030639648438,-48.141239166259766,-25.719894409179688,13.43756103515625,-30.209640502929688,-22.29863739013672,3.85052490234375,12.746902465820312,-1.5597820281982422,-2.995025634765625,17.18853759765625,-22.217679977416992,13.316093444824219,-47.796207427978516,-22.63280487060547,-1.2272796630859375,-24.191532135009766,-15.809346199035645,5.601104736328125,7.412681579589844,-1.961883544921875,4.5379638671875,15.38547134399414
643349,1972-12-02 14:10:17,-34.75360870361328,25.041671752929688,-18.850597381591797,-26.589637756347656,2.8789825439453125,-17.50827980041504,-6.849903106689453,-19.131484985351562,-8.27733039855957,-26.4781494140625,42.882598876953125,-47.09058380126953,-38.888671875,3.025482177734375,10.046546936035156,-11.102121353149414,-10.1341552734375,16.957489013671875,-1.8290252685546875,-9.47125244140625,12.788408279418945,-26.833925247192383,33.304351806640625,-49.49060821533203,-27.026718139648438,19.420013427734375,-30.570632934570312,-23.388145446777344,2.1636962890625,12.613147735595703,-2.5155467987060547,-5.4649200439453125,16.55938720703125,-25.44255256652832,21.966934204101562,-48.15696334838867,-25.65652847290039,13.2706298828125,-30.337039947509766,-22.362438201904297,3.867401123046875,12.629486083984375,-1.6289424896240234,-2.925262451171875,17.194141387939453,-22.282102584838867,13.193138122558594,-47.80031204223633,-22.597036361694336,-1.3762664794921875,-24.216938018798828,-15.842220306396484,5.5706939697265625,7.3652496337890625,-1.9996585845947266,4.57958984375,15.368270874023438
643352,1972-12-02 14:11:29,-34.79840850830078,24.947509765625,-18.892759323120117,-26.619447708129883,2.8935546875,-17.460512161254883,-6.854639053344727,-19.164932250976562,-8.195600509643555,-26.557600021362305,42.73126220703125,-47.183326721191406,-38.87110900878906,3.0616302490234375,10.10342025756836,-11.07438850402832,-10.07769775390625,17.009191513061523,-1.8083724975585938,-9.429351806640625,12.822266578674316,-26.918149948120117,33.145294189453125,-49.551612854003906,-27.082199096679688,19.33270263671875,-30.57686996459961,-23.36618423461914,2.206787109375,12.646347045898438,-2.4922866821289062,-5.4129791259765625,16.57994842529297,-25.5251522064209,21.812164306640625,-48.18359375,-25.69785499572754,13.141265869140625,-30.35837173461914,-22.355810165405273,3.919586181640625,12.625129699707031,-1.6251640319824219,-2.8500518798828125,17.207122802734375,-22.364625930786133,13.039360046386719,-47.80397033691406,-22.602596282958984,-1.4673919677734375,-24.206398010253906,-15.849688529968262,5.5896148681640625,7.3347930908203125,-2.0142822265625,4.6357574462890625,15.349506378173828
643355,1972-12-02 14:12:42,-34.831417083740234,24.902069091796875,-18.89187240600586,-26.651187896728516,2.956207275390625,-17.401500701904297,-6.8580169677734375,-19.191726684570312,-8.129842758178711,-26.619802474975586,42.665008544921875,-47.20822525024414,-38.84877014160156,3.1100616455078125,10.17428207397461,-11.049123764038086,-10.037750244140625,17.049184799194336,-1.7908458709716797,-9.404388427734375,12.843046188354492,-26.992225646972656,33.07499694824219,-49.558284759521484,-27.115310668945312,19.31109619140625,-30.561176300048828,-23.342775344848633,2.251495361328125,12.681640625,-2.4694766998291016,-5.3837432861328125,16.592880249023438,-25.604951858520508,21.743362426757812,-48.17235565185547,-25.738422393798828,13.074874877929688,-30.35266876220703,-22.34243392944336,3.96844482421875,12.633544921875,-1.617532730102539,-2.7994537353515625,17.216148376464844,-22.450218200683594,12.968894958496094,-47.783016204833984,-22.58636474609375,-1.5635528564453125,-24.215526580810547,-15.880293846130371,5.5982208251953125,7.261665344238281,-2.0849456787109375,4.6971282958984375,15.321388244628906
