642557,1972-12-02 10:15:43,18.363746643066406,-0.7903900146484375,-43.03942108154297,-9.632999420166016,4.9195709228515625,-30.080562591552734,-17.370193481445312,5.284576416015625,-12.320663452148438,6.255954742431641,27.263473510742188,-63.04839324951172,-19.661392211914062,-27.497344970703125,-21.902999877929688,-5.796267986297607,-13.17822265625,17.500072479248047,1.2000784873962402,-1.407135009765625,15.911417007446289,-1.7868900299072266,30.088394165039062,-58.05217742919922,-16.30691909790039,-31.4771728515625,-28.025279998779297,-2.3951454162597656,-18.789459228515625,18.761600494384766,2.662222385406494,-2.68341064453125,17.208097457885742,-9.289552688598633,30.459609985351562,-49.34449768066406,-13.162904739379883,-31.160507202148438,-24.707557678222656,0.997161865234375,-18.917770385742188,17.76692008972168,3.849055290222168,-3.5840606689453125,16.70892906188965,-13.97411060333252,32.2498779296875,-41.47397994995117,-5.783327102661133,-24.724807739257812,-21.312381744384766,2.2322235107421875,-13.675750732421875,12.010269165039062,3.3614139556884766,-3.7866668701171875,15.346561431884766
642563,1972-12-02 10:16:50,18.634475708007812,-1.285003662109375,-42.91093826293945,-9.860122680664062,2.4122314453125,-30.311655044555664,-17.711986541748047,2.965972900390625,-12.607051849365234,4.05755615234375,24.415420532226562,-64.38133239746094,-16.55859375,-29.491104125976562,-21.874717712402344,-4.981027603149414,-13.417083740234375,17.56945037841797,1.0593047142028809,-0.8542938232421875,15.960624694824219,-4.248584747314453,26.721450805664062,-59.552268981933594,-13.013160705566406,-31.52587890625,-29.646591186523438,-1.5474414825439453,-19.861831665039062,17.716999053955078,2.4566962718963623,-2.8577423095703125,17.210594177246094,-11.808950424194336,26.83251953125,-50.88739776611328,-10.776019096374512,-29.188995361328125,-28.04607391357422,1.7580890655517578,-20.215972900390625,16.209964752197266,3.8943538665771484,-3.5547943115234375,16.70468521118164,-16.69268798828125,28.577865600585938,-43.12865447998047,-3.8537120819091797,-24.539031982421875,-21.953706741333008,3.5150489807128906,-13.240432739257812,12.189777374267578,3.740154266357422,-2.46002197265625,15.527864456176758
642569,1972-12-02 10:17:55,18.886642456054688,-2.508697509765625,-42.74628448486328,-9.698041915893555,1.4262771606445312,-30.426158905029297,-17.654056549072266,2.484039306640625,-12.791122436523438,4.303962707519531,22.442108154296875,-65.07965087890625,-15.129327774047852,-27.06585693359375,-25.70911407470703,-6.15339994430542,-15.07708740234375,15.758544921875,0.37485551834106445,-1.7020263671875,15.923442840576172,-4.041257858276367,24.852462768554688,-60.370384216308594,-12.411962509155273,-29.061325073242188,-32.30366516113281,-2.391362190246582,-21.061508178710938,16.170127868652344,2.0391154289245605,-3.4125137329101562,17.164016723632812,-11.651683807373047,25.190902709960938,-51.7553825378418,-10.78649616241455,-27.569854736328125,-29.635406494140625,1.3110523223876953,-20.8372802734375,15.44759750366211,3.7451343536376953,-3.583953857421875,16.73255157470703,-16.58858871459961,27.14886474609375,-44.08149719238281,-4.600795745849609,-22.3775634765625,-24.022016525268555,3.6335926055908203,-14.037979125976562,11.224422454833984,3.985729217529297,-2.5399932861328125,15.453718185424805
642574,1972-12-02 10:18:47,18.675060272216797,-3.553802490234375,-42.76512908935547,-9.808349609375,0.9602584838867188,-30.409069061279297,-17.67679214477539,2.4511566162109375,-12.766044616699219,4.298017501831055,21.138717651367188,-65.51499938964844,-14.767509460449219,-25.34075927734375,-27.60763931274414,-6.84855842590332,-15.783103942871094,14.748062133789062,0.11681556701660156,-2.0911941528320312,15.881019592285156,-3.9978580474853516,23.739089965820312,-60.81966781616211,-12.608892440795898,-27.31060791015625,-33.72373962402344,-3.0863404273986816,-21.639930725097656,15.263229370117188,1.8601436614990234,-3.6972274780273438,17.125335693359375,-11.56733512878418,24.33404541015625,-52.18251037597656,-11.333510398864746,-27.105865478515625,-29.858444213867188,1.0169353485107422,-20.831710815429688,15.477230072021484,3.7815723419189453,-3.3389739990234375,16.774978637695312,-16.44809341430664,26.49786376953125,-44.528018951416016,-5.450273513793945,-21.473617553710938,-24.660865783691406,3.58624267578125,-14.369735717773438,10.812278747558594,4.205076217651367,-2.586395263671875,15.387752532958984
642586,1972-12-02 10:20:54,19.4193115234375,-5.129096984863281,-42.270870208740234,-9.36709976196289,-0.8457794189453125,-30.551258087158203,-17.543212890625,1.2901458740234375,-13.115653991699219,4.687383651733398,17.9647216796875,-66.42913818359375,-13.08725357055664,-24.372886657714844,-29.27629852294922,-6.787785053253174,-16.689308166503906,13.744361877441406,-0.05093647539615631,-2.3285446166992188,15.84830093383789,-3.7503952980041504,20.550399780273438,-61.98528289794922,-10.851751327514648,-25.522628784179688,-35.678829193115234,-3.341893196105957,-22.40430450439453,14.059074401855469,1.4605512619018555,-3.7382049560546875,17.155155181884766,-11.464649200439453,21.351837158203125,-53.49414825439453,-10.447444915771484,-24.7247314453125,-32.15962600708008,0.5835247039794922,-21.922775268554688,13.913681030273438,3.444978713989258,-3.7055282592773438,16.77051544189453,-16.521696090698242,23.749755859375,-46.02611541748047,-5.646217346191406,-19.535308837890625,-26.181522369384766,3.78167724609375,-15.1258544921875,9.652099609375,4.384307861328125,-2.8887405395507812,15.283584594726562
642589,1972-12-02 10:21:31,19.30166244506836,-5.07098388671875,-42.331722259521484,-9.458776473999023,-0.8595809936523438,-30.52261734008789,-17.586406707763672,1.251983642578125,-13.061386108398438,4.440666198730469,17.994415283203125,-66.43805694580078,-13.059762954711914,-23.671669006347656,-29.858177185058594,-6.703783988952637,-17.052589416503906,13.333526611328125,0.04754137992858887,-2.5984725952148438,15.80630111694336,-3.9895739555358887,20.5587158203125,-61.96759033203125,-10.808623313903809,-24.8946533203125,-36.13273239135742,-3.3687334060668945,-22.661422729492188,13.6341552734375,1.4603042602539062,-3.9543914794921875,17.106639862060547,-11.679621696472168,21.339385986328125,-53.452598571777344,-10.501092910766602,-24.647125244140625,-32.20169448852539,0.6868228912353516,-21.925338745117188,13.904945373535156,3.519195556640625,-3.657562255859375,16.765636444091797,-16.719423294067383,23.72314453125,-45.96839904785156,-5.841312408447266,-19.083267211914062,-26.470508575439453,3.8333168029785156,-15.278884887695312,9.387069702148438,4.4796295166015625,-3.0141754150390625,15.231632232666016
642593,1972-12-02 10:22:26,19.11037254333496,-5.134452819824219,-42.41078567504883,-9.605854034423828,-0.9850234985351562,-30.472850799560547,-17.654647827148438,1.1521453857421875,-12.978256225585938,4.0520830154418945,17.806427001953125,-66.51349639892578,-13.038570404052734,-22.86542510986328,-30.48908233642578,-6.6202392578125,-17.479019165039062,12.812919616699219,0.14600872993469238,-2.9394760131835938,15.745841979980469,-4.36478328704834,20.355621337890625,-62.00932693481445,-10.842894554138184,-24.427215576171875,-36.4401741027832,-3.344405174255371,-22.907447814941406,13.222801208496094,1.49072265625,-4.204437255859375,17.044269561767578,-12.015466690063477,21.1361083984375,-53.458927154541016,-10.629066467285156,-24.129486083984375,-32.54987335205078,0.7282772064208984,-22.11408233642578,13.600593566894531,3.6012744903564453,-3.7418289184570312,16.729572296142578,-17.026512145996094,23.525527954101562,-45.95724105834961,-6.067630767822266,-18.684112548828125,-26.70333480834961,3.898468017578125,-15.405899047851562,9.149620056152344,4.593952178955078,-3.0932159423828125,15.181655883789062
642597,1972-12-02 10:23:26,18.469356536865234,-5.959342956542969,-42.5865364074707,-10.045425415039062,-1.4164047241210938,-30.313701629638672,-17.82965087890625,1.0621795654296875,-12.744583129882812,3.2231884002685547,16.688308715820312,-66.8479232788086,-13.588960647583008,-22.44501495361328,-30.561038970947266,-6.584012031555176,-17.604568481445312,12.658760070800781,0.3711252212524414,-3.035186767578125,15.723976135253906,-5.111386299133301,19.369064331054688,-62.26775360107422,-11.467050552368164,-24.182220458984375,-36.41250991821289,-3.445857048034668,-22.980987548828125,13.068222045898438,1.63934326171875,-4.2712554931640625,17.01398468017578,-12.634069442749023,20.342208862304688,-53.62404251098633,-11.307144165039062,-23.8729248046875,-32.51054382324219,0.63250732421875,-22.181472778320312,13.495231628417969,3.783313751220703,-3.7244720458984375,16.693225860595703,-17.521608352661133,22.88861083984375,-46.09257507324219,-6.765148162841797,-18.451171875,-26.69770050048828,3.8572998046875,-15.516166687011719,8.979179382324219,4.815761566162109,-3.1178512573242188,15.10769271850586
642601,1972-12-02 10:24:33,17.71823501586914,-6.252998352050781,-42.86266326904297,-10.561651229858398,-1.5019912719726562,-30.133583068847656,-18.035869598388672,1.0986328125,-12.447868347167969,2.184825897216797,16.363937377929688,-66.97000885009766,-14.209114074707031,-21.81293487548828,-30.736167907714844,-6.480072975158691,-17.801841735839844,12.434539794921875,0.6585936546325684,-3.2209243774414062,15.677536010742188,-6.057274341583252,19.11004638671875,-62.2629508972168,-12.192306518554688,-24.127426147460938,-36.21268844604492,-3.3415699005126953,-22.90331268310547,13.230674743652344,1.9265727996826172,-4.134269714355469,17.017723083496094,-13.428157806396484,20.16290283203125,-53.49864959716797,-12.001335144042969,-23.795913696289062,-32.317569732666016,0.731414794921875,-22.163955688476562,13.519004821777344,4.053178787231445,-3.6725311279296875,16.641311645507812,-18.174776077270508,22.76983642578125,-45.898075103759766,-7.4639739990234375,-18.182968139648438,-26.69548797607422,3.9226760864257812,-15.617889404296875,8.772079467773438,5.105712890625,-3.1963729858398438,14.995662689208984
642603,1972-12-02 10:25:09,17.56097984313965,-6.4383087158203125,-42.89992904663086,-10.66183853149414,-1.5516433715820312,-30.095760345458984,-18.071094512939453,1.126007080078125,-12.39422607421875,2.030742645263672,16.163482666015625,-67.02351379394531,-14.40139389038086,-21.71007537841797,-30.719505310058594,-6.4810380935668945,-17.78620147705078,12.456390380859375,0.7349185943603516,-3.1963043212890625,15.679191589355469,-6.186820983886719,18.951980590820312,-62.298519134521484,-12.383193016052246,-24.0869140625,-36.174861907958984,-3.3673954010009766,-22.83838653564453,13.335945129394531,1.9910831451416016,-4.015220642089844,17.038787841796875,-13.526297569274902,20.05584716796875,-53.51416015625,-12.206363677978516,-23.692001342773438,-32.3171272277832,0.6793785095214844,-22.17389678955078,13.505393981933594,4.097164154052734,-3.6588516235351562,16.63355255126953,-18.239774703979492,22.701263427734375,-45.90625762939453,-7.661899566650391,-18.170120239257812,-26.64812469482422,3.913707733154297,-15.628005981445312,8.75808334350586,5.171283721923828,-3.1942367553710938,14.9736328125
642606,1972-12-02 10:26:07,17.37881088256836,-6.916755676269531,-42.89963912963867,-10.76819896697998,-1.7259979248046875,-30.048358917236328,-18.10213851928711,1.1502304077148438,-12.346611022949219,1.9304485321044922,15.59295654296875,-67.16149139404297,-14.71609878540039,-21.663352966308594,-30.603126525878906,-6.504894256591797,-17.696212768554688,12.57159423828125,0.8463325500488281,-3.08984375,15.694900512695312,-6.2523088455200195,18.478179931640625,-62.43416976928711,-12.651576042175293,-24.188690185546875,-36.013736724853516,-3.469015121459961,-22.67511749267578,13.586143493652344,2.0480270385742188,-3.7810134887695312,17.085556030273438,-13.555872917175293,19.706329345703125,-53.63638687133789,-12.497840881347656,-23.661224365234375,-32.2281494140625,0.5384063720703125,-22.131866455078125,13.580520629882812,4.126811981201172,-3.5822830200195312,16.642887115478516,-18.226472854614258,22.447723388671875,-46.03602981567383,-7.949089050292969,-18.227096557617188,-26.52480697631836,3.8526382446289062,-15.621292114257812,8.797046661376953,5.237255096435547,-3.149505615234375,14.960174560546875
642609,1972-12-02 10:27:06,17.22771644592285,-7.120292663574219,-42.92727279663086,-10.862051010131836,-1.7821731567382812,-30.01128387451172,-18.13355827331543,1.17864990234375,-12.297714233398438,1.793482780456543,15.36920166015625,-67.21685028076172,-14.9678955078125,-21.52478790283203,-30.578765869140625,-6.459184169769287,-17.679824829101562,12.618133544921875,0.9787273406982422,-3.0447311401367188,15.696022033691406,-6.3645758628845215,18.300430297851562,-62.475162506103516,-12.840768814086914,-24.181015014648438,-35.95186996459961,-3.492002487182617,-22.58417510986328,13.730972290039062,2.1169376373291016,-3.6288528442382812,17.110130310058594,-13.63782787322998,19.584426879882812,-53.660255432128906,-12.686347961425781,-23.649688720703125,-32.16288757324219,0.4906806945800781,-22.10033416748047,13.633567810058594,4.165809631347656,-3.5329360961914062,16.643718719482422,-18.275941848754883,22.367874145507812,-46.0552864074707,-8.153823852539062,-18.20806884765625,-26.47567367553711,3.8395957946777344,-15.633712768554688,8.780677795410156,5.303314208984375,-3.1500091552734375,14.936775207519531
642612,1972-12-02 10:28:07,17.17633056640625,-7.209320068359375,-42.933006286621094,-10.892252922058105,-1.8036727905273438,-29.999046325683594,-18.142515182495117,1.1941604614257812,-12.283012390136719,1.7601938247680664,15.274520874023438,-67.23930358886719,-15.132621765136719,-21.452415466308594,-30.54853057861328,-6.39163875579834,-17.668121337890625,12.6688232421875,1.086507797241211,-3.0047760009765625,15.696632385253906,-6.388364791870117,18.226715087890625,-62.49428176879883,-12.901793479919434,-24.123641967773438,-35.96855926513672,-3.5012264251708984,-22.523941040039062,13.82720947265625,2.156766891479492,-3.4989852905273438,17.13219451904297,-13.651373863220215,19.535629272460938,-53.67459487915039,-12.758064270019531,-23.653549194335938,-32.13166046142578,0.46709442138671875,-22.076820373535156,13.672439575195312,4.178386688232422,-3.4979400634765625,16.647960662841797,-18.27767562866211,22.337661743164062,-46.06925964355469,-8.257354736328125,-18.20697021484375,-26.44432830810547,3.851581573486328,-15.633224487304688,8.77627182006836,5.347469329833984,-3.1405181884765625,14.923030853271484
642616,1972-12-02 10:29:36,17.124902725219727,-7.3143463134765625,-42.935787200927734,-10.924293518066406,-1.84967041015625,-29.984588623046875,-18.15330696105957,1.1917037963867188,-12.267288208007812,1.7114286422729492,15.140060424804688,-67.27096557617188,-15.283662796020508,-21.365753173828125,-30.534072875976562,-6.321571350097656,-17.674240112304688,12.695404052734375,1.1909551620483398,-2.9810791015625,15.693572998046875,-6.428863525390625,18.111328125,-62.5236701965332,-12.954801559448242,-24.08355712890625,-35.976375579833984,-3.501880645751953,-22.473060607910156,13.909591674804688,2.195110321044922,-3.3852615356445312,17.150161743164062,-13.681509017944336,19.4462890625,-53.69935607910156,-12.818609237670898,-23.717636108398438,-32.06025314331055,0.4723167419433594,-22.022323608398438,13.759857177734375,4.2013092041015625,-3.4216384887695312,16.65804672241211,-18.296878814697266,22.268814086914062,-46.09495544433594,-8.342941284179688,-18.243255615234375,-26.392410278320312,3.8713912963867188,-15.620269775390625,8.790611267089844,5.39013671875,-3.1150970458984375,14.913002014160156
642618,1972-12-02 10:30:24,17.10462188720703,-7.3565216064453125,-42.93666458129883,-10.936561584472656,-1.8658294677734375,-29.979122161865234,-18.15719223022461,1.1930389404296875,-12.261405944824219,1.6951045989990234,15.088546752929688,-67.28294372558594,-15.341262817382812,-21.331771850585938,-30.528945922851562,-6.30118465423584,-17.678001403808594,12.700302124023438,1.2254400253295898,-2.9778594970703125,15.691535949707031,-6.44168758392334,18.068115234375,-62.53485107421875,-12.977327346801758,-24.033004760742188,-36.002052307128906,-3.5179519653320312,-22.480545043945312,13.8934326171875,2.199483871459961,-3.3840179443359375,17.14984893798828,-13.690260887145996,19.413925170898438,-53.708839416503906,-12.844852447509766,-23.73681640625,-32.035552978515625,0.4695701599121094,-22.005088806152344,13.787490844726562,4.2086334228515625,-3.3984375,16.66094207763672,-18.301149368286133,22.244842529296875,-46.10483932495117,-8.394561767578125,-18.270034790039062,-26.357501983642578,3.8975296020507812,-15.608535766601562,8.799911499023438,5.424167633056641,-3.0958938598632812,14.904659271240234
642621,1972-12-02 10:31:38,17.017297744750977,-7.557411193847656,-42.93647384643555,-10.994074821472168,-1.9821395874023438,-29.950603485107422,-18.178647994995117,1.1598052978515625,-12.232772827148438,1.586024284362793,14.799819946289062,-67.3497085571289,-15.47724723815918,-21.288955688476562,-30.49017333984375,-6.256966590881348,-17.676490783691406,12.724258422851562,1.3057212829589844,-2.953399658203125,15.689674377441406,-6.538841724395752,17.808135986328125,-62.599308013916016,-13.059938430786133,-23.988922119140625,-36.00157928466797,-3.5431652069091797,-22.484390258789062,13.880805969238281,2.221038818359375,-3.3701019287109375,17.149810791015625,-13.769631385803223,19.199142456054688,-53.765724182128906,-12.93215560913086,-23.880905151367188,-31.893020629882812,0.486968994140625,-21.928619384765625,13.908180236816406,4.24432373046875,-3.3060302734375,16.670482635498047,-18.363460540771484,22.067291259765625,-46.165348052978516,-8.510154724121094,-18.36907958984375,-26.25136947631836,3.9370498657226562,-15.572860717773438,8.845405578613281,5.489498138427734,-3.0320205688476562,14.893863677978516
642624,1972-12-02 10:32:52,16.84252166748047,-7.695625305175781,-42.98081588745117,-11.120429992675781,-2.1106948852539062,-29.895122528076172,-18.232912063598633,1.0880584716796875,-12.158370971679688,1.274256706237793,14.54754638671875,-67.41126251220703,-15.635103225708008,-21.239395141601562,-30.444168090820312,-6.1438398361206055,-17.710731506347656,12.731765747070312,1.4288101196289062,-2.9499588012695312,15.679595947265625,-6.834295749664307,17.562362670898438,-62.63717269897461,-13.178057670593262,-23.936981201171875,-35.993106842041016,-3.4908809661865234,-22.532989501953125,13.815078735351562,2.283018112182617,-3.41046142578125,17.133682250976562,-14.028854370117188,18.9765625,-53.77772903442383,-13.038806915283203,-24.023239135742188,-31.74234390258789,0.584136962890625,-21.870223999023438,13.996109008789062,4.324989318847656,-3.2288894653320312,16.66486358642578,-18.59390640258789,21.866943359375,-46.16843795776367,-8.63116455078125,-18.486038208007812,-26.129478454589844,4.028232574462891,-15.530532836914062,8.878726959228516,5.589225769042969,-2.964324951171875,14.870380401611328
642627,1972-12-02 10:34:05,16.746471405029297,-7.869926452636719,-42.98678207397461,-11.186894416809082,-2.229736328125,-29.86166763305664,-18.25973892211914,1.0409469604492188,-12.122184753417969,1.1260175704956055,14.276397705078125,-67.47184753417969,-15.757975578308105,-21.119590759277344,-30.464157104492188,-6.096576690673828,-17.759124755859375,12.686996459960938,1.5070419311523438,-2.97686767578125,15.667182922363281,-6.971660614013672,17.3111572265625,-62.69194030761719,-13.244038581848145,-23.746200561523438,-36.095115661621094,-3.532316207885742,-22.62670135498047,13.650398254394531,2.288776397705078,-3.508636474609375,17.113082885742188,-14.1464262008667,18.76165771484375,-53.82231903076172,-13.113422393798828,-24.143890380859375,-31.619834899902344,0.6144027709960938,-21.814697265625,14.081214904785156,4.363224029541016,-3.1612167358398438,16.66787338256836,-18.6943359375,21.683029174804688,-46.214599609375,-8.721149444580078,-18.586898803710938,-26.027851104736328,4.071067810058594,-15.494735717773438,8.92160415649414,5.647834777832031,-2.903472900390625,14.860240936279297
642630,1972-12-02 10:35:16,16.71501922607422,-8.041336059570312,-42.96730041503906,-11.203566551208496,-2.3125152587890625,-29.84911346435547,-18.26339340209961,1.0291671752929688,-12.117683410644531,1.1190195083618164,14.047210693359375,-67.52005004882812,-15.842757225036621,-20.99236297607422,-30.508087158203125,-6.112010955810547,-17.794937133789062,12.629257202148438,1.5356779098510742,-3.0123291015625,15.657615661621094,-6.971717834472656,17.110946655273438,-62.74687576293945,-13.303290367126465,-23.657882690429688,-36.13130187988281,-3.6046085357666016,-22.67962646484375,13.54327392578125,2.2681732177734375,-3.5930404663085938,17.098312377929688,-14.140265464782715,18.60272216796875,-53.87907791137695,-13.166748046875,-24.229461669921875,-31.532093048095703,0.5873260498046875,-21.767333984375,14.155471801757812,4.366603851318359,-3.1104888916015625,16.676532745361328,-18.680173873901367,21.556930541992188,-46.279266357421875,-8.799114227294922,-18.658111572265625,-25.950542449951172,4.080543518066406,-15.470535278320312,8.959213256835938,5.681556701660156,-2.8609161376953125,14.855644226074219
642634,1972-12-02 10:36:51,16.724075317382812,-8.323387145996094,-42.91002655029297,-11.186861038208008,-2.4368972778320312,-29.845481872558594,-18.25035285949707,1.021697998046875,-12.137954711914062,1.217275619506836,13.682418823242188,-67.59321594238281,-15.912416458129883,-20.770050048828125,-30.62377166748047,-6.199524402618408,-17.858604431152344,12.496025085449219,1.5228605270385742,-3.0948028564453125,15.642776489257812,-6.867612838745117,16.7969970703125,-62.84310531616211,-13.354580879211426,-23.488906860351562,-36.222503662109375,-3.749500274658203,-22.753036499023438,13.379814147949219,2.214242935180664,-3.7047653198242188,17.081520080566406,-14.038537979125977,18.358673095703125,-53.98927307128906,-13.227176666259766,-24.323760986328125,-31.434036254882812,0.5053558349609375,-21.708648681640625,14.248466491699219,4.346431732177734,-3.048980712890625,16.693153381347656,-18.575225830078125,21.36773681640625,-46.40907669067383,-8.910015106201172,-18.740768432617188,-25.85296630859375,4.074283599853516,-15.443557739257812,9.008464813232422,5.717582702636719,-2.8066787719726562,14.852161407470703
642641,1972-12-02 10:39:41,16.66812515258789,-8.590377807617188,-42.87916564941406,-11.215147018432617,-2.551025390625,-29.825321197509766,-18.255474090576172,1.01824951171875,-12.130538940429688,1.2132854461669922,13.340240478515625,-67.66165161132812,-16.019573211669922,-20.19628143310547,-30.94994354248047,-6.321399688720703,-18.07042694091797,12.124931335449219,1.5132341384887695,-3.3496017456054688,15.591140747070312,-6.858499526977539,16.503921508789062,-62.92170715332031,-13.410868644714355,-22.78485107421875,-36.64891052246094,-4.0210723876953125,-23.08141326904297,12.722328186035156,2.093891143798828,-4.164939880371094,16.990455627441406,-14.018348693847656,18.132369995117188,-54.0709342956543,-13.356719970703125,-24.299942016601562,-31.39767074584961,0.4319343566894531,-21.700592041015625,14.263130187988281,4.3560333251953125,-3.0303802490234375,16.69403076171875,-18.540319442749023,21.193527221679688,-46.5028190612793,-9.112834930419922,-18.748077392578125,-25.77685546875,4.095458984375,-15.447174072265625,8.99264144897461,5.805206298828125,-2.7912826538085938,14.821044921875
642643,1972-12-02 10:41:19,16.687158584594727,-8.640068054199219,-42.86177444458008,-11.200748443603516,-2.577880859375,-29.828426361083984,-18.248920440673828,1.0119400024414062,-12.140922546386719,1.252410888671875,13.270294189453125,-67.67469024658203,-15.99162483215332,-19.965194702148438,-31.11389923095703,-6.383510112762451,-18.164688110351562,11.950286865234375,1.4781742095947266,-3.4646530151367188,15.569351196289062,-6.820729732513428,16.441574096679688,-62.942134857177734,-13.363910675048828,-22.473785400390625,-36.8575439453125,-4.1257781982421875,-23.216751098632812,12.439407348632812,2.0290451049804688,-4.349052429199219,16.9521484375,-13.984556198120117,18.081527709960938,-54.09670639038086,-13.354047775268555,-24.316650390625,-31.38587188720703,0.4193305969238281,-21.689659118652344,14.280143737792969,4.3496246337890625,-3.0160064697265625,16.69831085205078,-18.50936508178711,21.1519775390625,-46.534053802490234,-9.125862121582031,-18.760360717773438,-25.763301849365234,4.097263336181641,-15.443267822265625,8.998527526855469,5.811145782470703,-2.782196044921875,14.820426940917969
642646,1972-12-02 10:42:33,16.656986236572266,-8.670578002929688,-42.86735153198242,-11.217207908630371,-2.5691452026367188,-29.82299041748047,-18.252899169921875,1.0334930419921875,-12.133125305175781,1.2401666641235352,13.255081176757812,-67.67789459228516,-15.989082336425781,-19.56085968017578,-31.3709716796875,-6.4844770431518555,-18.310653686523438,11.669876098632812,1.4346733093261719,-3.6543807983398438,15.529991149902344,-6.826722145080566,16.437896728515625,-62.942440032958984,-13.346721649169922,-22.04754638671875,-37.12026596069336,-4.270074844360352,-23.382606506347656,12.074714660644531,1.953451156616211,-4.5892791748046875,16.897613525390625,-13.984506607055664,18.08905029296875,-54.09420394897461,-13.413625717163086,-24.474868774414062,-31.23712921142578,0.4790191650390625,-21.58575439453125,14.434867858886719,4.393451690673828,-2.90301513671875,16.70685577392578,-18.501955032348633,21.166961669921875,-46.530189514160156,-9.177127838134766,-18.757904052734375,-25.746871948242188,4.0951995849609375,-15.4454345703125,8.995731353759766,5.828418731689453,-2.7862548828125,14.812877655029297
642648,1972-12-02 10:43:21,16.673141479492188,-8.707054138183594,-42.85367202758789,-11.203585624694824,-2.5788650512695312,-29.82727813720703,-18.245922088623047,1.0389404296875,-12.143142700195312,1.2841863632202148,13.214691162109375,-67.68497467041016,-15.984954833984375,-19.427383422851562,-31.455902099609375,-6.525766372680664,-18.35785675048828,11.572303771972656,1.4135560989379883,-3.7206878662109375,15.51617431640625,-6.782956123352051,16.40582275390625,-62.955543518066406,-13.29990005493164,-21.848770141601562,-37.25436782836914,-4.36027717590332,-23.460845947265625,11.889274597167969,1.8938884735107422,-4.70965576171875,16.871246337890625,-13.944168090820312,18.067047119140625,-54.111968994140625,-13.418821334838867,-24.494491577148438,-31.21951675415039,0.465606689453125,-21.570602416992188,14.457939147949219,4.3883819580078125,-2.8875656127929688,16.710865020751953,-18.463403701782227,21.152481079101562,-46.552085876464844,-9.190719604492188,-18.793136596679688,-25.71631622314453,4.102016448974609,-15.434555053710938,9.01129150390625,5.837749481201172,-2.7757415771484375,14.811176300048828
642650,1972-12-02 10:44:09,16.692522048950195,-8.746833801269531,-42.8380241394043,-11.188390731811523,-2.5954437255859375,-29.831539154052734,-18.23871612548828,1.0388565063476562,-12.153976440429688,1.3279476165771484,13.164047241210938,-67.69400787353516,-15.991284370422363,-19.35509490966797,-31.497215270996094,-6.551312446594238,-18.38928985595703,11.507774353027344,1.3981542587280273,-3.7714920043945312,15.505302429199219,-6.7402448654174805,16.362594604492188,-62.97137451171875,-13.265169143676758,-21.726943969726562,-37.33790588378906,-4.423761367797852,-23.5123291015625,11.763465881347656,1.8496227264404297,-4.793922424316406,16.8524169921875,-13.905522346496582,18.033843994140625,-54.13298416137695,-13.415674209594727,-24.512161254882812,-31.206989288330078,0.4495811462402344,-21.55938720703125,14.475151062011719,4.379596710205078,-2.8763351440429688,16.715106964111328,-18.42742347717285,21.127059936523438,-46.577877044677734,-9.205596923828125,-18.8426513671875,-25.674739837646484,4.119415283203125,-15.419723510742188,9.028732299804688,5.854427337646484,-2.7624130249023438,14.807083129882812
642652,1972-12-02 10:44:58,16.693199157714844,-8.739410400390625,-42.83927536010742,-11.190712928771973,-2.6085433959960938,-29.829524993896484,-18.241336822509766,1.022552490234375,-12.15142822265625,1.3074102401733398,13.15570068359375,-67.6960220336914,-15.97873306274414,-19.154754638671875,-31.62579345703125,-6.570221900939941,-18.481307983398438,11.348480224609375,1.386610984802246,-3.8833541870117188,15.478706359863281,-6.762644290924072,16.34844970703125,-62.97264862060547,-13.230253219604492,-21.621810913085938,-37.41124725341797,-4.443296432495117,-23.56720733642578,11.645683288574219,1.826385498046875,-4.873451232910156,16.832130432128906,-13.927952766418457,18.015182495117188,-54.13343048095703,-13.402191162109375,-24.528076171875,-31.200279235839844,0.4706573486328125,-21.556655883789062,14.478553771972656,4.385623931884766,-2.8701248168945312,16.71459197998047,-18.451215744018555,21.105819702148438,-46.57808303833008,-9.215492248535156,-18.868301391601562,-25.65233612060547,4.156288146972656,-15.410842895507812,9.027000427246094,5.881092071533203,-2.7537155151367188,14.798133850097656
642654,1972-12-02 10:45:46,16.664419174194336,-8.706871032714844,-42.85710144042969,-11.214411735534668,-2.6100387573242188,-29.820499420166016,-18.253183364868164,1.0074539184570312,-12.134880065917969,1.2334136962890625,13.180557250976562,-67.69257354736328,-16.012371063232422,-19.072006225585938,-31.658775329589844,-6.543580055236816,-18.534629821777344,11.276687622070312,1.4071502685546875,-3.947723388671875,15.460556030273438,-6.835821628570557,16.363128662109375,-62.960933685302734,-13.220417022705078,-21.522354125976562,-37.47203063964844,-4.437307357788086,-23.613136291503906,11.554603576660156,1.8265914916992188,-4.930572509765625,16.815460205078125,-13.995043754577637,18.019210815429688,-54.114784240722656,-13.415960311889648,-24.792037963867188,-30.98499298095703,0.6147994995117188,-21.42029571533203,14.674209594726562,4.4521636962890625,-2.7290725708007812,16.720630645751953,-18.514867782592773,21.102432250976562,-46.55435562133789,-9.232662200927734,-18.872573852539062,-25.643009185791016,4.193244934082031,-15.409561157226562,9.012096405029297,5.910511016845703,-2.754913330078125,14.786186218261719
642657,1972-12-02 10:46:59,16.66203498840332,-8.705406188964844,-42.85832595825195,-11.21948528289795,-2.6316986083984375,-29.81668472290039,-18.257299423217773,0.9850311279296875,-12.130531311035156,1.202885627746582,13.157928466796875,-67.69752502441406,-16.044130325317383,-19.02606201171875,-31.67034912109375,-6.513876914978027,-18.575531005859375,11.226455688476562,1.42742919921875,-3.9968490600585938,15.446067810058594,-6.868291854858398,16.334121704101562,-62.96493148803711,-13.207941055297852,-21.538497924804688,-37.46714401245117,-4.413089752197266,-23.61730194091797,11.555374145507812,1.8345394134521484,-4.9282989501953125,16.815261840820312,-14.026880264282227,17.986221313476562,-54.11751937866211,-13.41352653503418,-24.975204467773438,-30.838603973388672,0.7148284912109375,-21.325164794921875,14.807632446289062,4.4953765869140625,-2.6276016235351562,16.725318908691406,-18.547821044921875,21.067611694335938,-46.55701446533203,-9.241004943847656,-18.909408569335938,-25.612857818603516,4.2346343994140625,-15.3975830078125,9.013202667236328,5.939746856689453,-2.7434005737304688,14.776607513427734
642660,1972-12-02 10:48:11,16.689117431640625,-8.732551574707031,-42.842262268066406,-11.203813552856445,-2.6717987060546875,-29.819011688232422,-18.252824783325195,0.95599365234375,-12.139579772949219,1.2206792831420898,13.091659545898438,-67.7100601196289,-16.05047035217285,-19.035812377929688,-31.66126251220703,-6.4870924949646,-18.59069061279297,11.216888427734375,1.440943717956543,-4.008506774902344,15.441787719726562,-6.85554313659668,16.26507568359375,-62.98419189453125,-13.172194480895996,-21.585372924804688,-37.4527587890625,-4.398418426513672,-23.613929748535156,11.567832946777344,1.8294181823730469,-4.918975830078125,16.81855010986328,-14.019585609436035,17.919296264648438,-54.141597747802734,-13.421855926513672,-24.697738647460938,-31.05765151977539,0.6495628356933594,-21.4835205078125,14.579986572265625,4.4759521484375,-2.7753829956054688,16.706645965576172,-18.546737670898438,21.0040283203125,-46.58616256713867,-9.230915069580078,-18.949066162109375,-25.587173461914062,4.261692047119141,-15.384796142578125,9.022296905517578,5.953556060791016,-2.7271347045898438,14.774063110351562
642663,1972-12-02 10:49:24,16.63578987121582,-8.643089294433594,-42.88113021850586,-11.247815132141113,-2.65625,-29.80382537841797,-18.274871826171875,0.934295654296875,-12.108070373535156,1.081491470336914,13.181503295898438,-67.69499206542969,-16.107553482055664,-18.98883056640625,-31.660484313964844,-6.411655902862549,-18.638381958007812,11.181068420410156,1.4965629577636719,-4.051383972167969,15.425300598144531,-6.993345737457275,16.332275390625,-62.9516487121582,-13.250455856323242,-21.963699340820312,-37.204376220703125,-4.188892364501953,-23.436996459960938,11.997444152832031,1.9751701354980469,-4.6022491455078125,16.891555786132812,-14.146065711975098,17.960403442382812,-54.09505844116211,-13.426610946655273,-24.705978393554688,-31.049057006835938,0.7313003540039062,-21.485984802246094,14.572471618652344,4.5168304443359375,-2.7692108154296875,16.696670532226562,-18.666967391967773,21.026107788085938,-46.52814483642578,-9.308460235595703,-18.8699951171875,-25.617496490478516,4.337207794189453,-15.41632080078125,8.932037353515625,6.030250549316406,-2.770904541015625,14.734760284423828
642666,1972-12-02 10:50:35,16.629940032958984,-8.590751647949219,-42.89391326904297,-11.257877349853516,-2.6609573364257812,-29.799606323242188,-18.282560348510742,0.9076995849609375,-12.098480224609375,1.023996353149414,13.218734741210938,-67.68862915039062,-16.1889591217041,-18.99713134765625,-31.61395263671875,-6.299229145050049,-18.652023315429688,11.222129821777344,1.5898513793945312,-4.030181884765625,15.421524047851562,-7.054134368896484,16.35247802734375,-62.93962097167969,-13.293902397155762,-22.344345092773438,-36.961421966552734,-3.984457015991211,-23.231170654296875,12.458541870117188,2.11444091796875,-4.237403869628906,16.96997833251953,-14.205355644226074,17.963119506835938,-54.07862091064453,-13.399675369262695,-24.71173095703125,-31.056106567382812,0.7795524597167969,-21.49139404296875,14.561996459960938,4.532142639160156,-2.7669830322265625,16.692886352539062,-18.727996826171875,21.0167236328125,-46.50785827636719,-9.343292236328125,-18.824737548828125,-25.638099670410156,4.392601013183594,-15.432113647460938,8.87752914428711,6.077983856201172,-2.789520263671875,14.711616516113281
642669,1972-12-02 10:51:46,16.63811683654785,-8.572296142578125,-42.89443588256836,-11.255807876586914,-2.67315673828125,-29.799297332763672,-18.283891677856445,0.8876953125,-12.097946166992188,1.0075492858886719,13.220169067382812,-67.68859100341797,-16.342037200927734,-19.096603393554688,-31.474960327148438,-6.128880023956299,-18.611915588378906,11.381927490234375,1.7449932098388672,-3.9221954345703125,15.432586669921875,-7.073876857757568,16.34503173828125,-62.939334869384766,-13.30791187286377,-22.592208862304688,-36.80537796020508,-3.8334217071533203,-23.05126953125,12.834419250488281,2.2244796752929688,-3.9058761596679688,17.03533172607422,-14.226605415344238,17.947784423828125,-54.078125,-13.378721237182617,-24.712265014648438,-31.06472396850586,0.8062477111816406,-21.4927978515625,14.558456420898438,4.539493560791016,-2.7591094970703125,16.692195892333984,-18.752376556396484,20.996383666992188,-46.50721740722656,-9.366008758544922,-18.799636840820312,-25.648231506347656,4.428092956542969,-15.440841674804688,8.844661712646484,6.108741760253906,-2.7983169555664062,14.697196960449219
642672,1972-12-02 10:52:57,16.65024185180664,-8.696884155273438,-42.86463928222656,-11.243406295776367,-2.7322235107421875,-29.798622131347656,-18.276464462280273,0.8802413940429688,-12.109710693359375,1.058976173400879,13.05389404296875,-67.7200698852539,-16.510061264038086,-19.265548706054688,-31.283729553222656,-5.993983268737793,-18.502426147460938,11.62957763671875,1.8950471878051758,-3.7317962646484375,15.462081909179688,-7.021162986755371,16.2000732421875,-62.982704162597656,-13.391956329345703,-23.003738403320312,-36.51887130737305,-3.6826095581054688,-22.756080627441406,13.3931884765625,2.3613033294677734,-3.4314346313476562,17.11888885498047,-14.176595687866211,17.833038330078125,-54.12919616699219,-13.409196853637695,-24.662994384765625,-31.090717315673828,0.7546615600585938,-21.503982543945312,14.544715881347656,4.528373718261719,-2.7567901611328125,16.695598602294922,-18.702651977539062,20.905548095703125,-46.5681266784668,-9.39394760131836,-18.84552001953125,-25.604297637939453,4.417476654052734,-15.426559448242188,8.874847412109375,6.112388610839844,-2.772491455078125,14.700576782226562
642676,1972-12-02 10:54:31,16.61928367614746,-8.800704956054688,-42.85546112060547,-11.261282920837402,-2.7793960571289062,-29.787506103515625,-18.281539916992188,0.8760833740234375,-12.10235595703125,1.0394201278686523,12.917465209960938,-67.74652099609375,-16.749290466308594,-19.473800659179688,-31.026573181152344,-5.779648780822754,-18.352142333984375,11.971176147460938,2.1239748001098633,-3.460662841796875,15.495353698730469,-7.034899711608887,16.081954956054688,-63.01143264770508,-13.487142562866211,-23.266204833984375,-36.3170051574707,-3.5568389892578125,-22.52086639404297,13.818023681640625,2.487344741821289,-3.0461273193359375,17.173843383789062,-14.18411636352539,17.740447998046875,-54.15764617919922,-13.485284805297852,-24.429214477539062,-31.242015838623047,0.6848487854003906,-21.589462280273438,14.421005249023438,4.530097961425781,-2.8072967529296875,16.686710357666016,-18.703022003173828,20.832992553710938,-46.6004753112793,-9.475822448730469,-18.865142822265625,-25.55965805053711,4.433498382568359,-15.423187255859375,8.872699737548828,6.152683258056641,-2.763275146484375,14.685497283935547
642679,1972-12-02 10:55:43,16.566295623779297,-8.7786865234375,-42.88048553466797,-11.296651840209961,-2.7542495727539062,-29.776447296142578,-18.295032501220703,0.8922119140625,-12.080764770507812,0.9672765731811523,12.963150024414062,-67.7388687133789,-16.89302635192871,-19.558303833007812,-30.89520263671875,-5.650026798248291,-18.281410217285156,12.140098571777344,2.25693416595459,-3.3304977416992188,15.505073547363281,-7.100236892700195,16.127883911132812,-62.99236297607422,-13.54571533203125,-23.278594970703125,-36.2872428894043,-3.5164432525634766,-22.47480010986328,13.903121948242188,2.5352859497070312,-2.9628219604492188,17.18140411376953,-14.238572120666504,17.783447265625,-54.12924575805664,-13.546548843383789,-24.297882080078125,-31.31783676147461,0.6778068542480469,-21.635719299316406,14.351860046386719,4.55072021484375,-2.8390426635742188,16.675724029541016,-18.747468948364258,20.872802734375,-46.564796447753906,-9.594898223876953,-18.766891479492188,-25.587539672851562,4.468132019042969,-15.458465576171875,8.793609619140625,6.217658996582031,-2.8037872314453125,14.650405883789062
642682,1972-12-02 10:56:55,16.469135284423828,-8.718917846679688,-42.93008041381836,-11.358367919921875,-2.6741104125976562,-29.760269165039062,-18.316612243652344,0.947967529296875,-12.04376220703125,0.8594608306884766,13.100204467773438,-67.71395111083984,-17.059768676757812,-19.56982421875,-30.79613494873047,-5.5571675300598145,-18.228012084960938,12.262626647949219,2.373438835144043,-3.2435150146484375,15.506126403808594,-7.193551063537598,16.268890380859375,-62.94550323486328,-13.656205177307129,-23.268814086914062,-36.25209426879883,-3.500326156616211,-22.441383361816406,13.961036682128906,2.5806121826171875,-2.9233627319335938,17.181419372558594,-14.312061309814453,17.918365478515625,-54.065330505371094,-13.650787353515625,-24.327835083007812,-31.249244689941406,0.7263679504394531,-21.58708953857422,14.422531127929688,4.604736328125,-2.7845001220703125,16.670093536376953,-18.801197052001953,20.999862670898438,-46.485931396484375,-9.750125885009766,-18.619781494140625,-25.63629150390625,4.481975555419922,-15.512924194335938,8.690017700195312,6.283214569091797,-2.8759307861328125,14.6083984375
642684,1972-12-02 10:57:44,16.45829963684082,-8.67425537109375,-42.94328308105469,-11.366999626159668,-2.6507186889648438,-29.75906753540039,-18.320777893066406,0.9528732299804688,-12.037033081054688,0.8334512710571289,13.162307739257812,-67.70223236083984,-17.110733032226562,-19.595291137695312,-30.75164031982422,-5.48975133895874,-18.20867919921875,12.321571350097656,2.4323577880859375,-3.1974716186523438,15.506553649902344,-7.219086647033691,16.323944091796875,-62.92831802368164,-13.655094146728516,-23.26751708984375,-36.25334930419922,-3.483530044555664,-22.437843322753906,13.970924377441406,2.5891361236572266,-2.9139862060546875,17.181724548339844,-14.33530330657959,17.962966918945312,-54.04437255859375,-13.654411315917969,-24.3499755859375,-31.230419158935547,0.7608261108398438,-21.56981658935547,14.446571350097656,4.621570587158203,-2.7623214721679688,16.66912841796875,-18.82303810119629,21.036041259765625,-46.460731506347656,-9.768169403076172,-18.59002685546875,-25.6510009765625,4.498558044433594,-15.522232055664062,8.66482162475586,6.299957275390625,-2.8896026611328125,14.59848403930664
642686,1972-12-02 10:58:34,16.48134994506836,-8.627677917480469,-42.943824768066406,-11.35532283782959,-2.647705078125,-29.7637939453125,-18.318645477294922,0.9364547729492188,-12.04156494140625,0.8353233337402344,13.203414916992188,-67.69420623779297,-17.131412506103516,-19.661331176757812,-30.697914123535156,-5.408990383148193,-18.189659118652344,12.385208129882812,2.484848976135254,-3.1482925415039062,15.508293151855469,-7.222596168518066,16.351882934570312,-62.92066192626953,-13.611921310424805,-23.315032958984375,-36.23904800415039,-3.448556900024414,-22.423049926757812,14.003303527832031,2.5922908782958984,-2.886322021484375,17.1859130859375,-14.343379974365234,17.97650146484375,-54.03772735595703,-13.615936279296875,-24.3621826171875,-31.237689971923828,0.7905502319335938,-21.57098388671875,14.443222045898438,4.623405456542969,-2.7602386474609375,16.668960571289062,-18.8371639251709,21.039321899414062,-46.453514099121094,-9.747478485107422,-18.590103149414062,-25.658817291259766,4.525791168212891,-15.519973754882812,8.654674530029297,6.309215545654297,-2.8880462646484375,14.594791412353516
642688,1972-12-02 10:59:23,16.46058464050293,-8.585350036621094,-42.96026611328125,-11.370718002319336,-2.6252593994140625,-29.759906768798828,-18.325477600097656,0.9413909912109375,-12.030784606933594,0.7945070266723633,13.262542724609375,-67.68313598632812,-17.18818473815918,-19.7020263671875,-30.640037536621094,-5.344327449798584,-18.17101287841797,12.440536499023438,2.5380239486694336,-3.1126556396484375,15.506874084472656,-7.261762619018555,16.4044189453125,-62.9024772644043,-13.626781463623047,-23.394027709960938,-36.1825065612793,-3.4098987579345703,-22.383285522460938,14.076225280761719,2.6139278411865234,-2.8373947143554688,17.19078826904297,-14.378201484680176,18.019149780273438,-54.01426315307617,-13.621389389038086,-24.47943115234375,-31.143505096435547,0.8532867431640625,-21.51136016845703,14.528358459472656,4.650737762451172,-2.7037734985351562,16.670604705810547,-18.8687801361084,21.074020385742188,-46.424949645996094,-9.769153594970703,-18.584991455078125,-25.654277801513672,4.5527496337890625,-15.51983642578125,8.640735626220703,6.333396911621094,-2.8914794921875,14.583637237548828
642691,1972-12-02 11:00:36,16.45867156982422,-8.5487060546875,-42.96830749511719,-11.373307228088379,-2.6085586547851562,-29.760387420654297,-18.327285766601562,0.9429092407226562,-12.027908325195312,0.7812862396240234,13.3106689453125,-67.67384338378906,-17.224985122680664,-19.76068115234375,-30.58155059814453,-5.285586357116699,-18.146316528320312,12.501533508300781,2.581120491027832,-3.0706939697265625,15.508125305175781,-7.275603771209717,16.44610595703125,-62.889991760253906,-13.611557006835938,-23.492660522460938,-36.124290466308594,-3.3762950897216797,-22.326126098632812,14.17474365234375,2.627044677734375,-2.7608489990234375,17.201248168945312,-14.391583442687988,18.051849365234375,-53.999778747558594,-13.617097854614258,-24.473541259765625,-31.150005340576172,0.8681411743164062,-21.516250610351562,14.520225524902344,4.656135559082031,-2.7093658447265625,16.668193817138672,-18.88241195678711,21.099624633789062,-46.40776824951172,-9.797138214111328,-18.635406494140625,-25.606990814208984,4.615467071533203,-15.498992919921875,8.644908905029297,6.381717681884766,-2.8733062744140625,14.566154479980469
642694,1972-12-02 11:01:51,16.47511100769043,-8.546600341796875,-42.962425231933594,-11.363344192504883,-2.6169281005859375,-29.76345443725586,-18.324119567871094,0.9336013793945312,-12.033462524414062,0.7956333160400391,13.303131103515625,-67.67515563964844,-17.27400016784668,-19.943161010742188,-30.435089111328125,-5.196264743804932,-18.075111389160156,12.641342163085938,2.6373815536499023,-2.9773941040039062,15.516853332519531,-7.264028549194336,16.435653686523438,-62.89406204223633,-13.57148551940918,-23.614593505859375,-36.05980682373047,-3.351827621459961,-22.254974365234375,14.291961669921875,2.630321502685547,-2.6635055541992188,17.216087341308594,-14.383338928222656,18.03936767578125,-54.00614929199219,-13.594785690307617,-24.589935302734375,-31.067989349365234,0.9108924865722656,-21.45886993408203,14.602264404296875,4.666294097900391,-2.652313232421875,16.67453384399414,-18.87773895263672,21.086090087890625,-46.41582489013672,-9.814762115478516,-18.780990600585938,-25.493629455566406,4.710044860839844,-15.445510864257812,8.689468383789062,6.446441650390625,-2.821441650390625,14.547779083251953
642697,1972-12-02 11:03:06,16.46826171875,-8.57171630859375,-42.960044860839844,-11.365499496459961,-2.6165008544921875,-29.762672424316406,-18.323429107666016,0.9445114135742188,-12.033660888671875,0.8057918548583984,13.283248901367188,-67.67894744873047,-17.363332748413086,-20.137771606445312,-30.255584716796875,-5.115052700042725,-17.9844970703125,12.802665710449219,2.6993837356567383,-2.8753509521484375,15.525436401367188,-7.25139856338501,16.423431396484375,-62.898712158203125,-13.590103149414062,-23.849822998046875,-35.897613525390625,-3.31512451171875,-22.120567321777344,14.507545471191406,2.6539230346679688,-2.508209228515625,17.23578643798828,-14.369421005249023,18.035232543945312,-54.01123046875,-13.614303588867188,-24.604019165039062,-31.04828643798828,0.8995018005371094,-21.448471069335938,14.618255615234375,4.666294097900391,-2.6456756591796875,16.675582885742188,-18.86140251159668,21.087646484375,-46.42176055908203,-9.858238220214844,-18.877426147460938,-25.405479431152344,4.765983581542969,-15.412094116210938,8.718280792236328,6.497062683105469,-2.7918548583984375,14.530956268310547
642700,1972-12-02 11:04:21,16.39170265197754,-8.652076721191406,-42.97321319580078,-11.39867877960205,-2.5388031005859375,-29.7567138671875,-18.324874877929688,1.0563201904296875,-12.02215576171875,0.8425617218017578,13.303466796875,-67.67452239990234,-17.550302505493164,-20.181976318359375,-30.117950439453125,-5.144088268280029,-17.894699096679688,12.916366577148438,2.7353601455688477,-2.8234329223632812,15.528663635253906,-7.193193435668945,16.489013671875,-62.88823318481445,-13.775700569152832,-24.130889892578125,-35.63810729980469,-3.3810062408447266,-21.980751037597656,14.703521728515625,2.6566734313964844,-2.4482269287109375,17.243988037109375,-14.296257972717285,18.139175415039062,-53.99583053588867,-13.755901336669922,-24.784439086914062,-30.841686248779297,0.8615608215332031,-21.323287963867188,14.802505493164062,4.682689666748047,-2.55731201171875,16.684772491455078,-18.76567840576172,21.215042114257812,-46.402503967285156,-10.003799438476562,-18.818084716796875,-25.392593383789062,4.701057434082031,-15.439254760742188,8.705448150634766,6.508918762207031,-2.831329345703125,14.518009185791016
642703,1972-12-02 11:05:35,16.359113693237305,-8.649513244628906,-42.986148834228516,-11.410845756530762,-2.4691848754882812,-29.757904052734375,-18.323516845703125,1.1253585815429688,-12.017959594726562,0.8716793060302734,13.381851196289062,-67.65869903564453,-17.679061889648438,-20.322036743164062,-29.947967529296875,-5.117266654968262,-17.815383911132812,13.036117553710938,2.768660545349121,-2.7777175903320312,15.531005859375,-7.153790473937988,16.58563232421875,-62.86731719970703,-13.86368179321289,-24.202880859375,-35.55506896972656,-3.4363574981689453,-21.960609436035156,14.720794677734375,2.6398239135742188,-2.4926605224609375,17.240203857421875,-14.250514030456543,18.246337890625,-53.97181701660156,-13.826364517211914,-24.808013916015625,-30.791183471679688,0.8252792358398438,-21.299453735351562,14.838851928710938,4.682933807373047,-2.5587387084960938,16.68448257446289,-18.709550857543945,21.326431274414062,-46.37409973144531,-10.096302032470703,-18.78460693359375,-25.380779266357422,4.6964569091796875,-15.451751708984375,8.685749053955078,6.538784027099609,-2.854766845703125,14.499984741210938
642706,1972-12-02 11:06:48,16.318492889404297,-8.613258361816406,-43.00886535644531,-11.424195289611816,-2.3499526977539062,-29.762435913085938,-18.319997787475586,1.2303009033203125,-12.013038635253906,0.9197893142700195,13.541656494140625,-67.62625885009766,-17.786291122436523,-20.2769775390625,-29.915016174316406,-5.168728351593018,-17.797607421875,13.040084838867188,2.7618188858032227,-2.8117752075195312,15.526092529296875,-7.091820240020752,16.767059326171875,-62.826202392578125,-13.991501808166504,-24.247787475585938,-35.474308013916016,-3.5046329498291016,-21.942581176757812,14.731552124023438,2.6267929077148438,-2.5522079467773438,17.233482360839844,-14.180642127990723,18.435638427734375,-53.92586898803711,-13.92671012878418,-24.886550903320312,-30.68238067626953,0.8080902099609375,-21.23627471923828,14.930076599121094,4.697917938232422,-2.53045654296875,16.684585571289062,-18.626062393188477,21.515792846679688,-46.32020568847656,-10.208988189697266,-18.6978759765625,-25.399730682373047,4.668689727783203,-15.483688354492188,8.643733978271484,6.561470031738281,-2.906524658203125,14.479442596435547
642709,1972-12-02 11:08:03,16.317567825317383,-8.61669921875,-43.00852584838867,-11.411258697509766,-2.2679443359375,-29.773757934570312,-18.306583404541016,1.3143386840820312,-12.024589538574219,1.019144058227539,13.627960205078125,-67.60749053955078,-17.85405731201172,-20.287139892578125,-29.867721557617188,-5.229463577270508,-17.765121459960938,13.060150146484375,2.734600067138672,-2.8306045532226562,15.527488708496094,-6.983906269073486,16.876739501953125,-62.808921813964844,-14.096786499023438,-24.3865966796875,-35.33721160888672,-3.5477828979492188,-21.875816345214844,14.820266723632812,2.6203269958496094,-2.5463638305664062,17.235328674316406,-14.072932243347168,18.559829711914062,-53.91148376464844,-13.99764633178711,-24.815689086914062,-30.707489013671875,0.7251167297363281,-21.251251220703125,14.913017272949219,4.6787872314453125,-2.5662765502929688,16.684486389160156,-18.51239013671875,21.646377563476562,-46.304935455322266,-10.304237365722656,-18.687881469726562,-25.368602752685547,4.6718292236328125,-15.487594604492188,8.635051727294922,6.596839904785156,-2.923980712890625,14.4598388671875
642711,1972-12-02 11:08:50,16.253995895385742,-8.592277526855469,-43.037471771240234,-11.446823120117188,-2.1996383666992188,-29.76523208618164,-18.31585121154785,1.3729171752929688,-12.00390625,0.9808425903320312,13.722030639648438,-67.58903503417969,-17.969398498535156,-20.362396240234375,-29.747085571289062,-5.210573196411133,-17.720985412597656,13.12750244140625,2.761960029602051,-2.8196563720703125,15.524642944335938,-7.009914875030518,16.9820556640625,-62.777626037597656,-14.209192276000977,-24.507476806640625,-35.20832443237305,-3.5471439361572266,-21.82061004638672,14.901580810546875,2.6397533416748047,-2.5346221923828125,17.234092712402344,-14.086003303527832,18.66851806640625,-53.87053298950195,-14.085216522216797,-24.760040283203125,-30.712387084960938,0.6970596313476562,-21.268043518066406,14.890388488769531,4.691242218017578,-2.5990066528320312,16.675926208496094,-18.51067352294922,21.754241943359375,-46.255043029785156,-10.395942687988281,-18.656356811523438,-25.354389190673828,4.678825378417969,-15.499252319335938,8.610309600830078,6.633762359619141,-2.9479827880859375,14.438060760498047
642713,1972-12-02 11:09:39,16.183429718017578,-8.565032958984375,-43.06948471069336,-11.487176895141602,-2.1300735473632812,-29.754741668701172,-18.327024459838867,1.431610107421875,-11.97998046875,0.9310111999511719,13.819610595703125,-67.56985473632812,-18.095237731933594,-20.47698974609375,-29.59174346923828,-5.175274848937988,-17.65955352783203,13.223884582519531,2.7990493774414062,-2.7898178100585938,15.523391723632812,-7.046689510345459,17.09039306640625,-62.744102478027344,-14.325027465820312,-24.606903076171875,-35.09184646606445,-3.5337486267089844,-21.752426147460938,15.004112243652344,2.6741294860839844,-2.4883499145507812,17.23554229736328,-14.108366966247559,18.779510498046875,-53.82608413696289,-14.176288604736328,-24.749908447265625,-30.678627014160156,0.6875724792480469,-21.263389587402344,14.897476196289062,4.7118377685546875,-2.614013671875,16.667766571044922,-18.517044067382812,21.863876342773438,-46.200767517089844,-10.490219116210938,-18.62335205078125,-25.33981704711914,4.687206268310547,-15.510543823242188,8.585365295410156,6.672210693359375,-2.970703125,14.415668487548828
642715,1972-12-02 11:10:28,16.080047607421875,-8.510841369628906,-43.118919372558594,-11.546571731567383,-2.0216598510742188,-29.739315032958984,-18.34366798400879,1.5181655883789062,-11.943794250488281,0.8544845581054688,13.981033325195312,-67.53765106201172,-18.25177764892578,-20.51605224609375,-29.468284606933594,-5.149701118469238,-17.611572265625,13.297660827636719,2.846381187438965,-2.7753219604492188,15.517379760742188,-7.104343414306641,17.265029907226562,-62.689762115478516,-14.488224029541016,-24.704147338867188,-34.95625686645508,-3.5401554107666016,-21.70854949951172,15.066024780273438,2.7005081176757812,-2.5073165893554688,17.228675842285156,-14.144853591918945,18.954559326171875,-53.755104064941406,-14.306337356567383,-24.686248779296875,-30.669544219970703,0.6644821166992188,-21.276214599609375,14.880203247070312,4.7385711669921875,-2.6488571166992188,16.654685974121094,-18.53030014038086,22.034149169921875,-46.114479064941406,-10.61117172241211,-18.548736572265625,-25.344196319580078,4.678794860839844,-15.537490844726562,8.541122436523438,6.709903717041016,-3.0169830322265625,14.388534545898438
642721,1972-12-02 11:12:54,16.088706970214844,-8.488555908203125,-43.120086669921875,-11.499671936035156,-1.7729644775390625,-29.773330688476562,-18.300050735473633,1.759307861328125,-11.977569580078125,1.1509227752685547,14.2652587890625,-67.4737777709961,-18.434520721435547,-20.433425903320312,-29.411880493164062,-5.324862480163574,-17.55457305908203,13.304023742675781,2.775114059448242,-2.8511810302734375,15.51654052734375,-6.784549236297607,17.610092163085938,-62.629180908203125,-14.604398727416992,-24.373367309570312,-35.13964080810547,-3.889272689819336,-21.81269073486328,14.827621459960938,2.552785873413086,-2.75347900390625,17.213607788085938,-13.827410697937012,19.333251953125,-53.70280456542969,-14.485685348510742,-24.723480224609375,-30.555152893066406,0.5144767761230469,-21.201019287109375,14.993034362792969,4.70782470703125,-2.652801513671875,16.662776947021484,-18.19810676574707,22.424667358398438,-46.058494567871094,-10.783073425292969,-18.341766357421875,-25.422149658203125,4.538932800292969,-15.614990234375,8.474990844726562,6.684059143066406,-3.13983154296875,14.374279022216797
642724,1972-12-02 11:14:04,16.236766815185547,-8.627182006835938,-43.03699493408203,-11.396134376525879,-1.86248779296875,-29.807655334472656,-18.257606506347656,1.7270431518554688,-12.046836853027344,1.3906259536743164,14.054824829101562,-67.51342010498047,-18.325895309448242,-20.509933471679688,-29.42652130126953,-5.404489994049072,-17.532470703125,13.301063537597656,2.6914072036743164,-2.8452835083007812,15.532356262207031,-6.560758113861084,17.416885375976562,-62.707000732421875,-14.417271614074707,-24.319671630859375,-35.253936767578125,-4.065155029296875,-21.89678192138672,14.655502319335938,2.3979854583740234,-2.8945159912109375,17.212730407714844,-13.634256362915039,19.169769287109375,-53.81068420410156,-14.388015747070312,-24.827041625976562,-30.51729965209961,0.4606666564941406,-21.151321411132812,15.064826965332031,4.65086555480957,-2.6024169921875,16.686702728271484,-18.030738830566406,22.286163330078125,-46.191349029541016,-10.720722198486328,-18.422805786132812,-25.389896392822266,4.525047302246094,-15.587661743164062,8.532539367675781,6.653076171875,-3.09490966796875,14.398372650146484
642726,1972-12-02 11:14:49,16.292491912841797,-8.656448364257812,-43.01005172729492,-11.356321334838867,-1.8761978149414062,-29.821990966796875,-18.24078369140625,1.7254562377929688,-12.072517395019531,1.4860811233520508,14.015869140625,-67.51947784423828,-18.274322509765625,-20.491928100585938,-29.471092224121094,-5.465260982513428,-17.553573608398438,13.248298645019531,2.6342554092407227,-2.8904037475585938,15.533828735351562,-6.470824241638184,17.382980346679688,-62.72574996948242,-14.33392333984375,-24.213699340820312,-35.36069107055664,-4.173234939575195,-21.989768981933594,14.48492431640625,2.3077449798583984,-3.0393447875976562,17.200103759765625,-13.55584716796875,19.14300537109375,-53.84001922607422,-14.35432243347168,-24.840576171875,-30.52215576171875,0.43459320068359375,-21.142799377441406,15.077545166015625,4.627843856811523,-2.5942611694335938,16.694366455078125,-17.96173095703125,22.2650146484375,-46.22842025756836,-10.701187133789062,-18.432540893554688,-25.391056060791016,4.516029357910156,-15.584686279296875,8.542747497558594,6.640552520751953,-3.0894927978515625,14.405315399169922
642729,1972-12-02 11:15:58,16.326839447021484,-8.669486999511719,-42.99439239501953,-11.334566116333008,-1.8966064453125,-29.828975677490234,-18.233217239379883,1.7103500366210938,-12.086090087890625,1.5261707305908203,13.983306884765625,-67.52533721923828,-18.217140197753906,-20.480117797851562,-29.514671325683594,-5.523021697998047,-17.594009399414062,13.170478820800781,2.569049835205078,-2.9635009765625,15.530975341796875,-6.435764312744141,17.348800659179688,-62.73882293701172,-14.251752853393555,-24.1220703125,-35.4564094543457,-4.260503768920898,-22.092926025390625,14.301361083984375,2.223003387451172,-3.2007522583007812,17.181976318359375,-13.527868270874023,19.109634399414062,-53.85890579223633,-14.321243286132812,-24.863876342773438,-30.518726348876953,0.4357109069824219,-21.134658813476562,15.08892822265625,4.6181640625,-2.5832672119140625,16.698753356933594,-17.94062614440918,22.233184814453125,-46.251922607421875,-10.692680358886719,-18.437301635742188,-25.391185760498047,4.526508331298828,-15.5833740234375,8.539615631103516,6.644405364990234,-3.0854644775390625,14.404403686523438
642732,1972-12-02 11:17:08,16.30341339111328,-8.680213928222656,-43.00111770629883,-11.36047649383545,-1.9575958251953125,-29.815174102783203,-18.249526977539062,1.653411865234375,-12.069389343261719,1.424234390258789,13.909408569335938,-67.5428237915039,-18.19170379638672,-20.56317138671875,-29.472579956054688,-5.498069763183594,-17.61493682861328,13.152938842773438,2.556643486022949,-2.9935836791992188,15.527252197265625,-6.540745735168457,17.261566162109375,-62.75202560424805,-14.192663192749023,-24.157562255859375,-35.45594787597656,-4.25560188293457,-22.146377563476562,14.219940185546875,2.191225051879883,-3.2842788696289062,17.1702880859375,-13.627928733825684,19.015838623046875,-53.866878509521484,-14.29747200012207,-24.950973510742188,-30.458736419677734,0.5112380981445312,-21.107696533203125,15.124259948730469,4.646633148193359,-2.5460891723632812,16.69656753540039,-18.040292739868164,22.137680053710938,-46.258968353271484,-10.696529388427734,-18.470138549804688,-25.365699768066406,4.579364776611328,-15.570510864257812,8.53488540649414,6.678993225097656,-3.0615081787109375,14.393512725830078
642735,1972-12-02 11:18:20,16.245532989501953,-8.867042541503906,-42.984901428222656,-11.417006492614746,-2.1798248291015625,-29.77813720703125,-18.282289505004883,1.5076217651367188,-12.038864135742188,1.2207012176513672,13.516448974609375,-67.62654113769531,-18.155208587646484,-20.820053100585938,-29.31432342529297,-5.434117317199707,-17.580848693847656,13.224922180175781,2.5610456466674805,-2.9445419311523438,15.535896301269531,-6.7475385665893555,16.864242553710938,-62.83810806274414,-14.138774871826172,-24.412353515625,-35.302635192871094,-4.183795928955078,-22.123199462890625,14.277198791503906,2.1938323974609375,-3.2609405517578125,17.174400329589844,-13.822561264038086,18.641921997070312,-53.94792175292969,-14.261846542358398,-25.343902587890625,-30.149444580078125,0.6842765808105469,-20.943687438964844,15.343818664550781,4.712701797485352,-2.373809814453125,16.70343017578125,-18.231168746948242,21.790542602539062,-46.34886932373047,-10.685951232910156,-18.659164428710938,-25.23145294189453,4.668239593505859,-15.502304077148438,8.610572814941406,6.730510711669922,-2.9505615234375,14.392684936523438
642739,1972-12-02 11:19:54,16.263835906982422,-8.895484924316406,-42.972103118896484,-11.42367172241211,-2.3118362426757812,-29.765625,-18.29664421081543,1.3865509033203125,-12.031600952148438,1.1137714385986328,13.350784301757812,-67.66128540039062,-18.049684524536133,-20.972808837890625,-29.27056121826172,-5.386873245239258,-17.609222412109375,13.206497192382812,2.5345921516418457,-2.9652328491210938,15.536300659179688,-6.868119239807129,16.671218872070312,-62.87654113769531,-14.025740623474121,-24.633712768554688,-35.19377899169922,-4.087528228759766,-22.115036010742188,14.317680358886719,2.190593719482422,-3.251556396484375,17.176597595214844,-13.946602821350098,18.436386108398438,-53.98661804199219,-14.152225494384766,-25.578155517578125,-30.0029296875,0.8220939636230469,-20.865928649902344,15.442680358886719,4.741554260253906,-2.2882461547851562,16.707202911376953,-18.36625862121582,21.5823974609375,-46.392906188964844,-10.613441467285156,-18.796142578125,-25.1602783203125,4.761512756347656,-15.4542236328125,8.645851135253906,6.7637786865234375,-2.8850250244140625,14.390373229980469
642742,1972-12-02 11:21:03,16.391056060791016,-8.8846435546875,-42.92598342895508,-11.33967399597168,-2.3292312622070312,-29.796367645263672,-18.265178680419922,1.3644943237304688,-12.081825256347656,1.2841768264770508,13.3409423828125,-67.66020202636719,-17.94029426574707,-21.007369995117188,-29.313003540039062,-5.417822360992432,-17.6197509765625,13.179771423339844,2.478181838989258,-2.98028564453125,15.542518615722656,-6.714409828186035,16.653396606445312,-62.89786148071289,-13.910903930664062,-24.75201416015625,-35.156341552734375,-4.072622299194336,-22.05986785888672,14.406761169433594,2.1662654876708984,-3.1742172241210938,17.194137573242188,-13.819113731384277,18.412246704101562,-54.027626037597656,-14.04275131225586,-25.601287841796875,-30.034622192382812,0.8016014099121094,-20.865951538085938,15.443721771240234,4.697465896606445,-2.2877578735351562,16.71971893310547,-18.262971878051758,21.554641723632812,-46.44654846191406,-10.530071258544922,-18.824600219726562,-25.174041748046875,4.763519287109375,-15.447113037109375,8.65743637084961,6.736392974853516,-2.8814239501953125,14.403938293457031
642745,1972-12-02 11:22:10,16.425384521484375,-8.895706176757812,-42.91056823730469,-11.316717147827148,-2.3421173095703125,-29.80408477783203,-18.25639533996582,1.3561477661132812,-12.096038818359375,1.3320322036743164,13.317886352539062,-67.66382598876953,-17.91359519958496,-21.030914306640625,-29.312454223632812,-5.42210578918457,-17.612510681152344,13.187667846679688,2.467473030090332,-2.9705276489257812,15.546096801757812,-6.67089319229126,16.630157470703125,-62.90864181518555,-13.880378723144531,-24.83746337890625,-35.108116149902344,-4.052597999572754,-22.00141143798828,14.501472473144531,2.1731643676757812,-3.0904922485351562,17.208515167236328,-13.782672882080078,18.39044189453125,-54.04436111450195,-14.013786315917969,-25.625808715820312,-30.027236938476562,0.795257568359375,-20.85993194580078,15.452190399169922,4.684614181518555,-2.2853775024414062,16.723651885986328,-18.232952117919922,21.534439086914062,-46.46772003173828,-10.514022827148438,-18.844223022460938,-25.16606903076172,4.768886566162109,-15.44281005859375,8.662174224853516,6.73486328125,-2.8793487548828125,14.40506362915039
642748,1972-12-02 11:23:18,16.43653106689453,-8.887847900390625,-42.907928466796875,-11.311359405517578,-2.3508148193359375,-29.805438995361328,-18.255653381347656,1.3441085815429688,-12.098495483398438,1.3325881958007812,13.314956665039062,-67.66438293457031,-17.90176773071289,-21.063201904296875,-29.296478271484375,-5.402122497558594,-17.603431701660156,13.207992553710938,2.4756040573120117,-2.95196533203125,15.548332214355469,-6.673018932342529,16.62249755859375,-62.910430908203125,-13.862058639526367,-25.003387451171875,-34.997398376464844,-3.973568916320801,-21.862159729003906,14.732109069824219,2.2259597778320312,-2.8793487548828125,17.238361358642578,-13.787050247192383,18.378860473632812,-54.047183990478516,-13.992143630981445,-25.636764526367188,-30.027973175048828,0.7998580932617188,-20.866355895996094,15.443279266357422,4.679466247558594,-2.2957992553710938,16.723663330078125,-18.240276336669922,21.5205078125,-46.47129440307617,-10.505363464355469,-18.868698120117188,-25.151348114013672,4.788932800292969,-15.436294555664062,8.662704467773438,6.7451171875,-2.87628173828125,14.40087890625
642751,1972-12-02 11:24:27,16.45895767211914,-8.854164123535156,-42.90629577636719,-11.301193237304688,-2.3597259521484375,-29.808589935302734,-18.254779815673828,1.3210601806640625,-12.102348327636719,1.3291254043579102,13.333099365234375,-67.66088104248047,-17.87555694580078,-21.113250732421875,-29.276451110839844,-5.35921049118042,-17.59349822998047,13.238655090332031,2.493330955505371,-2.922027587890625,15.551155090332031,-6.682262420654297,16.62811279296875,-62.90796661376953,-13.813302993774414,-25.02777099609375,-34.99924850463867,-3.900872230529785,-21.786277770996094,14.863365173339844,2.273426055908203,-2.7192840576171875,17.258148193359375,-13.800808906555176,18.372222900390625,-54.04592514038086,-13.947547912597656,-25.615554809570312,-30.06679916381836,0.8066787719726562,-20.895599365234375,15.403327941894531,4.66960334777832,-2.3243255615234375,16.72248077392578,-18.260231018066406,21.505722045898438,-46.470306396484375,-10.47817611694336,-18.875900268554688,-25.157272338867188,4.811012268066406,-15.434585571289062,8.653507232666016,6.749958038330078,-2.8769378662109375,14.398483276367188
642754,1972-12-02 11:25:39,16.639238357543945,-8.652755737304688,-42.87784194946289,-11.207069396972656,-2.411773681640625,-29.839942932128906,-18.23527717590332,1.1845245361328125,-12.145805358886719,1.3839607238769531,13.441925048828125,-67.63824462890625,-17.623998641967773,-21.21868896484375,-29.352645874023438,-5.240638732910156,-17.654762268066406,13.20452880859375,2.4829516410827637,-2.9170455932617188,15.553749084472656,-6.666693687438965,16.662338256835938,-62.900569915771484,-13.510198593139648,-25.048080444335938,-35.102874755859375,-3.768587112426758,-21.868759155273438,14.776123046875,2.2437171936035156,-2.7611083984375,17.255393981933594,-13.821619033813477,18.333465576171875,-54.053768157958984,-13.669893264770508,-25.417510986328125,-30.360950469970703,0.8532524108886719,-21.059066772460938,15.176532745361328,4.616422653198242,-2.4432144165039062,16.720298767089844,-18.326065063476562,21.418212890625,-46.48479461669922,-10.286239624023438,-18.885223388671875,-25.22937774658203,4.919624328613281,-15.427459716796875,8.605026245117188,6.751415252685547,-2.871673583984375,14.398849487304688
642758,1972-12-02 11:27:15,16.67546844482422,-8.505233764648438,-42.893280029296875,-11.217292785644531,-2.5404586791992188,-29.825416564941406,-18.260700225830078,0.9933242797851562,-12.124740600585938,1.1675605773925781,13.421005249023438,-67.646484375,-17.40802574157715,-21.294769287109375,-29.426334381103516,-5.0963640213012695,-17.752166748046875,13.13018798828125,2.498344898223877,-2.9416732788085938,15.546649932861328,-6.909745216369629,16.561981201171875,-62.900840759277344,-13.247209548950195,-24.721099853515625,-35.43335723876953,-3.675299644470215,-22.178665161132812,14.33099365234375,2.201356887817383,-3.0698928833007812,17.2086181640625,-14.070793151855469,18.1649169921875,-54.04638671875,-13.482719421386719,-25.185958862304688,-30.636367797851562,0.968048095703125,-21.25385284423828,14.895496368408203,4.627176284790039,-2.5855560302734375,16.695903778076172,-18.597352981567383,21.207656860351562,-46.473594665527344,-10.158191680908203,-18.914947509765625,-25.25897979736328,5.061061859130859,-15.41986083984375,8.536338806152344,6.799533843994141,-2.865936279296875,14.377338409423828
642763,1972-12-02 11:29:16,16.60641860961914,-8.610122680664062,-42.89914321899414,-11.279621124267578,-2.7119522094726562,-29.786788940429688,-18.294635772705078,0.8644256591796875,-12.083381652832031,0.9428482055664062,13.1466064453125,-67.70384216308594,-17.265846252441406,-21.05267333984375,-29.683185577392578,-5.178226470947266,-17.921218872070312,12.865852355957031,2.4234609603881836,-3.10284423828125,15.527153015136719,-7.136260986328125,16.272247314453125,-62.95115280151367,-13.174161911010742,-24.215911865234375,-35.80746841430664,-3.726856231689453,-22.503433227539062,13.801612854003906,2.153566360473633,-3.4282913208007812,17.14688491821289,-14.2823486328125,17.880767822265625,-54.08563232421875,-13.498579025268555,-24.759658813476562,-30.974990844726562,0.9124412536621094,-21.504981994628906,14.534198760986328,4.625278472900391,-2.7885894775390625,16.66372299194336,-18.803367614746094,20.9351806640625,-46.51422119140625,-10.226306915283203,-18.6708984375,-25.412612915039062,5.008983612060547,-15.530471801757812,8.364799499511719,6.801113128662109,-2.979156494140625,14.353557586669922
642766,1972-12-02 11:30:27,16.603729248046875,-8.698860168457031,-42.88227844238281,-11.276084899902344,-2.7360687255859375,-29.78592300415039,-18.28995132446289,0.8772048950195312,-12.089546203613281,0.9826116561889648,13.048049926757812,-67.72234344482422,-17.206344604492188,-20.777999877929688,-29.910400390625,-5.337038993835449,-18.02178192138672,12.658828735351562,2.3294692039489746,-3.2374343872070312,15.514060974121094,-7.092618465423584,16.193756103515625,-62.976318359375,-13.202445983886719,-24.031387329101562,-35.92119216918945,-3.817678451538086,-22.593833923339844,13.627998352050781,2.1151790618896484,-3.5572280883789062,17.125389099121094,-14.238424301147461,17.826736450195312,-54.11504364013672,-13.546834945678711,-24.642593383789062,-31.047203063964844,0.8375968933105469,-21.553916931152344,14.46603775024414,4.608621597290039,-2.8339614868164062,16.66067886352539,-18.756441116333008,20.8994140625,-46.54923629760742,-10.322383880615234,-18.330978393554688,-25.620380401611328,4.857646942138672,-15.66510009765625,8.20145034790039,6.746784210205078,-3.1256866455078125,14.348030090332031
642767,1972-12-02 11:31:38,16.531658172607422,-8.796302795410156,-42.89024353027344,-11.31648063659668,-2.7377853393554688,-29.77043914794922,-18.300535202026367,0.9161453247070312,-12.070632934570312,0.9463462829589844,12.967041015625,-67.73841857910156,-17.262615203857422,-20.674667358398438,-29.949565887451172,-5.422245979309082,-18.030845642089844,12.609611511230469,2.302544116973877,-3.2762985229492188,15.509918212890625,-7.114566802978516,16.141555786132812,-62.98724365234375,-13.290769577026367,-23.759689331054688,-36.06905746459961,-3.9312877655029297,-22.691978454589844,13.43121337890625,2.0902957916259766,-3.6905975341796875,17.100204467773438,-14.245939254760742,17.805419921875,-54.120079040527344,-13.653255462646484,-24.632095336914062,-31.008892059326172,0.791168212890625,-21.540725708007812,14.488285064697266,4.619510650634766,-2.8268051147460938,16.65888214111328,-18.74678611755371,20.899871826171875,-46.55291748046875,-10.422660827636719,-18.201446533203125,-25.672077178955078,4.773204803466797,-15.717926025390625,8.149784088134766,6.732398986816406,-3.183349609375,14.342109680175781
